Nama,Kategori,Kota_Kabupaten,Rating,Latitude,Longitude,Provinsi
Taman Mumbul Sangeh,Alam,Kabupaten Badung,4.6,-8.483959,115.2122881,Bali
Sangeh Monkey Forest,Alam,Kabupaten Badung,4.6,-8.4817743,115.2067391,Bali
Objek Wisata Sangeh,Umum,Kabupaten Badung,4.6,-8.4815663,115.2065458,Bali
Satria Gatotkaca Park,Umum,Kabupaten Badung,4.6,-8.7443882,115.1788673,Bali
Desa Wisata Penarungan,Umum,Kabupaten Badung,5.0,-8.5396366,115.198893,Bali
Waterblow,Alam,Kabupaten Badung,4.4,-8.8038567,115.2398639,Bali
Pantai Mengening,Rekreasi,Kabupaten Badung,4.7,-8.6395322,115.1007188,Bali
Kawasan Pariwisata Nusa Dua,Umum,Kabupaten Badung,4.6,-8.8034419,115.2282787,Bali
Gunung Payung Cultural Park,Budaya,Kabupaten Badung,4.6,-8.8374241,115.2015441,Bali
Taman Anyar - Traditional Balinese House,Budaya,Kabupaten Badung,4.7,-8.5477665,115.2030592,Bali
Garuda Wisnu Kencana Cultural Park,Budaya,Kabupaten Badung,4.5,-8.8104228,115.1675986,Bali
Desa Wisata Munggu,Umum,Kabupaten Badung,4.4,-8.6182312,115.1283214,Bali
Taman Ayun Temple,Budaya,Kabupaten Badung,4.6,-8.5416323,115.1726013,Bali
Pantai Double - Six,Rekreasi,Kabupaten Badung,4.7,-8.6975406,115.1621384,Bali
Tanah Wuk,Umum,Kabupaten Badung,4.1,-8.4745676,115.2057216,Bali
Taman Sari Wisata Bahari,Alam,Kabupaten Badung,4.2,-8.754191,115.221179,Bali
Monumen Taman Mumbul,Alam,Kabupaten Badung,4.0,-8.7856993,115.194214,Bali
Wana Segara Kertih,Umum,Kabupaten Badung,4.8,-8.767093,115.1826375,Bali
Pura Geger Beach,Budaya,Kabupaten Badung,4.7,-8.819863,115.223829,Bali
DESA WISATA BONGKASA PERTIWI,Umum,Kabupaten Badung,4.7,-8.469642,115.2387016,Bali
Gunung Payung Beach,Rekreasi,Kabupaten Badung,4.8,-8.8407765,115.1998363,Bali
Deluang Sari Turtle Conservation Center,Alam,Kabupaten Badung,4.0,-8.762476,115.2165938,Bali
Rama Shinta Garden,Umum,Kabupaten Badung,4.5,-8.5615738,115.1712283,Bali
Alam Tirta Outbound,Budaya,Kabupaten Badung,4.3,-8.458932,115.221619,Bali
Bali Camel Adventure,Umum,Kabupaten Badung,4.6,-8.752645,115.1637081,Bali
Marigold (Gumitir Garden),Umum,Kabupaten Badung,4.4,-8.2810061,115.2387154,Bali
Pantai Nyang Nyang,Rekreasi,Kabupaten Badung,4.7,-8.8391636,115.0934172,Bali
Obyek Wisata Goa Gajah,Alam,Kabupaten Badung,4.3,-8.5227894,115.2877017,Bali
Tempat Lomba Ogoh-Ogoh Badung,Budaya,Kabupaten Badung,4.526701570680628,-8.6066099,115.1786571,Bali
Beji Samuan Park,Umum,Kabupaten Badung,4.8,-8.4568186,115.2125106,Bali
Honeymoon in Bali,Rekreasi,Kabupaten Badung,4.3,-8.4725228,115.1861086,Bali
Desa Swing Bongkasa,Rekreasi,Kabupaten Badung,4.8,-8.5021162,115.2358589,Bali
Tebing Panorama Melasti Beach (Tebing Kembar),Rekreasi,Kabupaten Badung,4.8,-8.8480192,115.162528,Bali
Tebing Pantai Balangan,Rekreasi,Kabupaten Badung,4.8,-8.7896794,115.1251549,Bali
Uluwatu Temple,Budaya,Kabupaten Badung,4.6,-8.8291432,115.0849069,Bali
Plaza Garuda - GWK Cultural Park,Budaya,Kabupaten Badung,4.5,-8.8102751,115.1681446,Bali
Perancak Beach,Rekreasi,Kabupaten Badung,4.6,-8.6637779,115.1359348,Bali
Seseh Beach,Rekreasi,Kabupaten Badung,4.6,-8.6470456,115.1139662,Bali
Pantai Mimpi Pondok Pemuda,Rekreasi,Kabupaten Badung,4.0,-8.7807679,115.1545782,Bali
Pantai Blue Point,Rekreasi,Kabupaten Badung,4.8,-8.8152338,115.0893624,Bali
The Sunset Ship Bali,Umum,Kabupaten Badung,4.5,-8.7531258,115.1642334,Bali
Daya Tarik Wisata Bedugul,Alam,Kabupaten Badung,4.7,-8.2840649,115.1716726,Bali
Tanah Lot,Umum,Kabupaten Badung,4.7,-8.621213,115.086807,Bali
Pantai Berawa,Rekreasi,Kabupaten Badung,4.5,-8.6673628,115.1394036,Bali
Pantai Jimbaran,Rekreasi,Kabupaten Badung,4.6,-8.7813653,115.1634319,Bali
Alas Kedaton,Umum,Kabupaten Badung,4.2,-8.5294825,115.1553403,Bali
Pantai Legian Bali,Rekreasi,Kabupaten Badung,4.6,-8.7091325,115.1666683,Bali
Grubugan Waterfall Sading,Alam,Kabupaten Badung,4.0,-8.5959166,115.1994533,Bali
Pura Puncak Mangu,Budaya,Kabupaten Badung,4.8,-8.2699891,115.2198395,Bali
Pantai Mesari,Rekreasi,Kabupaten Badung,4.7,-8.6940298,115.1594615,Bali
Pura Gede Luhur Batu Ngaus,Budaya,Kabupaten Badung,4.7,-8.6397309,115.0998247,Bali
Pantai Jerman,Rekreasi,Kabupaten Badung,4.6,-8.7347231,115.1633863,Bali
Taman Rekreasi Delta Dalung,Alam,Kabupaten Badung,4.7,-8.6105063,115.173863,Bali
Kelan Beach,Rekreasi,Kabupaten Badung,4.7,-8.7551201,115.166502,Bali
Taman desa Dalung,Alam,Kabupaten Badung,5.0,-8.6105409,115.1739049,Bali
Batu Belig Beach,Rekreasi,Kabupaten Badung,4.6,-8.6742449,115.1459553,Bali
Bukit Badung Lighthouse,Umum,Kabupaten Badung,4.4,-8.8440752,115.1697017,Bali
Sastra Bali Tour & Taxi,Umum,Kabupaten Badung,5.0,-8.6912757,115.1629658,Bali
Pura Pakendungan,Budaya,Kabupaten Badung,4.0,-8.7249193,115.1698553,Bali
Museum Pasifika Bali,Budaya,Kabupaten Badung,4.5,-8.8000858,115.2307029,Bali
Museum Yadnya,Budaya,Kabupaten Badung,4.8,-8.5433168,115.171294,Bali
Sekeh Beach ( Airport Reef Bali ),Rekreasi,Kabupaten Badung,4.7,-8.7413915,115.1606011,Bali
Sempaning beach,Rekreasi,Kabupaten Badung,4.1,-8.7797513,115.1490519,Bali
Desa Wisata Pucak Tinggan,Umum,Kabupaten Badung,4.8,-8.2715038,115.2205814,Bali
Rockbottom bali,Umum,Kabupaten Badung,4.4,-8.8091285,115.1504334,Bali
Kedonganan,Umum,Kabupaten Badung,5.0,-8.7617706,115.1740942,Bali
Patung Triratna Amreta Bhuwana,Umum,Kabupaten Badung,4.6,-8.7378103,115.1610253,Bali
Taman Gili Dukuh,Alam,Kabupaten Badung,4.9,-8.5101356,115.2066919,Bali
Penglipuran Village,Budaya,Kabupaten Bangli,4.8,-8.4225039,115.3597531,Bali
Tukad Cepung Waterfall,Alam,Kabupaten Bangli,4.6,-8.4410173,115.3868079,Bali
Pengibul Waterfall,Alam,Kabupaten Bangli,4.3,-8.5025711,115.3301122,Bali
Tibumana Waterfall,Alam,Kabupaten Bangli,4.6,-8.5068384,115.3330831,Bali
Waterboom Sidembunut,Umum,Kabupaten Bangli,4.2,-8.4493209,115.3705286,Bali
Mahapraja Bangli,Umum,Kabupaten Bangli,4.4,-8.3948762,115.3936543,Bali
Langgahan Waterfalls,Alam,Kabupaten Bangli,4.7,-8.3174372,115.2724345,Bali
Tukad Barong,Budaya,Kabupaten Bangli,4.3,-8.4314021,115.3908889,Bali
Air Terjun Desa Kutuh Bangli,Alam,Kabupaten Bangli,4.7,-8.1634943,115.3191683,Bali
Objek Wisata Penglipuran,Budaya,Kabupaten Bangli,4.8,-8.4207947,115.3603074,Bali
Waterfall Bangkiang Djaran,Alam,Kabupaten Bangli,4.7,-8.5006065,115.3567017,Bali
Pura Kehen,Budaya,Kabupaten Bangli,4.6,-8.4418777,115.3598751,Bali
objek wisata seganing,Umum,Kabupaten Bangli,4.3,-8.4609379,115.357834,Bali
Lembah Pantunan,Alam,Kabupaten Bangli,4.4,-8.4152327,115.4119335,Bali
Jembatan Kuning di Hutan Pinus,Alam,Kabupaten Bangli,4.6,-8.2629734,115.3345216,Bali
Yeh Bulan waterfall,Alam,Kabupaten Bangli,4.8,-8.4503893,115.3749344,Bali
Pelisan Waterfalls,Alam,Kabupaten Bangli,4.8,-8.3205768,115.2724369,Bali
Pinggan Sunrise View Pohon Cinta,Umum,Kabupaten Bangli,4.7,-8.2102356,115.3648534,Bali
La Fresa Kintamani,Alam,Kabupaten Bangli,4.3,-8.2822661,115.3069469,Bali
Hutan Pinus Glagalinggah Lestari,Alam,Kabupaten Bangli,4.7,-8.248042,115.314753,Bali
Sukawana Sunrise Spot,Umum,Kabupaten Bangli,4.5,-8.2173061,115.3562975,Bali
Air Terjun Krisik,Alam,Kabupaten Bangli,4.6,-8.4573836,115.3876428,Bali
Objek Wisata Tukad Batu Liuu,Umum,Kabupaten Bangli,4.3,-8.4393836,115.3534265,Bali
Pura Puncak Penulisan,Budaya,Kabupaten Bangli,4.7,-8.2081822,115.3275212,Bali
Dukuh Hill,Umum,Kabupaten Bangli,4.5,-8.4104375,115.3998254,Bali
Pura Tirta Sudamala,Budaya,Kabupaten Bangli,4.7,-8.4751409,115.3455244,Bali
Bukit Payang,Umum,Kabupaten Bangli,4.7,-8.269111,115.361449,Bali
Danau Batur,Alam,Kabupaten Bangli,4.6,-8.2599896,115.408966,Bali
Mount Batur View Point,Umum,Kabupaten Bangli,4.6,-8.2826394,115.3643069,Bali
Lava Tumuli Gunung Batur,Alam,Kabupaten Bangli,4.4,-8.2720659,115.3794578,Bali
Pura Segara Ulun Danu Batur,Budaya,Kabupaten Bangli,4.4,-8.2691059,115.3862172,Bali
BAS De ATAYANA,Umum,Kabupaten Bangli,4.4,-8.3704421,115.3404117,Bali
Museum Geopark Batur,Budaya,Kabupaten Bangli,4.6,-8.2845832,115.3649358,Bali
Krisik Waterfall,Alam,Kabupaten Bangli,4.8,-8.4548963,115.3848328,Bali
Pura Dalem Balingkang,Budaya,Kabupaten Bangli,4.8,-8.2040942,115.3700515,Bali
Objek Ekowisata Bukit Cemeng,Umum,Kabupaten Bangli,4.4,-8.4391995,115.3693601,Bali
mata air segening,Umum,Kabupaten Bangli,5.0,-8.4520874,115.3481429,Bali
Beniksu Strawberry Kintamani,Alam,Kabupaten Bangli,4.4,-8.2855428,115.3476902,Bali
Tejataki Hill Pinggan,Umum,Kabupaten Bangli,4.5,-8.1900317,115.3876072,Bali
Desa Wisata Pule,Umum,Kabupaten Bangli,4.8,-8.4565829,115.3585801,Bali
Batur Sari Swing,Rekreasi,Kabupaten Bangli,5.0,-8.277185,115.3514547,Bali
Goa Raja Waterfall,Alam,Kabupaten Bangli,4.8,-8.441662,115.37601,Bali
Bukit Trunyan Bali,Umum,Kabupaten Bangli,4.6,-8.2530298,115.4301651,Bali
Pura Ulun Danu Bangli,Budaya,Kabupaten Bangli,4.7,-8.2230574,115.4188513,Bali
Air Terjun Kuning,Alam,Kabupaten Bangli,4.3,-8.491141,115.3574832,Bali
Aling-Aling Waterfall,Alam,Kabupaten Buleleng,4.6,-8.1747311,115.1043022,Bali
Banjar Hot Spring,Alam,Kabupaten Buleleng,4.3,-8.210536,114.967053,Bali
Kroya Waterfall,Alam,Kabupaten Buleleng,4.6,-8.1727788,115.1046053,Bali
Melanting waterfall,Alam,Kabupaten Buleleng,4.7,-8.2608842,115.0627329,Bali
"Jembong Waterfall, Ambengan",Alam,Kabupaten Buleleng,4.5,-8.188461,115.1171296,Bali
Puncak Wanagiri,Umum,Kabupaten Buleleng,4.6,-8.2371393,115.1417792,Bali
Air Terjun Tembok Barak,Alam,Kabupaten Buleleng,4.5,-8.1445093,115.1003946,Bali
Gitgit Waterfall,Alam,Kabupaten Buleleng,4.3,-8.1883986,115.1366883,Bali
Air Terjun Cinta,Alam,Kabupaten Buleleng,4.2,-8.2270041,115.112775,Bali
Yeh Mampeh Waterfall,Alam,Kabupaten Buleleng,4.7,-8.1532932,115.3604458,Bali
Pantai Giri Emas,Rekreasi,Kabupaten Buleleng,4.6,-8.0764197,115.1339182,Bali
Air Terjun Bertingkat,Alam,Kabupaten Buleleng,4.2,-8.1981764,115.1394801,Bali
Banyumala Waterfall,Alam,Kabupaten Buleleng,4.8,-8.2171873,115.1016811,Bali
Princess Conservation Forum Menjangan,Umum,Kabupaten Buleleng,4.4,-8.1321195,114.5785034,Bali
Puri Agung Singaraja,Budaya,Kabupaten Buleleng,4.4,-8.1260158,115.0969255,Bali
Golden Valley Waterfalls,Alam,Kabupaten Buleleng,4.6,-8.2543204,115.0735839,Bali
Happy Beach Tukad Mungga,Rekreasi,Kabupaten Buleleng,4.4,-8.1360045,115.0538227,Bali
TWA Danau Buyan-Danau Tamblingan,Alam,Kabupaten Buleleng,4.2,-8.2509038,115.1305769,Bali
Air Terjun Colek Pamor,Alam,Kabupaten Buleleng,4.5,-8.19547,115.136429,Bali
Air Terjun Munduk,Alam,Kabupaten Buleleng,4.5,-8.2537779,115.0792068,Bali
Wisata Pantai penimbangan,Rekreasi,Kabupaten Buleleng,4.9,-8.1231202,115.0637099,Bali
Taman Kota Singaraja,Alam,Kabupaten Buleleng,4.5,-8.117233,115.0913532,Bali
Wanagiri Hidden Hill Bali,Umum,Kabupaten Buleleng,4.4,-8.2396601,115.1077874,Bali
National Monument,Budaya,Kabupaten Buleleng,4.6,-8.1130888,115.0893308,Bali
Museum Buleleng (ᬫᬸᬲᬶᬬᬸᬫ᭄ ᬩᬸᬮᬾᬮᬾᬂ᭟ ),Budaya,Kabupaten Buleleng,4.4,-8.1247106,115.0965648,Bali
Pantai Karang Sewu,Rekreasi,Kabupaten Buleleng,4.3,-8.154945,114.5221425,Bali
Daya Tarik Wisata Bedugul,Alam,Kabupaten Buleleng,4.7,-8.2840649,115.1716726,Bali
SEKUMPUL WATERFALL OFFICIAL (POST 1),Alam,Kabupaten Buleleng,4.3,-8.1718807,115.1862116,Bali
Bendungan Titab - Ularan,Umum,Kabupaten Buleleng,4.5,-8.2443788,114.9429831,Bali
Buyan Lake Nature Park - Lake Tamblingan,Alam,Kabupaten Buleleng,4.4,-8.2479249,115.0981674,Bali
"Kerobokan Beach, Singaraja",Rekreasi,Kabupaten Buleleng,4.4,-8.0817731,115.1185924,Bali
Banyuwedang Hotspring,Umum,Kabupaten Buleleng,4.5,-8.13925,114.570685,Bali
HIDDEN WATERFALL SEKUMPUL,Alam,Kabupaten Buleleng,3.6,-8.1783125,115.1827969,Bali
Wisata Dolphin Lovina,Umum,Kabupaten Buleleng,4.9,-8.1463421,115.0430932,Bali
Candi Budha Kalibukbuk,Budaya,Kabupaten Buleleng,4.5,-8.1636834,115.0316348,Bali
Harbour Tourist Area of Buleleng,Umum,Kabupaten Buleleng,4.3,-8.1039305,115.0900307,Bali
Pura Pabean,Budaya,Kabupaten Buleleng,4.8,-8.1446352,114.681233,Bali
Air Terjun Cemara,Alam,Kabupaten Buleleng,4.8,-8.2064375,115.1077031,Bali
Pantai Umeanyar,Rekreasi,Kabupaten Buleleng,4.6,-8.1840679,114.9140173,Bali
Air Terjun Umejero,Alam,Kabupaten Buleleng,4.8,-8.2908499,115.0383699,Bali
Pantai Pemuteran Bali,Rekreasi,Kabupaten Buleleng,4.3,-8.1332721,114.6443913,Bali
Pantai Skip,Rekreasi,Kabupaten Buleleng,4.0,-8.1084759,115.079242,Bali
Bukit Teletubies Kubutambahan,Umum,Kabupaten Buleleng,4.3,-8.080561,115.198119,Bali
Gedong Kirtya,Umum,Kabupaten Buleleng,4.5,-8.1248663,115.096286,Bali
Permandian dan Tempat Melukat,Budaya,Kabupaten Buleleng,4.526701570680628,-8.250793,114.9942462,Bali
Singsing Waterfall,Alam,Kabupaten Buleleng,3.7,-8.1847867,115.0008662,Bali
Air sanih natural spring,Umum,Kabupaten Buleleng,4.5,-8.0778581,115.2170406,Bali
Krisna Water Sports,Umum,Kabupaten Buleleng,4.4,-8.1805412,114.9865288,Bali
ᬧᬸᬭᬶᬓᬗᬶᬦᬦ᭄ᬩᬸᬮᬾᬮᬾᬂ᭟ Puri Kanginan Buleleng,Budaya,Kabupaten Buleleng,4.5,-8.1244254,115.0971764,Bali
PANTAI SERIRIT,Rekreasi,Kabupaten Buleleng,4.4,-8.1834483,114.9387199,Bali
Wanagiri Pucak Manik Waterfall,Alam,Kabupaten Buleleng,4.6,-8.2396092,115.1077726,Bali
Monumen Yudha Mandala Tama,Umum,Kabupaten Buleleng,4.5,-8.1032879,115.0892326,Bali
Wisata Kubu Abian Bagus,Umum,Kabupaten Buleleng,4.5,-8.1339961,115.1881907,Bali
Lemukih Waterfalls,Alam,Kabupaten Buleleng,4.4,-8.2094724,115.1718078,Bali
Pantai Pasir Putih Lovina,Rekreasi,Kabupaten Buleleng,4.4,-8.1612732,115.0245011,Bali
𝘁𝗲𝗹𝘂𝗸 𝗚𝗼𝗻𝗱𝗼𝗹,Umum,Kabupaten Buleleng,4.6,-8.1527139,114.7135753,Bali
Mayong Cultural Walk,Umum,Kabupaten Buleleng,5.0,-8.2461511,114.9611289,Bali
Wisata Monyet,Umum,Kabupaten Buleleng,4.7,-8.2380564,115.1413442,Bali
Grombong Waterfall,Alam,Kabupaten Buleleng,4.7,-8.1780764,115.1827113,Bali
National Park of Buleleng,Umum,Kabupaten Buleleng,4.5,-8.1037785,115.0910808,Bali
Pulaki Temple,Budaya,Kabupaten Buleleng,4.7,-8.1456367,114.6803377,Bali
Taman Bidadari,Alam,Kabupaten Buleleng,5.0,-8.2379124,114.968191,Bali
Brahmavihara-Arama,Umum,Kabupaten Buleleng,4.8,-8.2105937,114.9740049,Bali
Air Terjun Padangbulia,Alam,Kabupaten Buleleng,4.3,-8.1556937,115.116858,Bali
Bali Handara Gate,Umum,Kabupaten Buleleng,3.9,-8.2529949,115.1582757,Bali
Krisna Funtasticland,Umum,Kabupaten Buleleng,4.3,-8.1785032,114.9941258,Bali
Gerokgak Sunrise View Point,Umum,Kabupaten Buleleng,4.6,-8.1930202,114.8454874,Bali
Dermaga Cinta,Umum,Kabupaten Buleleng,4.3,-8.1597198,115.0256344,Bali
Holy Hot Spring,Alam,Kabupaten Buleleng,3.8,-8.2104226,114.9671943,Bali
Buyan Lake,Alam,Kabupaten Buleleng,4.6,-8.2429113,115.1230949,Bali
Santhipala Spring Waterfall,Alam,Kabupaten Buleleng,4.1,-8.2860612,115.0239973,Bali
Bukit Ganesha,Umum,Kabupaten Buleleng,4.4,-8.1074956,115.2902574,Bali
Pura Maduwe Karang,Budaya,Kabupaten Buleleng,4.6,-8.0778693,115.1759751,Bali
Pantai Tangguwisia Bali,Rekreasi,Kabupaten Buleleng,4.3,-8.1824962,114.9492327,Bali
Pancoran kedu,Umum,Kabupaten Buleleng,4.5,-8.1900878,115.1023144,Bali
West Bali National Park,Umum,Kabupaten Buleleng,4.4,-8.1276114,114.4753401,Bali
Air Terjun Carat,Alam,Kabupaten Buleleng,4.4,-8.1365174,115.2256435,Bali
Munduk Waterfalls Trekking Point,Alam,Kabupaten Buleleng,4.6,-8.2607417,115.0685229,Bali
Puncak Indah Bedugul,Alam,Kabupaten Buleleng,4.6,-8.2782353,115.1653485,Bali
Beji Sangsit Temple (Cultural Heritage & Public Temple),Budaya,Kabupaten Buleleng,4.6,-8.0837526,115.1342524,Bali
Jembatan Ex. Pelabuhan Buleleng,Umum,Kabupaten Buleleng,4.5,-8.1037944,115.0902391,Bali
Sunset Tembau,Umum,Kabupaten Buleleng,4.5,-8.1626327,115.1109786,Bali
Karang Rata Beach,Rekreasi,Kabupaten Buleleng,4.3,-8.1921981,114.8268354,Bali
Lovina Dolphin Watching,Rekreasi,Kabupaten Buleleng,4.7,-8.164018,115.0214911,Bali
Puri Gede Buleleng,Budaya,Kabupaten Buleleng,4.6,-8.1265975,115.0977416,Bali
kubu hobbit pedawa,Umum,Kabupaten Buleleng,5.0,-8.2458275,115.0187706,Bali
Pura Melanting,Budaya,Kabupaten Buleleng,4.9,-8.1602442,114.6807802,Bali
MRX LOVINA BALI,Umum,Kabupaten Buleleng,4.9,-8.1525829,115.0323396,Bali
Red Coral Munduk Waterfall,Alam,Kabupaten Buleleng,4.4,-8.2580905,115.0698271,Bali
Twin Lake,Alam,Kabupaten Buleleng,4.5,-8.2440291,115.1033125,Bali
Gili Putih Sumberkima,Umum,Kabupaten Buleleng,4.6,-8.1199862,114.6049661,Bali
Gatep Lawas Ambengan,Umum,Kabupaten Buleleng,4.6,-8.1896479,115.1134453,Bali
Klenteng Ling Gwan Kiong,Umum,Kabupaten Buleleng,4.6,-8.1038987,115.0898327,Bali
Sambangan Village Tourist Information (Sambangan Secret Garden),Umum,Kabupaten Buleleng,4.9,-8.1726214,115.1045553,Bali
Pura Dalem Jagaraga Temple,Budaya,Kabupaten Buleleng,4.6,-8.1058776,115.1608915,Bali
Grokgak Dam,Umum,Kabupaten Buleleng,4.4,-8.2120342,114.7808047,Bali
Mesusun waterfall,Alam,Kabupaten Buleleng,4.2,-8.2036217,115.007511,Bali
Pura Bukit Sinunggal,Budaya,Kabupaten Buleleng,4.8,-8.1327843,115.2562698,Bali
Aling Aling waterfall &jungle trekking,Alam,Kabupaten Buleleng,4.9,-8.1485516,115.0983069,Bali
Fiji Waterfall Lemukih,Alam,Kabupaten Buleleng,4.0,-8.1804559,115.1815599,Bali
Taman Bung Karno,Alam,Kabupaten Buleleng,4.6,-8.1346241,115.100522,Bali
Pantai Tanjung Karang Patas (TKP),Rekreasi,Kabupaten Buleleng,4.8,-8.1861029,114.8172941,Bali
Wisata Petik Anggur Subur Makmur,Umum,Kabupaten Buleleng,4.5,-8.192531,114.787588,Bali
Pantai lokapaksa,Rekreasi,Kabupaten Buleleng,4.5,-8.1833683,114.9192201,Bali
Bukit Mende,Umum,Kabupaten Buleleng,4.9,-8.1567454,115.3477167,Bali
Lovina Beach,Rekreasi,Kabupaten Buleleng,4.3,-8.1634266,115.0217056,Bali
Pantai Penimbangan Timur Pura,Budaya,Kabupaten Buleleng,4.4,-8.1203693,115.0672455,Bali
Tugu Singa Ambara Raja,Umum,Kabupaten Buleleng,4.7,-8.1246944,115.0928475,Bali
Celuk Agung Beach Anturan,Rekreasi,Kabupaten Buleleng,4.7,-8.146209,115.0435888,Bali
Lovina Dolphin Statue,Umum,Kabupaten Buleleng,4.4,-8.1611801,115.0244562,Bali
Air terjun yeh mampeh,Alam,Kabupaten Buleleng,4.526701570680628,-8.2162233,115.1993889,Bali
Gandameru,Umum,Kabupaten Buleleng,4.6,-8.1592093,115.1706789,Bali
Air Terjun Sumberkima,Alam,Kabupaten Buleleng,4.3,-8.21884,114.644824,Bali
Buyan Lake View,Alam,Kabupaten Buleleng,4.5,-8.2397697,115.1400665,Bali
Sekumpul Waterfall,Alam,Kabupaten Buleleng,4.1,-8.1775308,115.1825825,Bali
Kubu Ngurah Arsa アルサマヨン,Umum,Kabupaten Buleleng,5.0,-8.2446875,114.9668125,Bali
Krisna Eco Village,Umum,Kabupaten Buleleng,4.4,-8.1930048,114.9485916,Bali
Pura Batu Kursi,Budaya,Kabupaten Buleleng,4.7,-8.1582127,114.6625892,Bali
Kayoan dedari,Umum,Kabupaten Buleleng,4.5,-8.1670921,115.1010169,Bali
Monumen Perjuangan Tugu Tiga Singaraja,Umum,Kabupaten Buleleng,4.4,-8.1486275,115.105751,Bali
Campuhan Ridge Walk,Umum,Kabupaten Gianyar,4.3,-8.5035806,115.2547579,Bali
Obyek Wisata Goa Gajah,Alam,Kabupaten Gianyar,4.3,-8.5227894,115.2877017,Bali
Kanto Lampo Waterfall,Alam,Kabupaten Gianyar,4.3,-8.5321802,115.3312408,Bali
Hidden Canyon Beji Guwang,Umum,Kabupaten Gianyar,4.6,-8.609527,115.2890415,Bali
KISSIDAN ECO HILL RETREAT & RESTO,Rekreasi,Kabupaten Gianyar,4.8,-8.534244,115.3473576,Bali
Tegal linggah Cliff Temple,Budaya,Kabupaten Gianyar,4.8,-8.527768,115.306036,Bali
Pada Wareg Eco Park,Umum,Kabupaten Gianyar,4.7,-8.4544417,115.3049285,Bali
Jembatan kaca Bali Tegenungan /Bali Glass Bridge Main entrance,Alam,Kabupaten Gianyar,4.9,-8.5770287,115.2889623,Bali
Taman Sari Waterfall & Natural pool,Alam,Kabupaten Gianyar,4.7,-8.5023087,115.328281,Bali
"Lembah Bidadari, Tegallalang Gianyar",Alam,Kabupaten Gianyar,4.2,-8.3925533,115.2880366,Bali
Pura Tirta Empul,Budaya,Kabupaten Gianyar,4.6,-8.4156589,115.3153284,Bali
Bali Bird Park,Alam,Kabupaten Gianyar,4.6,-8.5995781,115.2519216,Bali
Siyut Beach,Rekreasi,Kabupaten Gianyar,4.3,-8.5745263,115.3700495,Bali
Taman Kota Ciung Wanara Gianyar,Alam,Kabupaten Gianyar,4.5,-8.54091,115.3226862,Bali
Puri Agung Peliatan,Budaya,Kabupaten Gianyar,4.7,-8.5178025,115.2693721,Bali
Blangsinga Waterfall,Alam,Kabupaten Gianyar,4.5,-8.5755432,115.2914253,Bali
Suwat Waterfall,Alam,Kabupaten Gianyar,4.5,-8.4876645,115.3178644,Bali
Kemenuh Monkey River,Umum,Kabupaten Gianyar,4.2,-8.5687668,115.2890925,Bali
Goa Garba,Alam,Kabupaten Gianyar,4.8,-8.5081103,115.3020799,Bali
"Kemenuh Butterfly Park, Bali",Alam,Kabupaten Gianyar,4.4,-8.572696,115.2866632,Bali
Sari Timbul Art Gallery,Umum,Kabupaten Gianyar,4.4,-8.4081908,115.2913226,Bali
Goa Rang Reng Waterfall,Alam,Kabupaten Gianyar,4.7,-8.5155934,115.3313441,Bali
Desa Wisata Sayan,Umum,Kabupaten Gianyar,4.3,-8.5065206,115.2404698,Bali
Kebun Raya Gianyar,Umum,Kabupaten Gianyar,3.6,-8.3508012,115.2674821,Bali
Masceti Beach,Rekreasi,Kabupaten Gianyar,4.5,-8.5946021,115.3459371,Bali
Subak Pulagan,Alam,Kabupaten Gianyar,4.5,-8.429407,115.3133,Bali
Ulu Petanu Waterfall,Alam,Kabupaten Gianyar,4.6,-8.4143506,115.3009204,Bali
Tegenungan Waterfall,Alam,Kabupaten Gianyar,4.4,-8.5753621,115.2889599,Bali
Bali Zoo,Rekreasi,Kabupaten Gianyar,4.5,-8.5916783,115.2656522,Bali
Pura Gunung Kawi Parking Lot,Budaya,Kabupaten Gianyar,4.6,-8.4235792,115.3085317,Bali
Blangsingah Glass Bridge,Umum,Kabupaten Gianyar,4.8,-8.5761207,115.2906497,Bali
Sangeh Monkey Forest,Alam,Kabupaten Gianyar,4.6,-8.4817743,115.2067391,Bali
Taman Sari Bebengan Bukit Jangkrik,Alam,Kabupaten Gianyar,3.8,-8.5265527,115.3444385,Bali
Ubud Palace,Budaya,Kabupaten Gianyar,4.3,-8.5065977,115.2625884,Bali
Pura Gunung Kawi Sebatu,Budaya,Kabupaten Gianyar,4.6,-8.4046003,115.2934583,Bali
Ubud Water Palace,Budaya,Kabupaten Gianyar,3.8,-8.5063413,115.2613023,Bali
Sari Timbul by Kubu Bali,Umum,Kabupaten Gianyar,5.0,-8.4115162,115.2931948,Bali
Desa Wisata Taro,Umum,Kabupaten Gianyar,4.8,-8.3855532,115.28062,Bali
Agung Rai Museum of Art,Budaya,Kabupaten Gianyar,4.5,-8.5228143,115.2637566,Bali
Pont de Campuhan,Umum,Kabupaten Gianyar,3.9,-8.5049013,115.2545998,Bali
Jembatan Kuning,Umum,Kabupaten Gianyar,4.0,-8.3507474,115.2749246,Bali
Manuaba Waterfall,Alam,Kabupaten Gianyar,4.8,-8.4466884,115.2900263,Bali
Goa Gajah,Alam,Kabupaten Gianyar,4.2,-8.5234378,115.2871568,Bali
Istana Kepresidenan Tampaksiring,Umum,Kabupaten Gianyar,4.7,-8.4149206,115.3109393,Bali
Air Terjun Apit Aungan Pejeng,Alam,Kabupaten Gianyar,4.2,-8.512856,115.2962342,Bali
Keramas Beach,Rekreasi,Kabupaten Gianyar,4.5,-8.5977459,115.3390381,Bali
Candi Tebing Kerobokan,Budaya,Kabupaten Gianyar,4.7,-8.485522,115.3068352,Bali
Pura Mengening,Budaya,Kabupaten Gianyar,4.7,-8.4200247,115.3120268,Bali
Gembok cinta,Umum,Kabupaten Gianyar,4.1,-8.4367798,115.2755398,Bali
Ceking Rice Terrace,Alam,Kabupaten Gianyar,4.4,-8.4317112,115.279303,Bali
Linggih Bali,Umum,Kabupaten Gianyar,4.1,-8.5912777,115.2507153,Bali
Mount Lebah Temple,Budaya,Kabupaten Gianyar,4.4,-8.5040282,115.2546199,Bali
Objek Wisata Sangeh,Umum,Kabupaten Gianyar,4.6,-8.4815663,115.2065458,Bali
Delodsema Traditional Village,Budaya,Kabupaten Gianyar,4.6,-8.3971872,115.285367,Bali
Pura Kebo Edan,Budaya,Kabupaten Gianyar,4.6,-8.5177594,115.2926356,Bali
Ulu cangkir waterfall,Alam,Kabupaten Gianyar,4.9,-8.5188294,115.329463,Bali
Museum Puri Lukisan,Budaya,Kabupaten Gianyar,4.3,-8.5052428,115.2603706,Bali
Pura Puseh Desa Batuan,Budaya,Kabupaten Gianyar,4.5,-8.58216,115.2759471,Bali
Pura Dalem Agung Padangtegal,Budaya,Kabupaten Gianyar,4.5,-8.5187719,115.2585491,Bali
Tangkup Waterfall,Alam,Kabupaten Gianyar,4.7,-8.374484,115.3100783,Bali
Temple Yeh Pulu,Budaya,Kabupaten Gianyar,4.2,-8.5300627,115.293087,Bali
Tukad yeh bulan,Umum,Kabupaten Gianyar,4.4,-8.34947,115.3191321,Bali
Temesi Waterfall,Alam,Kabupaten Gianyar,4.9,-8.5525895,115.346867,Bali
Puri Langon Ubud,Budaya,Kabupaten Gianyar,4.9,-8.4975982,115.2642325,Bali
Desa wisata blangsinga ᬤᬰᬯᬶᬲᬢᬩ᭄ᬮᬗ᭄ᬲᬶᬗ᭟,Umum,Kabupaten Gianyar,4.8,-8.5755384,115.2918956,Bali
Petulu Heron Bird Colony Watch Point,Alam,Kabupaten Gianyar,4.3,-8.4784385,115.2765648,Bali
SUCEN WISATA TEGALLINGGAH,Umum,Kabupaten Gianyar,5.0,-8.5265789,115.3049442,Bali
Tirta Empul Temple Tour,Budaya,Kabupaten Gianyar,4.4,-8.4165023,115.3148499,Bali
Bali Bird Walks,Alam,Kabupaten Gianyar,4.6,-8.5081572,115.2477457,Bali
Desa Wisata Keramas,Umum,Kabupaten Gianyar,4.0,-8.5720594,115.3268629,Bali
Pegulingan Temple,Budaya,Kabupaten Gianyar,4.7,-8.4149634,115.3176807,Bali
Pura Agung Gunung Raung Taro,Budaya,Kabupaten Gianyar,4.7,-8.3848289,115.2790082,Bali
Uma Anyar Waterfall,Alam,Kabupaten Gianyar,4.8,-8.559213,115.2900449,Bali
Alas Harum Bali,Umum,Kabupaten Gianyar,4.5,-8.43989,115.2806075,Bali
The Amazing Taman Safari Bali,Alam,Kabupaten Gianyar,4.5,-8.5819641,115.345792,Bali
Gulung Tikeh Natural Pool and Waterfall,Alam,Kabupaten Gianyar,4.1,-8.5039522,115.315551,Bali
Yeh Pikat Waterfall,Alam,Kabupaten Gianyar,4.6,-8.3811047,115.2792108,Bali
Toya Selaka Waterfall,Alam,Kabupaten Gianyar,4.8,-8.4734805,115.3132654,Bali
Candi Tebing Gunung Kawi,Budaya,Kabupaten Gianyar,4.8,-8.4230656,115.3123232,Bali
Keramas Water Park,Umum,Kabupaten Gianyar,4.2,-8.5718081,115.3271584,Bali
Penestanan stairs,Umum,Kabupaten Gianyar,4.8,-8.5032466,115.2526753,Bali
Kemenuh Swimming Pool & Water Recreation,Rekreasi,Kabupaten Gianyar,4.6,-8.5731107,115.2866703,Bali
Taman Nusa,Alam,Kabupaten Gianyar,4.3,-8.5286174,115.3585207,Bali
BukitJangkrik Natural Water Swim,Umum,Kabupaten Gianyar,4.6,-8.5276578,115.3446823,Bali
Ricefields Tegallalang,Umum,Kabupaten Gianyar,4.3,-8.4326349,115.2787491,Bali
Bayad Waterfall,Alam,Kabupaten Gianyar,4.6,-8.4144729,115.3012186,Bali
Ricefields Tegalalang Real,Umum,Kabupaten Gianyar,4.7,-8.431839,115.281506,Bali
Bale Kulkul Bali,Umum,Kabupaten Gianyar,4.4,-8.6031627,115.2483233,Bali
Agro Wisata Tulikup,Umum,Kabupaten Gianyar,4.5,-8.5489662,115.36077,Bali
Melayang Waterfall,Alam,Kabupaten Gianyar,3.8,-8.4867113,115.2841474,Bali
Leke Leke Waterfall,Alam,Kabupaten Gianyar,4.5,-8.3666011,115.1978215,Bali
BALI SWING,Rekreasi,Kabupaten Gianyar,4.4,-8.5346068,115.3475191,Bali
Relief Bebitra,Umum,Kabupaten Gianyar,4.6,-8.5391562,115.3168869,Bali
Green Gadjah Ubud Bali,Umum,Kabupaten Gianyar,4.7,-8.4382562,115.2515722,Bali
Pura Puncak Bukit Langkihan,Budaya,Kabupaten Gianyar,4.6,-8.52547,115.3382829,Bali
Taman Mumbul Sangeh,Alam,Kabupaten Gianyar,4.6,-8.483959,115.2122881,Bali
Beji Samuan Park,Umum,Kabupaten Gianyar,4.8,-8.4568186,115.2125106,Bali
Batu Belah Waterfall,Alam,Kabupaten Gianyar,4.7,-8.3893499,115.3003764,Bali
Kedisan Palace,Budaya,Kabupaten Gianyar,4.6,-8.4223666,115.2921435,Bali
U Fun Field,Umum,Kabupaten Gianyar,4.7,-8.4328193,115.272723,Bali
Paras Petanu Ground village,Umum,Kabupaten Gianyar,4.5,-8.417509,115.3017549,Bali
Pura Kahyangan Jagat Bukit Dharma Durga Kutri,Budaya,Kabupaten Gianyar,4.8,-8.537644,115.3026591,Bali
Mancingan Rice Terrace Bali,Alam,Kabupaten Gianyar,4.9,-8.422935,115.31703,Bali
Rimba Garden,Umum,Kabupaten Gianyar,5.0,-8.4447287,115.3108756,Bali
AIR TERJUN LAYANA,Alam,Kabupaten Gianyar,4.5,-8.5221916,115.28478,Bali
Pura Penataran Sasih,Budaya,Kabupaten Gianyar,4.7,-8.5139914,115.2931954,Bali
Pura Samuan Tiga,Budaya,Kabupaten Gianyar,4.7,-8.523841,115.294948,Bali
Pantai Segara Wilis,Rekreasi,Kabupaten Gianyar,4.5,-8.6076601,115.32331,Bali
Setia Darma House of Mask and Puppets,Umum,Kabupaten Gianyar,4.8,-8.5340219,115.2797902,Bali
Ubud Dalem Temple,Budaya,Kabupaten Gianyar,4.5,-8.5051334,115.2582991,Bali
MADU AMERTA BHUANA,Umum,Kabupaten Gianyar,5.0,-8.3818733,115.2364098,Bali
Monkey Forest,Alam,Kabupaten Gianyar,4.5,-8.5193841,115.2606335,Bali
Pura Dalem Sidan,Budaya,Kabupaten Gianyar,4.5,-8.5348469,115.3476041,Bali
Jasan Waterfall,Alam,Kabupaten Gianyar,4.4,-8.3754304,115.3078249,Bali
Ubud Rafting,Rekreasi,Kabupaten Gianyar,4.6,-8.4901755,115.2460979,Bali
Sukawati Art Market,Umum,Kabupaten Gianyar,4.4,-8.5965307,115.2826055,Bali
Pejeng kawan village,Umum,Kabupaten Gianyar,4.4,-8.5112422,115.284838,Bali
Jambe Asri Agrotourism,Umum,Kabupaten Gianyar,4.2,-8.6052674,115.250547,Bali
Abian Desa Rice Terrace,Alam,Kabupaten Gianyar,4.4,-8.4280706,115.2791907,Bali
Nature Tourism Green Cliff,Alam,Kabupaten Jembrana,4.1,-8.3656816,114.7963116,Bali
Wisata Puncak JR Jembrana Bali,Umum,Kabupaten Jembrana,4.4,-8.3011447,114.6617455,Bali
Air Terjun Juwuk Manis,Alam,Kabupaten Jembrana,4.5,-8.3910903,114.9079129,Bali
Pantai Candikusuma,Rekreasi,Kabupaten Jembrana,4.1,-8.3080765,114.5180584,Bali
Roses peak Jembrana Bali,Umum,Kabupaten Jembrana,4.1,-8.2938045,114.639346,Bali
Wisata,Umum,Kabupaten Jembrana,5.0,-8.3606349,114.6165187,Bali
Taman Pecangakan - Negara,Alam,Kabupaten Jembrana,4.5,-8.3581195,114.6367885,Bali
Bunut Bolong,Umum,Kabupaten Jembrana,4.5,-8.3863779,114.8737092,Bali
Bendungan Palasari,Umum,Kabupaten Jembrana,4.4,-8.2541651,114.5506484,Bali
Wisata Gelar River,Umum,Kabupaten Jembrana,4.6,-8.2993803,114.6553135,Bali
Bendungan Benel,Umum,Kabupaten Jembrana,4.4,-8.2852077,114.6046845,Bali
Pantai Pebuahan,Rekreasi,Kabupaten Jembrana,4.1,-8.3427649,114.5392853,Bali
Rest Area Pantai Yeh Leh,Rekreasi,Kabupaten Jembrana,4.5,-8.4664121,114.915006,Bali
Pantai Perancak,Rekreasi,Kabupaten Jembrana,4.5,-8.4073506,114.6294111,Bali
MAKAM WALI BALI 7(PITU),Umum,Kabupaten Jembrana,4.6,-8.3687826,114.623201,Bali
Pura Jagatnatha Jembrana,Budaya,Kabupaten Jembrana,4.7,-8.3589795,114.6382392,Bali
Secret Bay,Umum,Kabupaten Jembrana,4.6,-8.1647082,114.438644,Bali
Air Terjun Yeh Buah,Alam,Kabupaten Jembrana,4.4,-8.3393885,114.7504039,Bali
Pantai Pekutatan,Rekreasi,Kabupaten Jembrana,4.6,-8.435689,114.8366429,Bali
Taman Siwa,Alam,Kabupaten Jembrana,4.6,-8.1631614,114.4375953,Bali
objek wisata gelar,Umum,Kabupaten Jembrana,4.0,-8.2994573,114.6552495,Bali
Alas Utama Medewi (AUM),Umum,Kabupaten Jembrana,4.6,-8.3865332,114.828546,Bali
Batu Belah,Umum,Kabupaten Jembrana,4.0,-8.2941855,114.6392441,Bali
Pantai Tembles,Rekreasi,Kabupaten Jembrana,4.4,-8.3959697,114.717813,Bali
Karang Impian Beach,Rekreasi,Kabupaten Jembrana,4.3,-8.2635318,114.4788091,Bali
Kampoeng Palarejo Selfie Spot Jembrana,Umum,Kabupaten Jembrana,4.4,-8.2513986,114.5459595,Bali
Cupel Beach,Rekreasi,Kabupaten Jembrana,4.4,-8.3560612,114.5489482,Bali
"Agrowisata Munduk Nangka Desa Berangbang, Tangimeyeh",Umum,Kabupaten Jembrana,4.2,-8.3134638,114.6088557,Bali
GREEN HILL BALI,Umum,Kabupaten Jembrana,4.9,-8.3158156,114.611508,Bali
Perancak Sunset Point,Umum,Kabupaten Jembrana,4.5,-8.4026025,114.6054127,Bali
Gedung Kesenian Dr Ir Soekarno,Umum,Kabupaten Jembrana,4.4,-8.3594875,114.6362849,Bali
D'ABIANsy waterpark,Umum,Kabupaten Jembrana,4.3,-8.3763001,114.6913232,Bali
Sidi Tapa Waterfall,Alam,Kabupaten Jembrana,4.4,-8.3551198,114.7053629,Bali
Rambut Siwi Temple,Budaya,Kabupaten Jembrana,4.7,-8.4031342,114.7658575,Bali
Monumen Operasi Lintas Laut Jawa - Bali,Umum,Kabupaten Jembrana,4.4,-8.1929075,114.4433196,Bali
Desa Wisata PALASARI,Umum,Kabupaten Jembrana,4.7,-8.2528092,114.5407894,Bali
Kampung Coklat jembrana,Umum,Kabupaten Jembrana,4.5,-8.3324955,114.6797408,Bali
Taman Prasasti,Budaya,Kabupaten Jembrana,4.1,-8.3438569,114.6199362,Bali
Ambenan Ijo Gading,Umum,Kabupaten Jembrana,4.5,-8.3662617,114.6237969,Bali
Mecha Sunset View,Umum,Kabupaten Jembrana,4.8,-8.3657171,114.5566351,Bali
Pura Jati Jembrana,Budaya,Kabupaten Jembrana,4.6,-8.3927761,114.5871145,Bali
Melaya Beach,Rekreasi,Kabupaten Jembrana,4.5,-8.2893921,114.4982481,Bali
Nirwana Garden Bali,Umum,Kabupaten Jembrana,4.6,-8.3312928,114.6396451,Bali
ᬤᬸᬲᬸᬦ᭄ᬲᭂᬜ᭄ᬚ᭟ Dusun Senja,Umum,Kabupaten Jembrana,4.8,-8.2914809,114.5254966,Bali
Negara Palace,Budaya,Kabupaten Jembrana,4.7,-8.3600096,114.6213035,Bali
"Pantai Karangsewu, Balai Taman Nasional Bali Barat",Rekreasi,Kabupaten Jembrana,4.5,-8.1713148,114.4443538,Bali
Tibu boni tempat permandian alami,Alam,Kabupaten Jembrana,5.0,-8.3071284,114.6977783,Bali
Air Terjun Kayangan Sawe,Alam,Kabupaten Jembrana,4.3,-8.332804,114.639618,Bali
Pulukan Beach,Rekreasi,Kabupaten Jembrana,4.5,-8.4239889,114.811921,Bali
Ekowisata Tracking Mangrove,Alam,Kabupaten Jembrana,4.6,-8.398619,114.62144,Bali
PutriMas Collection,Umum,Kabupaten Jembrana,4.9,-8.3525764,114.6472858,Bali
PUNCAK TIRTA hidden gems,Budaya,Kabupaten Jembrana,4.8,-8.3798181,114.8854963,Bali
Pengambengan Sunset View,Umum,Kabupaten Jembrana,4.5,-8.3874026,114.5704967,Bali
Pantai Cupel 1,Rekreasi,Kabupaten Jembrana,4.5,-8.3727114,114.5657321,Bali
Museum Manusia Purba Gilimanuk,Budaya,Kabupaten Jembrana,4.4,-8.1676768,114.4406435,Bali
Pura Sumur Kembar,Budaya,Kabupaten Jembrana,4.4,-8.2167383,114.4484488,Bali
Pantai Baluk Rening,Rekreasi,Kabupaten Jembrana,4.2,-8.3508247,114.5458949,Bali
Negara Banana Garden,Umum,Kabupaten Jembrana,4.0,-8.3471788,114.6281501,Bali
Taman Sangkur,Alam,Kabupaten Jembrana,4.4,-8.3577872,114.6215291,Bali
Air Terjun Grojogan Yehembang Kauh (entrance),Alam,Kabupaten Jembrana,4.5,-8.338924,114.7521262,Bali
Pura Perancak,Budaya,Kabupaten Jembrana,4.7,-8.4012153,114.6110724,Bali
Mantu Cager (Manistutu Camping Ground),Alam,Kabupaten Jembrana,4.9,-8.2778552,114.6053943,Bali
Monumen Pendaratan I Gusti Ngurah Rai,Umum,Kabupaten Jembrana,4.5,-8.4302483,114.816981,Bali
Taman Makam Pahlawan,Alam,Kabupaten Jembrana,4.7,-8.3579769,114.6250368,Bali
ᬕ᭄ᬭᭀᬚᭀᬕᬦ᭄᭟ Grojogan waterfall,Alam,Kabupaten Jembrana,3.7,-8.22723,114.511449,Bali
Taman Ujung,Alam,Kabupaten Karangasem,4.6,-8.4630811,115.6306692,Bali
Tirta Gangga,Budaya,Kabupaten Karangasem,4.6,-8.4123473,115.5872919,Bali
Puri Agung Karangasem,Budaya,Kabupaten Karangasem,4.5,-8.4433268,115.6159111,Bali
Taman Edelweis Bali,Alam,Kabupaten Karangasem,4.5,-8.3692776,115.4633967,Bali
Pantai Jasri,Rekreasi,Kabupaten Karangasem,4.5,-8.4793541,115.6219076,Bali
Bukit Cinta,Umum,Kabupaten Karangasem,4.4,-8.4262591,115.6088009,Bali
Telaga Surya,Umum,Kabupaten Karangasem,4.6,-8.4219566,115.430186,Bali
Bukit Guungan,Umum,Kabupaten Karangasem,4.4,-8.5035769,115.5715461,Bali
Bukit Asah Desa Bugbug,Umum,Kabupaten Karangasem,4.6,-8.505565,115.6105888,Bali
Pancoran Pengelukatan Sapta Gangga,Umum,Kabupaten Karangasem,4.6,-8.4773864,115.5881925,Bali
Bukit Putung,Umum,Kabupaten Karangasem,4.4,-8.454822,115.5162067,Bali
Waterfall Air Terjun Jagasatru,Alam,Kabupaten Karangasem,4.7,-8.4593053,115.5102254,Bali
Air Terjun Yeh Labuh Waterfall,Alam,Kabupaten Karangasem,4.4,-8.4637236,115.5334875,Bali
Bukit surga,Umum,Kabupaten Karangasem,4.8,-8.4176008,115.5265639,Bali
Lahangan Sweet,Umum,Kabupaten Karangasem,4.6,-8.3721589,115.6371092,Bali
Pemandian Tirta Ujung,Budaya,Kabupaten Karangasem,4.4,-8.4638062,115.6260345,Bali
"Pantai Bugbug, Manggis, Karangasem",Rekreasi,Kabupaten Karangasem,4.3,-8.5058327,115.6003808,Bali
Jembatan Kuning Tukad Yeh Unda,Umum,Kabupaten Karangasem,4.3,-8.4598924,115.4457336,Bali
Desa Wisata Timbrah,Umum,Kabupaten Karangasem,4.9,-8.478888,115.597373,Bali
"Lotus Lagoon, Candidasa, Karangasem",Umum,Kabupaten Karangasem,4.4,-8.5105948,115.5723526,Bali
Pantai Yeh Malet,Rekreasi,Kabupaten Karangasem,4.4,-8.5496897,115.4840967,Bali
Pantai Pasir Hitam,Rekreasi,Kabupaten Karangasem,4.5,-8.4277987,115.6913184,Bali
Danau Yeh Malet,Alam,Kabupaten Karangasem,4.0,-8.5414575,115.4844259,Bali
Savana Tianyar,Umum,Kabupaten Karangasem,4.5,-8.224334,115.508731,Bali
Candidasa Lotus Lagoon,Umum,Kabupaten Karangasem,4.2,-8.5111739,115.572218,Bali
Pantai Prasi,Rekreasi,Kabupaten Karangasem,4.3,-8.496998,115.613122,Bali
Bali Countryside Sidemen,Umum,Kabupaten Karangasem,4.4,-8.505544,115.425761,Bali
Savana Nusu,Umum,Kabupaten Karangasem,4.5,-8.2488152,115.5414142,Bali
Virgin Beach,Rekreasi,Kabupaten Karangasem,4.7,-8.5014485,115.6105419,Bali
Bukit Asah Bali - Tempat Camping di Bali,Alam,Kabupaten Karangasem,4.5,-8.5050869,115.6111952,Bali
Puncak Gunung Agung Bali,Alam,Kabupaten Karangasem,4.8,-8.3420371,115.5032748,Bali
Bendungan Yeh Unda Hulu,Umum,Kabupaten Karangasem,4.4,-8.4539628,115.4515574,Bali
Besakih Great Temple,Budaya,Kabupaten Karangasem,4.5,-8.3739976,115.4525567,Bali
Yeh abian,Umum,Kabupaten Karangasem,4.6,-8.4215327,115.5823071,Bali
Gunung Agung,Alam,Kabupaten Karangasem,4.5,-8.3433041,115.5075097,Bali
Pantai Wates Karangasem,Rekreasi,Kabupaten Karangasem,4.4,-8.5505261,115.4800833,Bali
Di kaki Gunung Agung,Alam,Kabupaten Karangasem,5.0,-8.2679059,115.4943031,Bali
PANGI karangasem,Umum,Kabupaten Karangasem,4.5,-8.4253484,115.6113366,Bali
Pantai Labuan Jelung,Rekreasi,Kabupaten Karangasem,4.0,-8.1910815,115.4934448,Bali
Agrowisata Abian Salak,Umum,Kabupaten Karangasem,4.7,-8.441318,115.5196849,Bali
Pantai Peselatan,Rekreasi,Kabupaten Karangasem,4.4,-8.3236542,115.6285366,Bali
Bali Chocolate Factory,Umum,Kabupaten Karangasem,3.8,-8.4830133,115.6173424,Bali
Ketut's Hideaway,Umum,Kabupaten Karangasem,4.7,-8.5194448,115.5077649,Bali
Lipah Beach,Rekreasi,Kabupaten Karangasem,4.4,-8.3510287,115.6846672,Bali
Pantai Tanah Ampo,Rekreasi,Kabupaten Karangasem,4.9,-8.5077556,115.5138379,Bali
Telaga Waja Waterfall,Alam,Kabupaten Karangasem,4.5,-8.4460484,115.4344223,Bali
Jemeluk Bay snorkelling spot,Umum,Kabupaten Karangasem,4.6,-8.3375984,115.6604191,Bali
Bukit cemara,Umum,Kabupaten Karangasem,4.6,-8.4077327,115.5192155,Bali
Pantai Melasti Amed,Rekreasi,Kabupaten Karangasem,4.5,-8.3310407,115.6390616,Bali
Pantai Taman Ujung,Rekreasi,Kabupaten Karangasem,4.3,-8.4655926,115.6325419,Bali
Destinasi Karangasem,Umum,Kabupaten Karangasem,4.526701570680628,-8.4497997,115.6273131,Bali
Padang Bunga Kasna,Umum,Kabupaten Karangasem,4.3,-8.3660262,115.4671867,Bali
Bukit Asmara,Umum,Kabupaten Karangasem,4.1,-8.4600192,115.4335244,Bali
Aquamarine Beach,Rekreasi,Kabupaten Karangasem,5.0,-8.361303,115.6989865,Bali
Royal Palace on the Water,Budaya,Kabupaten Karangasem,4.6,-8.4643825,115.6310475,Bali
Pelabuhan Amuk,Umum,Kabupaten Karangasem,4.5,-8.5176924,115.5068814,Bali
"Wisata LOD BUAH. Sideman-Karangasem, Bali",Umum,Kabupaten Karangasem,4.4,-8.5192541,115.4367869,Bali
Hidden View Lempuyang,Umum,Kabupaten Karangasem,4.7,-8.3922859,115.6341964,Bali
Utari Garden,Umum,Kabupaten Karangasem,4.3,-8.2517207,115.5731755,Bali
Pantai Bulakan,Rekreasi,Kabupaten Karangasem,4.5,-8.3141711,115.6241636,Bali
Penataran Agung Lempuyang Temple,Budaya,Kabupaten Karangasem,4.1,-8.3918923,115.6314773,Bali
Pura Pasar Agung Sebudi,Budaya,Kabupaten Karangasem,4.6,-8.3692337,115.5030187,Bali
Cungkube,Umum,Kabupaten Karangasem,5.0,-8.49453,115.4455677,Bali
Wates Yeh Malet Beach,Rekreasi,Kabupaten Karangasem,4.4,-8.5502477,115.4806581,Bali
Sawah Agung,Alam,Kabupaten Karangasem,4.4,-8.4491875,115.5583125,Bali
"Sunrise Pantai Ujung Pesisi, Karangasem. Bali",Rekreasi,Kabupaten Karangasem,4.4,-8.4650713,115.6327058,Bali
Mata Air Asam,Umum,Kabupaten Karangasem,4.2,-8.3772995,115.6566871,Bali
Telabah Lantang Desa Muncan,Umum,Kabupaten Karangasem,4.5,-8.4328007,115.4479408,Bali
Bayu Beach Bali. Bebayu,Rekreasi,Kabupaten Karangasem,4.9,-8.3255968,115.6316359,Bali
Pantai Baturinggit,Rekreasi,Kabupaten Karangasem,4.5,-8.2431568,115.5683016,Bali
Pantai Belatung,Rekreasi,Kabupaten Karangasem,4.2,-8.5507383,115.4786885,Bali
EMBUNG DATAH II,Umum,Kabupaten Karangasem,4.6,-8.3555743,115.5540242,Bali
DARYA SIDEMEN TREKKING,Alam,Kabupaten Karangasem,5.0,-8.4572184,115.439725,Bali
Snorkeling Blue Lagoon Amuk bay,Umum,Kabupaten Karangasem,4.3,-8.5218356,115.5116488,Bali
Bukit Dap Dap,Umum,Kabupaten Karangasem,4.5,-8.3234264,115.5789483,Bali
West Garden Pangi,Umum,Kabupaten Karangasem,5.0,-8.4254565,115.6099359,Bali
Tukad Cepung Waterfall,Alam,Kabupaten Karangasem,4.6,-8.4410173,115.3868079,Bali
Sidemen Swing,Rekreasi,Kabupaten Karangasem,4.9,-8.4857385,115.4423424,Bali
Hidden Green Kayoan,Umum,Kabupaten Karangasem,4.1,-8.425828,115.5941055,Bali
Pantai Bangklangan Perasi,Rekreasi,Kabupaten Karangasem,4.8,-8.4954549,115.6124987,Bali
Bukit Bulgari,Umum,Kabupaten Karangasem,4.7,-8.4896352,115.5475091,Bali
KENCANA RIVER SIDE,Umum,Kabupaten Karangasem,4.6,-8.425299,115.4360412,Bali
Obyek Wisata Batu Belah Antiga,Umum,Kabupaten Karangasem,5.0,-8.5142817,115.492465,Bali
Pondok Bukit Samuh,Umum,Kabupaten Karangasem,5.0,-8.4812419,115.5112641,Bali
"Pondok GunGGunG - Socio, Art, Cultural & Natural Creative Hub",Umum,Kabupaten Karangasem,4.7,-8.4346772,115.516941,Bali
Avatar Rafting,Rekreasi,Kabupaten Karangasem,4.7,-8.4238304,115.4372341,Bali
KAK NEMO SNORKELING,Umum,Kabupaten Karangasem,4.5,-8.5307003,115.5094439,Bali
Rumah Capung,Umum,Kabupaten Karangasem,4.526701570680628,-8.4800036,115.6090838,Bali
Munduk Cinta Tulamben,Umum,Kabupaten Karangasem,4.8,-8.2876669,115.5986417,Bali
Jro Mangku Pasek Tohjiwa MPTH,Umum,Kabupaten Karangasem,5.0,-8.3885001,115.511136,Bali
Seraya Secrets,Umum,Kabupaten Karangasem,4.7,-8.2953524,115.6125232,Bali
"Virgin Beach, Karangasem, Bali",Rekreasi,Kabupaten Karangasem,4.6,-8.5014083,115.6105404,Bali
Taman Budaya Candra Buana,Alam,Kabupaten Karangasem,4.4,-8.4438544,115.6143824,Bali
AMED SELFIE,Umum,Kabupaten Karangasem,4.1,-8.3335814,115.6415139,Bali
Gantalan poin,Umum,Kabupaten Karangasem,5.0,-8.4384669,115.5426459,Bali
Jembatan Bukit Avatar,Umum,Kabupaten Karangasem,5.0,-8.3596351,115.6640327,Bali
Bendungan Kastala,Umum,Kabupaten Karangasem,4.5,-8.4466824,115.561643,Bali
bukit asah,Umum,Kabupaten Karangasem,5.0,-8.4968188,115.6036309,Bali
Kantor Wisata Dukuh Lestari,Umum,Kabupaten Karangasem,4.9,-8.4519517,115.5225166,Bali
Pasraman Jiwan Mukti Muntigunung,Umum,Kabupaten Karangasem,4.9,-8.208311,115.4486593,Bali
Wanna Sunrise volcano & rice view,Alam,Kabupaten Karangasem,4.8,-8.4013078,115.6171014,Bali
"Padang Savana Tianyar, Karangasem",Umum,Kabupaten Karangasem,4.6,-8.227776,115.5070151,Bali
"Bendung Irigasi Bajing, Sidemen Karangasem",Umum,Kabupaten Karangasem,5.0,-8.471722,115.4135194,Bali
Amed snorkeling center,Umum,Kabupaten Karangasem,5.0,-8.3582,115.6957549,Bali
Pura Pengubengan,Budaya,Kabupaten Karangasem,4.7,-8.36377,115.4613834,Bali
Pura Manik Kembar (Kahyangan Jagat),Budaya,Kabupaten Karangasem,4.7,-8.3101011,115.6218444,Bali
Pura Peninjoan,Budaya,Kabupaten Karangasem,4.9,-8.3674209,115.449829,Bali
Bukit Kembang Sari,Umum,Kabupaten Karangasem,4.8,-8.4814999,115.5688635,Bali
Pura Manik Mas,Budaya,Kabupaten Karangasem,4.6,-8.379336,115.4470205,Bali
Pura Gelap Besakih,Budaya,Kabupaten Karangasem,4.8,-8.3721845,115.4549158,Bali
Mimba Black Beach,Rekreasi,Kabupaten Karangasem,4.2,-8.5421564,115.5048637,Bali
Pura Batu Belah,Budaya,Kabupaten Karangasem,4.6,-8.5136332,115.4925798,Bali
Maha Gangga Valley,Alam,Kabupaten Karangasem,4.5,-8.4063943,115.5905764,Bali
USAT Liberty Wreck,Umum,Kabupaten Karangasem,4.7,-8.2742022,115.5930373,Bali
Pesona Munduk Ngandang,Umum,Kabupaten Karangasem,4.6,-8.3711103,115.4486362,Bali
Pura Candidasa,Budaya,Kabupaten Karangasem,4.3,-8.51031,115.572336,Bali
Pemandian Umum Tukad Arca,Umum,Kabupaten Karangasem,4.6,-8.4075874,115.4296294,Bali
Dekwar Local Guide Mount Agung Trekking Bali,Alam,Kabupaten Karangasem,5.0,-8.3706508,115.5028754,Bali
Pratiksha and Pranjal point,Umum,Kabupaten Karangasem,4.5,-8.4625591,115.5164866,Bali
Angel Lagoon Tour - Snorkeling Fishing & Cooking in Amed,Rekreasi,Kabupaten Karangasem,4.526701570680628,-8.3476733,115.6807876,Bali
Kertha Gosa Park,Umum,Kabupaten Klungkung,4.5,-8.5357626,115.4035934,Bali
Kali Unda,Umum,Kabupaten Klungkung,4.5,-8.5335246,115.4116834,Bali
Tirai Air Terjun Tukad Unda,Alam,Kabupaten Klungkung,4.6,-8.5338492,115.4109914,Bali
Puri Agung Klungkung,Budaya,Kabupaten Klungkung,4.7,-8.5351365,115.4022646,Bali
Bukit Belong,Umum,Kabupaten Klungkung,4.3,-8.5449492,115.4276538,Bali
Goa Jepang Klungkung,Alam,Kabupaten Klungkung,4.3,-8.5525982,115.3813149,Bali
Wisata Tirta Srinadi,Budaya,Kabupaten Klungkung,4.0,-8.5539149,115.4128411,Bali
Lapangan Puputan Klungkung,Umum,Kabupaten Klungkung,4.6,-8.5357308,115.4017418,Bali
Puputan Klungkung monument,Budaya,Kabupaten Klungkung,4.7,-8.5348317,115.403407,Bali
Pantai Batu Tumpeng,Rekreasi,Kabupaten Klungkung,4.4,-8.5752757,115.4112476,Bali
Seganing spring,Umum,Kabupaten Klungkung,4.0,-8.760954,115.4868511,Bali
DESA WISATA BAKAS,Umum,Kabupaten Klungkung,4.7,-8.5213315,115.368006,Bali
Bendungan Tukad Yeh Unda,Umum,Kabupaten Klungkung,4.3,-8.5536891,115.4224065,Bali
The Tadah Uwuk Waterfall and Canyon view,Alam,Kabupaten Klungkung,4.7,-8.4990911,115.35806,Bali
Atuh King Five Nusa Penida,Umum,Kabupaten Klungkung,4.6,-8.7787791,115.6169247,Bali
Pantai Goa Lawah (Timur Pura - Rest Area),Budaya,Kabupaten Klungkung,4.6,-8.5517007,115.4705923,Bali
Lumangan Beach,Rekreasi,Kabupaten Klungkung,4.5,-8.7402834,115.4548348,Bali
Diamond Beach,Rekreasi,Kabupaten Klungkung,4.7,-8.7751348,115.6202282,Bali
Aan Secret Waterfall,Alam,Kabupaten Klungkung,4.7,-8.5139213,115.3842689,Bali
Bukit Tengah,Umum,Kabupaten Klungkung,4.6,-8.5385763,115.4767876,Bali
Klungkung Royal Palace,Budaya,Kabupaten Klungkung,4.5,-8.5357948,115.402937,Bali
Banah Cliff Point,Alam,Kabupaten Klungkung,4.5,-8.7670731,115.4869036,Bali
Crystal Bay Beach,Rekreasi,Kabupaten Klungkung,4.4,-8.7156148,115.4592001,Bali
Pantai Klotok Klungkung,Rekreasi,Kabupaten Klungkung,4.4,-8.5764594,115.3997938,Bali
Pura Watu Klotok,Budaya,Kabupaten Klungkung,4.6,-8.5764492,115.4008036,Bali
Melangit Bali Adventure,Umum,Kabupaten Klungkung,4.9,-8.5254361,115.3631384,Bali
Tourism Village Kamasan,Umum,Kabupaten Klungkung,4.6,-8.5471958,115.4060505,Bali
Tegehan waterfall,Alam,Kabupaten Klungkung,4.3,-8.530948,115.389061,Bali
Goa Lawah Temple,Budaya,Kabupaten Klungkung,4.6,-8.5515731,115.4688279,Bali
Broken Beach,Rekreasi,Kabupaten Klungkung,4.6,-8.7327938,115.4508319,Bali
Saren Cliff Point,Alam,Kabupaten Klungkung,4.6,-8.7744198,115.502352,Bali
Pura Puncak Mundi,Budaya,Kabupaten Klungkung,4.7,-8.7321375,115.5242335,Bali
Teletubbies Hill,Umum,Kabupaten Klungkung,4.1,-8.7853848,115.5747842,Bali
Penglukatan Pura Tirta Suranadi,Budaya,Kabupaten Klungkung,4.4,-8.512528,115.3945558,Bali
Taman Kota Klungkung,Alam,Kabupaten Klungkung,4.5,-8.5251857,115.4018085,Bali
Pantai Sedayu,Rekreasi,Kabupaten Klungkung,4.4,-8.5748151,115.3897728,Bali
Wisata Bukit,Umum,Kabupaten Klungkung,4.1,-8.5263793,115.4158462,Bali
Devil's Tears,Umum,Kabupaten Klungkung,4.6,-8.690565,115.4302884,Bali
Paluang Cliff,Alam,Kabupaten Klungkung,4.6,-8.7536584,115.4769013,Bali
Angel's Billabong,Umum,Kabupaten Klungkung,4.5,-8.7335003,115.4489788,Bali
Celek-celek Waterfall,Alam,Kabupaten Klungkung,3.0,-8.4988978,115.3725942,Bali
Tembeling Beach and Forest,Rekreasi,Kabupaten Klungkung,4.5,-8.7706991,115.4969556,Bali
Guyangan Waterfall Nusa Penida,Alam,Kabupaten Klungkung,4.4,-8.7812546,115.5195018,Bali
Tukad Tista,Umum,Kabupaten Klungkung,4.5,-8.5087457,115.4604698,Bali
Wisata Warna Warni Kampung islam gelgel,Umum,Kabupaten Klungkung,4.6,-8.5553482,115.4109669,Bali
pantai Diamond pelilit,Rekreasi,Kabupaten Klungkung,4.6,-8.7759057,115.6190014,Bali
Gamat Bay,Umum,Kabupaten Klungkung,4.6,-8.7011172,115.4692487,Bali
Pantai Kp Kusamba,Rekreasi,Kabupaten Klungkung,4.3,-8.5643332,115.4529673,Bali
Blue Lagoon Nusa Ceningan,Umum,Kabupaten Klungkung,4.7,-8.7081221,115.4384371,Bali
"Pantai Monggalan, Klungkung",Rekreasi,Kabupaten Klungkung,4.3,-8.5664684,115.4511039,Bali
Kawasan Wisata Desa Romantic Hill,Umum,Kabupaten Klungkung,4.4,-8.5301221,115.4488407,Bali
Bali Butterfly Park,Alam,Kabupaten Tabanan,4.4,-8.4795048,115.1348148,Bali
Alas Kedaton,Umum,Kabupaten Tabanan,4.2,-8.5294825,115.1553403,Bali
Leke Leke Waterfall,Alam,Kabupaten Tabanan,4.5,-8.3666011,115.1978215,Bali
Wisata Kayu Putih,Umum,Kabupaten Tabanan,4.7,-8.4064692,115.1870888,Bali
DESA WISATA PINGE,Umum,Kabupaten Tabanan,4.5,-8.3903092,115.1790329,Bali
Puri Agung Kerambitan,Budaya,Kabupaten Tabanan,4.7,-8.5470255,115.079887,Bali
Air Terjun Blemantung,Alam,Kabupaten Tabanan,4.5,-8.3190698,115.0444531,Bali
Wahana Wisata Sambhrama Ashram,Umum,Kabupaten Tabanan,4.5,-8.3772867,115.1517567,Bali
Tanah Lot,Umum,Kabupaten Tabanan,4.7,-8.621213,115.086807,Bali
Desa Coklat Bali,Umum,Kabupaten Tabanan,4.5,-8.4199375,115.1786875,Bali
The Blooms Garden,Umum,Kabupaten Tabanan,4.6,-8.3020948,115.1587735,Bali
Daya Tarik Wisata Bedugul,Alam,Kabupaten Tabanan,4.7,-8.2840649,115.1716726,Bali
Puri Anyar Royal Palace Kerambitan,Budaya,Kabupaten Tabanan,4.5,-8.5423361,115.0833992,Bali
Pantai Kelecung,Rekreasi,Kabupaten Tabanan,4.6,-8.5467414,115.0140816,Bali
Blahmantung Waterfall,Alam,Kabupaten Tabanan,4.7,-8.2994915,114.9989323,Bali
Desa Wisata Tajen,Umum,Kabupaten Tabanan,3.5,-8.4448922,115.1485815,Bali
Tabanan Anom Palace,Budaya,Kabupaten Tabanan,4.8,-8.5369314,115.1258664,Bali
Wisata Grembengan,Umum,Kabupaten Tabanan,4.1,-8.5678423,115.1151558,Bali
Air Panas Angseri,Umum,Kabupaten Tabanan,4.2,-8.354649,115.1575243,Bali
Bali Botanical Garden,Alam,Kabupaten Tabanan,4.6,-8.2761215,115.1542029,Bali
Sing Sing Angin Waterfall,Alam,Kabupaten Tabanan,4.4,-8.4484918,115.0515311,Bali
Ulun Danu Beratan Temple,Budaya,Kabupaten Tabanan,4.6,-8.2751807,115.1668234,Bali
Pantai Selabih,Rekreasi,Kabupaten Tabanan,4.5,-8.4676987,114.917475,Bali
Air Terjun Yeh Hoo,Alam,Kabupaten Tabanan,4.6,-8.3586762,115.1360395,Bali
The SILA'S Agrotourism,Umum,Kabupaten Tabanan,4.5,-8.3008386,115.160651,Bali
Sunset Beach Tanah Lot,Rekreasi,Kabupaten Tabanan,4.7,-8.6211034,115.0874603,Bali
Subak Piak,Alam,Kabupaten Tabanan,4.9,-8.4055579,115.1049815,Bali
Kelating Beach,Rekreasi,Kabupaten Tabanan,4.5,-8.5791106,115.0559311,Bali
Secret Garden Village,Umum,Kabupaten Tabanan,4.6,-8.3726305,115.1933824,Bali
Jatiluwih Rice Terraces,Alam,Kabupaten Tabanan,4.8,-8.37031,115.131372,Bali
Pengempu Waterfall,Alam,Kabupaten Tabanan,4.2,-8.469335,115.2034665,Bali
Belulang Hot Springs,Alam,Kabupaten Tabanan,4.3,-8.3966341,115.1407491,Bali
Desa Wisata Kaba-Kaba,Umum,Kabupaten Tabanan,4.4,-8.6062145,115.1390447,Bali
Pantai Nyanyi,Rekreasi,Kabupaten Tabanan,4.7,-8.6336624,115.0978348,Bali
Taman Sari Buwana,Alam,Kabupaten Tabanan,4.6,-8.4776596,115.1491525,Bali
Pantai Soan Galuh,Rekreasi,Kabupaten Tabanan,4.5,-8.5095822,114.9749001,Bali
Pura Malen,Budaya,Kabupaten Tabanan,4.6,-8.3286389,115.0639622,Bali
Campuhan Antapan Waterfall,Alam,Kabupaten Tabanan,4.5,-8.3593389,115.1947135,Bali
Wisata Mini rafting & Penglukatan Yeh Sungi Belayu,Rekreasi,Kabupaten Tabanan,4.4,-8.5120041,115.1697605,Bali
Taman Alas Permata Sari,Alam,Kabupaten Tabanan,4.7,-8.451188,115.1396417,Bali
Wisata Eka tirta hot spring natural,Alam,Kabupaten Tabanan,3.7,-8.371906,115.1660008,Bali
Vihara Dharma Giri,Umum,Kabupaten Tabanan,4.7,-8.3195409,115.0176275,Bali
Pantai Batu Tampih,Rekreasi,Kabupaten Tabanan,4.5,-8.5954058,115.0717596,Bali
Besikalung Waterfall,Alam,Kabupaten Tabanan,4.1,-8.369276,115.140891,Bali
Sade Waterfall,Alam,Kabupaten Tabanan,4.6,-8.4051065,115.0282489,Bali
Pangkung Tibah Beach,Rekreasi,Kabupaten Tabanan,4.5,-8.6063733,115.0817215,Bali
Puncak Indah Bedugul,Alam,Kabupaten Tabanan,4.6,-8.2782353,115.1653485,Bali
New Rekreasi Tepi Danau Beratan,Alam,Kabupaten Tabanan,4.4,-8.283882,115.1742013,Bali
Bali SELFIE Sesandan Heritage SWING,Rekreasi,Kabupaten Tabanan,4.5,-8.4647901,115.053013,Bali
Pantai Antap,Rekreasi,Kabupaten Tabanan,4.6,-8.5382179,115.0012027,Bali
Yeh Panes Penatahan,Umum,Kabupaten Tabanan,3.7,-8.4340624,115.1248813,Bali
Hot Spring Penatahan Kaja,Alam,Kabupaten Tabanan,4.2,-8.4340051,115.1248067,Bali
Laduma Pinge,Umum,Kabupaten Tabanan,4.8,-8.3848784,115.1805199,Bali
Belimbing Rice Terraces,Alam,Kabupaten Tabanan,4.6,-8.4210424,115.0302563,Bali
Pangkung Tibah River Tour_mancing,Umum,Kabupaten Tabanan,4.8,-8.589287,115.0721181,Bali
Pantai Batu Lumbang,Rekreasi,Kabupaten Tabanan,4.6,-8.5241844,114.9904967,Bali
Sleeping Buddha statue Pupuan Tabanan,Umum,Kabupaten Tabanan,4.6,-8.3196905,115.0176867,Bali
Taman Pujaan Bangsa Margarana,Alam,Kabupaten Tabanan,4.7,-8.4650135,115.1637487,Bali
Agro Puncak Bedugul,Alam,Kabupaten Tabanan,4.3,-8.2927694,115.1501572,Bali
Daya Tarik Wisata Jogging Track Jalan Usaha Tani Desa Cepaka,Umum,Kabupaten Tabanan,4.5,-8.5970785,115.1487965,Bali
Tridatu Pondok Enjung,Umum,Kabupaten Tabanan,4.8,-8.3800065,115.1474208,Bali
Pantai Yeh Leh,Rekreasi,Kabupaten Tabanan,4.6,-8.4656667,114.9141311,Bali
Pantai Pasut,Rekreasi,Kabupaten Tabanan,4.5,-8.563438,115.0367423,Bali
Saren Kawan Artistic,Umum,Kabupaten Tabanan,4.8,-8.5499639,115.1180268,Bali
Taman Wisata Luih,Alam,Kabupaten Tabanan,4.6,-8.522596,115.106955,Bali
Abian Kapas Beach,Rekreasi,Kabupaten Tabanan,4.4,-8.558909,115.0315296,Bali
Tibu Sampi Waterfall,Alam,Kabupaten Tabanan,4.7,-8.4346639,115.0658169,Bali
Wisata Petik Strawberry Bedugul,Alam,Kabupaten Tabanan,4.4,-8.2706116,115.1636267,Bali
Pewaregan puraluhur tanah lot,Budaya,Kabupaten Tabanan,4.6,-8.6192996,115.0871281,Bali
Air terjun yeh nu,Alam,Kabupaten Tabanan,4.7,-8.5052468,115.1240903,Bali
Tabanan Banana Garden,Umum,Kabupaten Tabanan,4.3,-8.5236667,115.1140997,Bali
Objek Wisata Sangeh,Umum,Kabupaten Tabanan,4.6,-8.4815663,115.2065458,Bali
Mejan Beach,Rekreasi,Kabupaten Tabanan,4.6,-8.4990463,114.9586355,Bali
Pura Luhur Tamba Waras,Budaya,Kabupaten Tabanan,4.6,-8.4108258,115.0908571,Bali
Pantai Pasut,Rekreasi,Kabupaten Tabanan,4.8,-8.563438,115.0367423,Bali
Wisata Uma Piak,Umum,Kabupaten Tabanan,4.9,-8.4055519,115.1049792,Bali
TBK Bali,Umum,Kabupaten Tabanan,4.7,-8.5575547,115.0473535,Bali
Tanjung Kedungu,Umum,Kabupaten Tabanan,4.5,-8.612747,115.0832164,Bali
Pucak Kedaton Temple,Budaya,Kabupaten Tabanan,4.7,-8.3348789,115.0883118,Bali
Kedungu Beach,Rekreasi,Kabupaten Tabanan,4.4,-8.6088824,115.083265,Bali
Babahan Crystal Water,Umum,Kabupaten Tabanan,4.7,-8.3724161,115.1441338,Bali
Pura Luhur Mekori,Budaya,Kabupaten Tabanan,4.7,-8.3874697,115.0352411,Bali
Pantai Bonian,Rekreasi,Kabupaten Tabanan,4.5,-8.5155902,114.9821803,Bali
Wisata Spiritual Tirtha Nadi,Umum,Kabupaten Tabanan,4.4,-8.4687502,115.174746,Bali
Selabih Village,Umum,Kabupaten Tabanan,5.0,-8.4677495,114.9292438,Bali
AIR TERJUN TIBU SAMPI,Alam,Kabupaten Tabanan,4.526701570680628,-8.4450172,115.0096283,Bali
Taman Tanah Pegat - Selfie & Rekreasi,Alam,Kabupaten Tabanan,3.9,-8.5546722,115.1059095,Bali
Pantai Kelating,Rekreasi,Kabupaten Tabanan,4.4,-8.5791106,115.0559311,Bali
Lembah Mayungan,Alam,Kabupaten Tabanan,4.7,-8.30986,115.197041,Bali
Banjar Keridan Village,Umum,Kabupaten Tabanan,4.5,-8.378542,115.167295,Bali
The Throne Land,Umum,Kabupaten Tabanan,4.9,-8.4025749,115.1015652,Bali
Air Terjun Besi Kalung,Alam,Kabupaten Tabanan,4.6,-8.374642,115.142756,Bali
Pura Siwa,Budaya,Kabupaten Tabanan,4.7,-8.328005,115.0652664,Bali
LOVE RIVE WATERFALL,Alam,Kabupaten Tabanan,5.0,-8.4636778,115.0529919,Bali
Hutan Bambu,Alam,Kabupaten Tabanan,4.3,-8.3520992,115.1617287,Bali
Rest Area Pantai Yeh Leh,Rekreasi,Kabupaten Tabanan,4.5,-8.4664121,114.915006,Bali
Nuanu Creative City,Umum,Kabupaten Tabanan,4.4,-8.6300542,115.099108,Bali
Air Panas Penatahan,Umum,Kabupaten Tabanan,4.2,-8.4385339,115.1309812,Bali
GHANA Wibisana strawberry gardens,Umum,Kabupaten Tabanan,5.0,-8.2578814,115.1571311,Bali
Kolam pancing kelaci,Umum,Kabupaten Tabanan,4.8,-8.4135193,115.1875114,Bali
BASECAMP TSS TABANAN,Umum,Kabupaten Tabanan,5.0,-8.393141,115.1462046,Bali
Cocoa Land Bali,Umum,Kabupaten Tabanan,4.6,-8.37801,115.1946114,Bali
Luhur Besikalung Temple,Budaya,Kabupaten Tabanan,4.7,-8.3768296,115.1430658,Bali
Air terjun buwit,Alam,Kabupaten Tabanan,3.3,-8.6148728,115.1144293,Bali
TWA Danau Buyan-Danau Tamblingan,Alam,Kabupaten Tabanan,4.2,-8.2509038,115.1305769,Bali
Air terjun sanggulan permai,Alam,Kabupaten Tabanan,5.0,-8.5433076,115.1369752,Bali
Warung Krisna,Umum,Kabupaten Tabanan,5.0,-8.5454402,115.1219495,Bali
Pantai Kutikan,Rekreasi,Kabupaten Tabanan,4.7,-8.6158765,115.0851195,Bali
Centre Point Jatiluwih,Alam,Kabupaten Tabanan,4.9,-8.3709172,115.1364592,Bali
Subak Museum,Budaya,Kabupaten Tabanan,4.2,-8.5454359,115.1378728,Bali
Uma Urip Timpag,Umum,Kabupaten Tabanan,4.9,-8.4884749,115.0898673,Bali
Bedugul Hill,Alam,Kabupaten Tabanan,4.8,-8.2743728,115.1626237,Bali
Tanah Wuk,Umum,Kabupaten Tabanan,4.1,-8.4745676,115.2057216,Bali
Pantai Nyanyi,Rekreasi,Kabupaten Tabanan,4.4,-8.6336624,115.0978348,Bali
The Beach Love,Rekreasi,Kabupaten Tabanan,4.6,-8.61316,115.083832,Bali
Air terjun pangkung tibah,Alam,Kabupaten Tabanan,4.0,-8.5919835,115.0935302,Bali
Batur Garden,Umum,Kabupaten Tabanan,4.9,-8.4837698,115.0747027,Bali
Pura Ulun Siwi (Dang Kahyangan Jagat),Budaya,Kabupaten Tabanan,4.8,-8.5399316,115.0828145,Bali
Pura Yeh Gangga,Budaya,Kabupaten Tabanan,4.6,-8.4292736,115.1970986,Bali
Big Garden Corner,Umum,Kota Denpasar,4.3,-8.6568602,115.253657,Bali
Taman Wisata Tukad Bindu,Alam,Kota Denpasar,4.5,-8.6437911,115.2358125,Bali
Bajra Sandhi Monument,Budaya,Kota Denpasar,4.6,-8.6717348,115.233902,Bali
Taman Inspirasi Mertasari,Alam,Kota Denpasar,4.4,-8.7120008,115.24822,Bali
Kumbasari Park,Umum,Kota Denpasar,4.5,-8.6563222,115.2118701,Bali
Bali Exotic Marine Park,Umum,Kota Denpasar,4.5,-8.7238697,115.2164357,Bali
Ekowisata Subak Sembung Peguyangan,Alam,Kota Denpasar,4.6,-8.6137206,115.2140324,Bali
"Bali Festival Park, Padang Galak",Rekreasi,Kota Denpasar,4.4,-8.6575124,115.2654034,Bali
Pantai Biaung,Rekreasi,Kota Denpasar,4.6,-8.6528433,115.2702633,Bali
Puri Agung Denpasar,Budaya,Kota Denpasar,4.7,-8.6510099,115.2174823,Bali
Upside Down World Bali,Umum,Kota Denpasar,4.2,-8.716711,115.2052612,Bali
Bali Museum,Budaya,Kota Denpasar,4.4,-8.6575741,115.2185908,Bali
Lumintang Park,Umum,Kota Denpasar,4.5,-8.6359218,115.2129875,Bali
Wisata Edukasi Subak Teba Majalangu,Alam,Kota Denpasar,4.7,-8.6433169,115.2599448,Bali
Sunrise Beach,Rekreasi,Kota Denpasar,4.6,-8.6706845,115.2616902,Bali
Werdhi Budaya Art Centre,Budaya,Kota Denpasar,4.6,-8.6556215,115.2338714,Bali
Padang Galak Beach,Rekreasi,Kota Denpasar,4.3,-8.6581906,115.26538,Bali
Taman Janggan Renon Denpasar,Alam,Kota Denpasar,4.6,-8.673189,115.2374062,Bali
Dermaga Serangan ᬤᭂᬃᬫᬕᬲᭂᬭᬗᬦ᭄᭟,Umum,Kota Denpasar,4.5,-8.721417,115.2389394,Bali
Pantai Tangtu,Rekreasi,Kota Denpasar,4.4,-8.654517,115.268378,Bali
Museum Bung Karno,Budaya,Kota Denpasar,4.8,-8.6723877,115.2254766,Bali
Taman Hutan Raya (Tahura) Ngurah Rai,Alam,Kota Denpasar,4.5,-8.7270249,115.1900733,Bali
DERMAGA 2 WISATA PERAHU TAMAN PANCING TIMUR,Alam,Kota Denpasar,5.0,-8.6983582,115.1951718,Bali
Kertalangu Cultural Village,Umum,Kota Denpasar,4.3,-8.6422294,115.2565548,Bali
Peace Gong Parks Kertalangu,Umum,Kota Denpasar,4.3,-8.6437864,115.2566757,Bali
Tukad Grodogan banjar Gunung Pemogan | Tempat Wisata Melihat Ikan Banjar Gunung,Alam,Kota Denpasar,3.5,-8.6904769,115.1934817,Bali
Barong Tanah Kilap - Sari Wisata Budaya BALI,Budaya,Kota Denpasar,4.4,-8.718854,115.1924122,Bali
YOUTH PARK,Umum,Kota Denpasar,4.6,-8.6362559,115.2133428,Bali
Taman Pancing,Alam,Kota Denpasar,4.4,-8.7185053,115.1880546,Bali
Lapangan Puputan Badung (I Gusti Ngurah Made Agung),Umum,Kota Denpasar,4.7,-8.6564627,115.2177422,Bali
Pasar Sindu,Umum,Kota Denpasar,4.4,-8.685235,115.2599958,Bali
Agung Jagatnatha Temple,Budaya,Kota Denpasar,4.7,-8.6562819,115.218642,Bali
Museum Le Mayeur,Budaya,Kota Denpasar,4.1,-8.6748773,115.2636777,Bali
Pengembak beach,Rekreasi,Kota Denpasar,4.1,-8.7124062,115.2476325,Bali
Rekreasi Kano,Rekreasi,Kota Denpasar,4.6,-8.7343065,115.1880649,Bali
Fingerprint Painting Museum,Budaya,Kota Denpasar,4.5,-8.6634067,115.2404409,Bali
"Mangrove Denpasar, Last Point",Alam,Kota Denpasar,4.3,-8.7261185,115.1933509,Bali
Taman Tukad Korea,Alam,Kota Denpasar,4.6,-8.6557322,115.2122018,Bali
Satria Gatotkaca Park,Umum,Kota Denpasar,4.6,-8.7443882,115.1788673,Bali
CitraLand Waterpark,Umum,Kota Denpasar,4.4,-8.6273874,115.1932744,Bali
Pantai Padang Galak,Rekreasi,Kota Denpasar,4.6,-8.6611382,115.2633006,Bali
Embung Sanur,Umum,Kota Denpasar,4.1,-8.7066717,115.2433892,Bali
Karang Beach,Rekreasi,Kota Denpasar,4.6,-8.693729,115.266016,Bali
Sakenan Temple,Budaya,Kota Denpasar,4.7,-8.7252486,115.229424,Bali
DESTINASI WISATA DENPASAR,Umum,Kota Denpasar,4.526701570680628,-8.6343125,115.2261875,Bali
Taman Layang-layang,Alam,Kota Denpasar,4.4,-8.6633516,115.2615528,Bali
Bali Dolphin interaction,Umum,Kota Denpasar,3.3,-8.7237909,115.2142692,Bali
Segara Ayu Beach,Rekreasi,Kota Denpasar,4.6,-8.6824631,115.2643001,Bali
Kintamani,Alam,Kota Denpasar,4.6,-8.6321957,115.1992908,Bali
Duyung Beach,Rekreasi,Kota Denpasar,4.5,-8.7038318,115.2642739,Bali
Duta Orchid Garden,Umum,Kota Denpasar,4.6,-8.644659,115.2564268,Bali
Patung Catur Muka,Umum,Kota Denpasar,4.7,-8.6559667,115.2169412,Bali
Agrowisata Tupai Emas,Umum,Kota Denpasar,4.8,-8.6194904,115.2145012,Bali
Sindhu Beach,Rekreasi,Kota Denpasar,4.6,-8.6841754,115.2646296,Bali
DERMAGA 2 WISATA AIR KAMPUNG ISLAM KEPAON,Umum,Kota Denpasar,4.8,-8.6982793,115.1950893,Bali
Taman Agung Proklamasi,Alam,Kota Denpasar,5.0,-8.669732,115.2223949,Bali
Waduk Denpasar,Umum,Kota Denpasar,4.7,-8.7251515,115.1869036,Bali
Children's Traffic Park Denpasar,Umum,Kota Denpasar,4.3,-8.6384976,115.2129595,Bali
Istana Taman Jepun Bali,Alam,Kota Denpasar,4.5,-8.66732,115.24359,Bali
Taman Dam Oongan,Alam,Kota Denpasar,4.6,-8.6323756,115.2332723,Bali
Pantai Bangsal,Rekreasi,Kota Denpasar,4.7,-8.6735728,115.2633023,Bali
Sumber Sari Garden,Umum,Kota Denpasar,5.0,-8.6686744,115.2433607,Bali
Pasar Seni Kumbasari,Umum,Kota Denpasar,4.4,-8.6560335,115.2119652,Bali
Mangrove Forest Management Center Region I,Alam,Kota Denpasar,4.2,-8.724973,115.1943527,Bali
Mangrove Conservation Forest,Alam,Kota Denpasar,4.6,-8.7278961,115.1940037,Bali
Air Terjun Aling-Aling,air terjun,Buleleng,0.0,-8.1767917,115.1062843,Bali
Air Terjun Bantimurung,air terjun,Sulawesi,0.0,-5.0165199,119.6855203,Sulawesi Selatan
Air Terjun Benang Kelambu,air terjun,Lombok Tengah,0.0,-8.5327696,116.3370113,Nusa Tenggara Barat
Air Terjun Benang Stokel,air terjun,Lombok Tengah,0.0,-8.5330355,116.3413791,Nusa Tenggara Barat
Air Terjun Bidadari,air terjun,Belitung Timur,0.0,-2.9283607,107.8390425,Kepulauan Bangka Belitung
Air Terjun Coban Rondo,air terjun,Kabupaten Malang,0.0,-7.8847333,112.4769702,Jawa Timur
Air Terjun Coban Talun,air terjun,Kota Batu,0.0,-7.8020389,112.5170485,Jawa Timur
Air Terjun Curug Dengdeng,air terjun,Tasikmalaya,0.0,-7.641818,108.324676,Jawa Barat
Air Terjun Dolo,air terjun,Kabupaten Kediri,0.0,-7.8706373,111.8354398,Jawa Timur
Air Terjun Jumog,air terjun,Karanganyar,0.0,-7.6312129,111.1269212,Jawa Tengah
Air Terjun Kanto Lampo,air terjun,Gianyar,0.0,-8.5323414,115.3329825,Bali
Air Terjun Kedung Kayang,air terjun,Magelang,0.0,-7.5003922,110.3933888,Jawa Tengah
Air Terjun Mangku Sakti,air terjun,Lombok Utara,0.0,-8.3180093,116.4686796,Nusa Tenggara Barat
Air Terjun Matayangu,air terjun,Sumba Tengah,0.0,-9.6732857,119.5046953,Nusa Tenggara Timur
Air Terjun Moramo,air terjun,Konawe Selatan,0.0,-4.221149,122.7452422,Sulawesi Tenggara
Air Terjun Sambangan,air terjun,Buleleng,0.0,-8.1443829,115.100412,Bali
Air Terjun Sendang Gile,air terjun,Lombok Utara,0.0,-8.3055561,116.4082776,Nusa Tenggara Barat
Air Terjun Sri Gethuk,air terjun,Bantul,0.0,-7.9432134,110.4895782,Daerah Istimewa Yogyakarta
Air Terjun Tegenungan,air terjun,Gianyar,0.0,-8.5752294,115.2907014,Bali
Air Terjun Tukad Cepung,air terjun,Bangli,0.0,-8.4423213,115.3879035,Bali
Air Terjun Tumpak Sewu,air terjun,Kabupaten Malang,0.0,-8.2389311,112.9214262,Jawa Timur
Air Terjun Waimarang,air terjun,Sumba Timur,0.0,-9.9687141,120.6028048,Nusa Tenggara Timur
Alun-Alun Bandung,alun-alun,Kota Bandung,0.0,-6.9216776,107.607151,Jawa Barat
Alun-Alun Banyuwangi,alun-alun,Banyuwangi,0.0,-8.2073769,114.3759291,Jawa Timur
Alun-Alun Blitar,alun-alun,Blitar,0.0,-8.0981708,112.1651758,Jawa Timur
Alun-Alun Bojonegoro,alun-alun,Bojonegoro,0.0,-7.1490935,111.8802509,Jawa Timur
Alun-Alun Bondowoso,alun-alun,Bondowoso,0.0,-7.9131978,113.8224604,Jawa Timur
Alun-Alun Brebes,alun-alun,Brebes,0.0,-6.8706354,109.0368815,Jawa Tengah
Alun-Alun Cilacap,alun-alun,Cilacap,0.0,-7.7273698,109.0095032,Jawa Tengah
Alun-Alun Cirebon,alun-alun,Kota Cirebon,0.0,-6.7219026,108.567909,Jawa Barat
Alun-Alun Demak,alun-alun,Demak,0.0,-6.894814,110.638526,Jawa Tengah
Alun-Alun Gresik,alun-alun,Gresik,0.0,-7.1571326,112.6560463,Jawa Timur
Alun-Alun Jember,alun-alun,Jember,0.0,-8.1689005,113.7021649,Jawa Timur
Alun-Alun Jepara,alun-alun,Jepara,0.0,-6.5897781,110.6673616,Jawa Tengah
Alun-Alun Karanganyar,alun-alun,Kebumen,0.0,-7.6306506,109.5736782,Jawa Tengah
Alun-Alun Kediri,alun-alun,Kota Kediri,0.0,-7.8265629,112.0110595,Jawa Timur
Alun-Alun Kendal,alun-alun,Kendal,0.0,-6.9213273,110.2040396,Jawa Tengah
Alun-Alun Kendari,alun-alun,Kendari,0.0,-4.0286681,122.5205774,Sulawesi Tenggara
Alun-Alun Kidul Yogyakarta,alun-alun,Kota Yogyakarta,0.0,-7.811844,110.3632217,Daerah Istimewa Yogyakarta
Alun-Alun Klaten,alun-alun,Klaten City,0.0,-7.704963,110.6018083,Jawa Tengah
Alun-Alun Kota Batu,alun-alun,Kota Batu,0.0,-7.8711747,112.5251687,Jawa Timur
Alun-Alun Kota Magelang,alun-alun,Kota Magelang,0.0,-7.4771886,110.2182633,Jawa Tengah
Alun-Alun Kota Malang,alun-alun,Kota Malang,0.0,-7.9826135,112.6308234,Jawa Timur
Alun-Alun Kota Semarang,alun-alun,Kota Semarang,0.0,-7.1350341,110.4090482,Jawa Tengah
Alun-Alun Kota Solo,alun-alun,Surakarta,0.0,-7.5747341,110.8287812,Jawa Tengah
Alun-Alun Kota Tangerang,alun-alun,Tangerang Selatan,0.0,-6.2744895,106.6928034,Banten
Alun-Alun Kudus,alun-alun,Kudus,0.0,-6.8077663,110.8417328,Jawa Tengah
Alun-Alun Lamongan,alun-alun,Lamongan,0.0,-7.120213,112.4157189,Jawa Timur
Alun-Alun Lumajang,alun-alun,Lumajang,0.0,-8.1352201,113.2244432,Jawa Timur
Alun-Alun Madiun,alun-alun,Kota Madiun,0.0,-7.6291792,111.5168307,Jawa Timur
Alun-Alun Magelang,alun-alun,Kota Magelang,0.0,-7.4771886,110.2182633,Jawa Tengah
Alun-Alun Malang,alun-alun,Kota Malang,0.0,-7.9826135,112.6308234,Jawa Timur
Alun-Alun Mojokerto,alun-alun,Kota Mojokerto,0.0,-7.4632394,112.4319642,Jawa Timur
Alun-Alun Ngawi,alun-alun,Ngawi,0.0,-7.4036079,111.4445975,Jawa Timur
Alun-Alun Pacitan,alun-alun,Pacitan,0.0,-8.1946928,111.1031621,Jawa Timur
Alun-Alun Pandeglang,alun-alun,Pandeglang,0.0,-6.3098034,106.1067856,Banten
Alun-Alun Pasuruan,alun-alun,Kota Pasuruan,0.0,-7.6418879,112.9066793,Jawa Timur
Alun-Alun Pemalang,alun-alun,Pemalang,0.0,-6.8902902,109.3806267,Jawa Tengah
Alun-Alun Ponorogo,alun-alun,Ponorogo,0.0,-7.8710476,111.462263,Jawa Timur
Alun-Alun Probolinggo,alun-alun,Kota Probolinggo,0.0,-7.7441363,113.2158448,Jawa Timur
Alun-Alun Purbalingga,alun-alun,Purbalingga,0.0,-7.3895946,109.3632534,Jawa Tengah
Alun-Alun Purwokerto,alun-alun,Purwokerto,0.0,-7.4243879,109.230123,Jawa Tengah
Alun-Alun Rembang,alun-alun,Rembang,0.0,-6.7055526,111.3486723,Jawa Tengah
Alun-Alun Semarang,alun-alun,Kota Semarang,0.0,-6.9717528,110.4237203,Jawa Tengah
Alun-Alun Serang,alun-alun,Serang ᮞᮦᮛᮀ,0.0,-6.1173476,106.1530639,
Alun-Alun Sidoarjo,alun-alun,Sidoarjo,0.0,-7.4462137,112.7178539,Jawa Timur
Alun-Alun Situbondo,alun-alun,Situbondo,0.0,-7.7068185,114.0054037,Jawa Timur
Alun-Alun Solo,alun-alun,Surakarta,0.0,-7.5747341,110.8287812,Jawa Tengah
Alun-Alun Sragen,alun-alun,Sragen,0.0,-7.4277082,111.0234646,Jawa Tengah
Alun-Alun Sukoharjo,alun-alun,Sukoharjo,0.0,-7.68293,110.8405744,Jawa Tengah
Alun-Alun Surabaya,alun-alun,Surabaya,0.0,-7.2500402,112.737988,Jawa Timur
Alun-Alun Tegal,alun-alun,Tegal,0.0,-6.8674529,109.1379097,Jawa Tengah
Alun-Alun Temanggung,alun-alun,Temanggung,0.0,-7.3162058,110.1755232,Jawa Tengah
Alun-Alun Trenggalek,alun-alun,Trenggalek,0.0,-8.0491348,111.7092032,Jawa Timur
Alun-Alun Utara,alun-alun,Kota Yogyakarta,0.0,-7.8044707,110.3643622,Daerah Istimewa Yogyakarta
Alun-Alun Utara Yogyakarta,alun-alun,Kota Yogyakarta,0.0,-7.8044707,110.3643622,Daerah Istimewa Yogyakarta
Alun-Alun Wonosobo,alun-alun,Wonosobo,0.0,-7.3587052,109.9030423,Jawa Tengah
Bukit 2000 Kuningan,bukit,Kuningan,0.0,-6.7968035,108.4741153,Jawa Barat
Bukit Asah Bugbug,bukit,Karangasem,0.0,-8.4947581,115.5960209,Bali
Bukit Asah Karangasem,bukit,Karangasem,0.0,-8.4947581,115.5960209,Bali
Bukit Baka,bukit,Melawi,0.0,-0.65,112.366667,Kalimantan Barat
Bukit Barisan,bukit,Pesisir Barat,0.0,-5.2472574,104.149891,Lampung
Bukit Barisan Selatan,bukit,Pesisir Barat,0.0,-5.2472574,104.149891,Lampung
Bukit Batu,bukit,Kapuas,0.0,-1.7494671,114.3528566,Kalimantan Tengah
Bukit Batu Layar,bukit,Lombok Barat,0.0,-8.5303114,116.0785592,Nusa Tenggara Barat
Bukit Batu Sulawesi Selatan,bukit,Makassar,0.0,-5.152682,119.484512,Sulawesi Selatan
Bukit Besar,bukit,Lubuklinggau,0.0,-3.166667,102.866667,Sumatera Selatan
Bukit Bintang,bukit,Kabupaten Gunungkidul ꦏꦧꦸꦥꦠꦺꦤ꧀ꦒꦸꦤꦸꦁꦏꦶꦢꦸꦭ꧀,0.0,-7.8460828,110.4796997,Daerah Istimewa Yogyakarta
Bukit Bintang Yogyakarta,bukit,Kabupaten Gunungkidul ꦏꦧꦸꦥꦠꦺꦤ꧀ꦒꦸꦤꦸꦁꦏꦶꦢꦸꦭ꧀,0.0,-7.8460828,110.4796997,Daerah Istimewa Yogyakarta
Bukit Campuhan,bukit,Gianyar,0.0,-8.5044293,115.2552405,Bali
Bukit Cinta,bukit,Pasuruan,0.0,-7.9145615,112.9390159,Jawa Timur
Bukit Cinta Bali,bukit,Karangasem,0.0,-8.4262117,115.6086959,Bali
Bukit Doa Tomohon,bukit,Tomohon,0.0,1.3493247,124.8503698,Sulawesi Utara
Bukit Gajah Bobok,bukit,Karo,0.0,2.8993456,98.5111159,Sumatera Utara
Bukit Holbung,bukit,Samosir,0.0,2.5338138,98.7010689,Sumatera Utara
Bukit Holbung Samosir,bukit,Samosir,0.0,2.5338138,98.7010689,Sumatera Utara
Bukit Jamur,bukit,Gresik,0.0,-7.0426224,112.5667217,Jawa Timur
Bukit Jempol,bukit,Lahat,0.0,-3.8120142,103.6703499,Sumatera Selatan
Bukit Jimbaran,bukit,Badung,0.0,-8.8125135,115.1578894,Bali
Bukit Kapur Arosbaya,bukit,Bangkalan,0.0,-6.9474419,112.8593068,Jawa Timur
Bukit Kelam,bukit,Sintang,0.0,0.078675,111.6480665,Kalimantan Barat
Bukit Klangon,bukit,Glagah Harjo,0.0,-7.5767676,110.454776,Daerah Istimewa Yogyakarta
Bukit Klangon Sleman,bukit,Glagah Harjo,0.0,-7.5767676,110.454776,Daerah Istimewa Yogyakarta
Bukit Kuneer,bukit,Kabupaten Malang,0.0,-7.8133895,112.6339012,Jawa Timur
Bukit Kuneer Malang,bukit,Kabupaten Malang,0.0,-7.8133895,112.6339012,Jawa Timur
Bukit Lawang Sumatera Utara,bukit,Langkat,0.0,3.5493172,98.1224445,Sumatera Utara
Bukit Lintang Sewu,bukit,Bantul,0.0,-7.915055,110.4357959,Daerah Istimewa Yogyakarta
Bukit Mamuju,bukit,Mamuju Tengah,0.0,-2.0919997,119.3764094,Sulawesi Barat
Bukit Muntai,bukit,Bangka Selatan,0.0,-2.984875,106.5260778,Kepulauan Bangka Belitung
Bukit Panguk Kediwung,bukit,Bantul,0.0,-7.9597565,110.4405654,Daerah Istimewa Yogyakarta
Bukit Punthuk Setumbu,bukit,Magelang,0.0,-7.6074102,110.1778383,Jawa Tengah
Bukit Raya,bukit,Sintang,0.0,1.0354835,111.3574287,Kalimantan Barat
Bukit Rhema,bukit,Magelang,0.0,-7.6054797,110.1826028,Jawa Tengah
Bukit Rhema Magelang,bukit,Magelang,0.0,-7.6054797,110.1826028,Jawa Tengah
Bukit Sekipan Tawangmangu,bukit,Karanganyar,0.0,-7.667803,111.1442694,Jawa Tengah
Bukit Selong,bukit,,0.0,-8.365312,116.5400179,Nusa Tenggara Barat
Bukit Selong Lombok Timur,bukit,,0.0,-8.365312,116.5400179,Nusa Tenggara Barat
Bukit Serelo,bukit,Lahat,0.0,-3.8120142,103.6703499,Sumatera Selatan
Bukit Sibea-bea Samosir,bukit,Samosir,0.0,2.5504584,98.6719465,Sumatera Utara
Bukit Siguntang Palembang,bukit,Palembang,0.0,-2.9972173,104.7255544,Sumatera Selatan
Bukit Sikunir,bukit,Wonosobo,0.0,-7.2387021,109.9250284,Jawa Tengah
Bukit Tangkiling Palangkaraya,bukit,Palangka Raya,0.0,-1.9881028,113.7504103,Kalimantan Tengah
Bukit Tinggi,bukit,Bengkulu Utara,0.0,-3.3295279,101.8358215,Bengkulu
Bukit Wairinding,bukit,Sumba Timur,0.0,-9.6794624,120.1000531,Nusa Tenggara Timur
Cafe D'Pakar Bandung,cafe view,Kabupaten Bandung,0.0,-6.8467341,107.6498632,Jawa Barat
Cafe Kopi Merapi Sleman,cafe view,Umbulharjo,0.0,-7.602614,110.4459924,Daerah Istimewa Yogyakarta
Cafe Kopi Nako Bogor,cafe view,Bogor,0.0,-6.603747,106.8110497,Jawa Barat
Candi Abang,candi,Sleman,0.0,-7.8102254,110.4687098,Daerah Istimewa Yogyakarta
Candi Badut,candi,Kota Malang,0.0,-7.9578365,112.5985999,Jawa Timur
Candi Bajang Ratu,candi,Trowulan,0.0,-7.5677817,112.3986624,Jawa Timur
Candi Belahan,candi,Pasuruan,0.0,-7.6075227,112.6513504,Jawa Timur
Candi Bima,candi,Wonosobo,0.0,-7.2143272,109.9105109,Jawa Tengah
Candi Brahu,candi,Kejagan,0.0,-7.5428461,112.3743975,Jawa Timur
Candi Bubrah,candi,Klaten,0.0,-7.7465115,110.4929587,Jawa Tengah
Candi Cangkuang,candi,Cangkuang,0.0,-7.102927,107.9188749,Jawa Barat
Candi Cetho,candi,Ngawi,0.0,-7.5957362,111.1581311,Jawa Tengah
Candi Dieng,candi,Bekasi,0.0,-6.2361436,107.0185426,Jawa Barat
Candi Gedong Songo,candi,Kabupaten Semarang,0.0,-7.2063743,110.340176,Jawa Tengah
Candi Gunung Gangsir,candi,Pasuruan,0.0,-7.5866825,112.7333068,Jawa Timur
Candi Gunung Wukir,candi,Magelang,0.0,-7.6342335,110.2968591,Jawa Tengah
Candi Ijo,candi,Sleman,0.0,-7.7837641,110.5114895,Daerah Istimewa Yogyakarta
Candi Jago,candi,Kabupaten Malang,0.0,-8.0057895,112.7640934,Jawa Timur
Candi Jawi,candi,Pasuruan,0.0,-7.6624877,112.669879,Jawa Timur
Candi Kadisoka,candi,Sleman,0.0,-7.7552364,110.4458063,Daerah Istimewa Yogyakarta
Candi Kalasan,candi,Sleman,0.0,-7.7668063,110.4723996,Daerah Istimewa Yogyakarta
Candi Kedulan,candi,Sleman,0.0,-7.7425947,110.4697271,Daerah Istimewa Yogyakarta
Candi Kidal,candi,Kabupaten Malang,0.0,-8.0258552,112.7090269,Jawa Timur
Candi Kimpulan,candi,Sleman,0.0,-7.6883659,110.4153318,Daerah Istimewa Yogyakarta
Candi Lumbung,candi,Klaten,0.0,-7.7481201,110.4929439,Jawa Tengah
Candi Mendut,candi,Magelang,0.0,-7.6048222,110.2301202,Jawa Tengah
Candi Muara Takus,candi,Kampar,0.0,0.3359614,100.6421489,Riau
Candi Muaro Jambi,candi,Muaro Jambi,0.0,-1.4795711,103.6559477,Jambi
Candi Pawon,candi,Magelang,0.0,-7.6061281,110.2195602,Jawa Tengah
Candi Penataran,candi,Blitar,0.0,-8.0161052,112.2092511,Jawa Timur
Candi Plaosan,candi,Klaten,0.0,-7.74056,110.5045511,Jawa Tengah
Candi Prambanan,candi,Sleman,0.0,-7.7522269,110.4915331,Daerah Istimewa Yogyakarta
Candi Ratu Boko,candi,Sleman,0.0,-7.770512,110.4894642,Daerah Istimewa Yogyakarta
Candi Sambisari,candi,Sleman,0.0,-7.7623668,110.446949,Daerah Istimewa Yogyakarta
Candi Sari,candi,Sleman,0.0,-7.7615065,110.4742174,Daerah Istimewa Yogyakarta
Candi Sewu,candi,Klaten,0.0,-7.7443372,110.4928925,Jawa Tengah
Candi Singosari,candi,Kabupaten Malang,0.0,-7.8877283,112.6638852,Jawa Timur
Candi Sojiwan,candi,Klaten,0.0,-7.7608885,110.4961263,Jawa Tengah
Candi Sukuh,candi,Karanganyar,0.0,-7.6273153,111.1315373,Jawa Tengah
Candi Sumberawan,candi,Kabupaten Malang,0.0,-7.8553522,112.6448149,Jawa Timur
Candi Tegowangi,candi,Kabupaten Kediri,0.0,-7.7349327,112.161192,Jawa Timur
Candi Tikus,candi,Mojokerto,0.0,-7.5716315,112.4035216,Jawa Timur
Candi Wringin Lawang,candi,Mojokerto,0.0,-7.5419685,112.3909512,Jawa Timur
Gunung Agung,gunung,Karangasem,0.0,-8.3428923,115.5072076,Bali
Gunung Arfak,gunung,Manokwari,0.0,-1.156944,133.9788709,Papua Barat
Gunung Arjuno,gunung,Kabupaten Malang,0.0,-8.2219,112.7795,Jawa Timur
Gunung Batur,gunung,Bangli,0.0,-8.2394154,115.3779603,Bali
Gunung Batutara,gunung,Lembata,0.0,-7.7906463,123.5865811,Nusa Tenggara Timur
Gunung Bawakaraeng,gunung,Sulawesi,0.0,-4.5352463,120.3231088,Sulawesi Selatan
Gunung Betung,gunung,Kapuas Hulu,0.0,1.4,112.333333,Kalimantan Barat
Gunung Binaiya,gunung,Maluku Tengah,0.0,-3.1733546,129.4552073,Maluku
Gunung Bromo,gunung,Probolinggo,0.0,-7.9420691,112.9529769,Jawa Timur
Gunung Burangrang,gunung,Purwakarta,0.0,-6.7740399,107.5556983,Jawa Barat
Gunung Ciremai,gunung,Kuningan,0.0,-6.8800193,108.4104831,Jawa Barat
Gunung Dempo,gunung,Tanjung Sakti Pumi,0.0,-4.0155065,103.1279874,Sumatera Selatan
Gunung Egon,gunung,Sikka,0.0,-8.6780954,122.4541256,Nusa Tenggara Timur
Gunung Galunggung,gunung,Tasikmalaya,0.0,-7.2561523,108.0760925,Jawa Barat
Gunung Gamalama,gunung,Ternate,0.0,0.8098795,127.3323425,Maluku Utara
Gunung Gamping,gunung,Karanganyar,0.0,-7.669167,111.091667,Jawa Tengah
Gunung Gede,gunung,Cianjur,0.0,-6.7878411,106.9817166,Jawa Barat
Gunung Gede Pangrango,gunung,Kab Sukabumi,0.0,-6.7752118,106.9311234,Jawa Barat
Gunung Guntur,gunung,Kota Cirebon,0.0,-6.7477791,108.5598827,Jawa Barat
Gunung Halimun Salak National Park,gunung,Lebak,0.0,-6.7417746,106.4540374,Banten
Gunung Ijen,gunung,Banyuwangi,0.0,-8.0579332,114.2430975,Jawa Timur
Gunung Ile Ape,gunung,Lembata,0.0,-8.2727646,123.5067385,Nusa Tenggara Timur
Gunung Inerie,gunung,Ngada,0.0,-8.8781,120.9543,Nusa Tenggara Timur
Gunung Kaba,gunung,Nunukan,0.0,4.133333,116.183333,Kalimantan Utara
Gunung Karacak,gunung,Garut,0.0,-7.2692,107.9719,Jawa Barat
Gunung Karang,gunung,Pandeglang,0.0,-6.2731994,106.0468065,Banten
Gunung Kelimutu,gunung,Ende,0.0,-8.7651702,121.8133427,Nusa Tenggara Timur
Gunung Kelud,gunung,Blitar,0.0,-7.9389217,112.3052492,Jawa Timur
Gunung Kerinci,gunung,Kerinci,0.0,-1.6971814,101.2646538,Jambi
Gunung Klabat,gunung,Minahasa Utara,0.0,1.4530396,125.0312101,Sulawesi Utara
Gunung Krakatau,gunung,Jakarta Timur,0.0,-6.1996194,106.9260011,
Gunung Latimojong,gunung,Sulawesi,0.0,-3.3786177,120.3047851,Sulawesi Selatan
Gunung Lawu,gunung,Karanganyar,0.0,-7.627382,111.1943158,Jawa Tengah
Gunung Leuser,gunung,Gayo Lues,0.0,3.7414545,97.1551334,Aceh
Gunung Lokon,gunung,Tomohon,0.0,1.3641984,124.7992274,Sulawesi Utara
Gunung Lompobattang,gunung,Sulawesi,0.0,-3.5611708,119.7801217,Sulawesi Selatan
Gunung Mahawu,gunung,Tomohon,0.0,1.3531645,124.8628914,Sulawesi Utara
Gunung Mandala,gunung,Banjarnegara,0.0,-7.262743,109.6908084,Jawa Tengah
Gunung Manglayang,gunung,Kabupaten Bandung,0.0,-6.8810787,107.7357178,Jawa Barat
Gunung Masurai,gunung,Merangin,0.0,-2.4981564,101.9168192,Jambi
Gunung Merapi,gunung,Hargobinangun,0.0,-7.5412887,110.4462006,Daerah Istimewa Yogyakarta
Gunung Meratus,gunung,Kutai Kartanegara,0.0,-0.4213539,116.9809166,Kalimantan Timur
Gunung Merbabu,gunung,Boyolali,0.0,-7.4524377,110.4408198,Jawa Tengah
Gunung Nona,gunung,Makassar,0.0,-5.1443205,119.4230627,Sulawesi Selatan
Gunung Palung National Park,gunung,Kayong Utara,0.0,-1.2137375,110.2375269,Kalimantan Barat
Gunung Pangrango,gunung,Kab Sukabumi,0.0,-6.7698136,106.9640294,Jawa Barat
Gunung Papandayan,gunung,Indramayu,0.0,-6.3264787,108.3338984,Jawa Barat
Gunung Pasi,gunung,Singkawang,0.0,0.85,109.0,Kalimantan Barat
Gunung Patuha,gunung,Kabupaten Bandung,0.0,-7.1610219,107.4000215,Jawa Barat
Gunung Puncak Jaya,gunung,Lanny Jaya,0.0,-4.2065192,138.5976675,Papua Pegunungan
Gunung Puntang,gunung,Garut,0.0,-7.466667,107.766667,Jawa Barat
Gunung Putri Lembang,gunung,Bandung Barat,0.0,-6.795556,107.635833,Jawa Barat
Gunung Rajabasa,gunung,Lampung Selatan,0.0,-5.7815291,105.6273999,Lampung
Gunung Raung,gunung,Bondowoso,0.0,-8.119636,114.055025,Jawa Timur
Gunung Raya,gunung,Singkawang,0.0,0.866667,109.066667,Kalimantan Barat
Gunung Rinjani,gunung,,0.0,-8.4117272,116.4581059,Nusa Tenggara Barat
Gunung Salak,gunung,Kab Bogor,0.0,-6.7136069,106.7385402,Jawa Barat
Gunung Saran,gunung,Sintang,0.0,-0.416667,111.3,Kalimantan Barat
Gunung Semeru,gunung,Lumajang,0.0,-8.1078426,112.92248,Jawa Timur
Gunung Sibayak,gunung,Karo,0.0,3.2393517,98.5047584,Sumatera Utara
Gunung Sinabung,gunung,Karo,0.0,3.1709534,98.3920481,Sumatera Utara
Gunung Sindoro,gunung,Wonosobo,0.0,-7.3011387,109.9966992,Jawa Tengah
Gunung Slamet,gunung,Pemalang,0.0,-7.2414693,109.2149699,Jawa Tengah
Gunung Soputan,gunung,Sulawesi,0.0,1.121651,124.741586,Sulawesi Utara
Gunung Sumbing,gunung,Temanggung,0.0,-7.3818933,110.0758185,Jawa Tengah
Gunung Talang,gunung,Solok,0.0,-0.9781239,100.6820609,Sumatera Barat
Gunung Tambora,gunung,,0.0,-8.2466913,117.9584724,Nusa Tenggara Barat
Gunung Tambrauw,gunung,Tambrauw,0.0,-1.0278609,132.5288679,Papua Barat Daya
Gunung Tampomas,gunung,Sumedang,0.0,-6.7637152,107.9605847,Jawa Barat
Gunung Tangkuban Perahu,gunung,Badung,0.0,-8.6724148,115.1702225,Bali
Gunung Ternate,gunung,Ternate,0.0,0.8098795,127.3323425,Maluku Utara
Gunung Tilu,gunung,Garut,0.0,-7.533333,107.933333,Jawa Barat
Gunung Welirang,gunung,Mojokerto,0.0,-7.7326,112.5747,Jawa Timur
Gunung Wilis,gunung,Ponorogo,0.0,-7.820585,111.7571632,Jawa Timur
Bali Bird Park,kebun binatang,Gianyar,0.0,-8.6001941,115.2509922,Bali
Bali Zoo,kebun binatang,Gianyar,0.0,-8.5912841,115.2645589,Bali
Kebun Binatang Bandung,kebun binatang,Kota Bandung,0.0,-6.8911349,107.6069181,Jawa Barat
Kebun Binatang Cikembulan Garut,kebun binatang,Neglasari,0.0,-7.0841178,107.9155195,Jawa Barat
Kebun Binatang Gembira Loka,kebun binatang,Kota Yogyakarta,0.0,-7.8055166,110.3970178,Daerah Istimewa Yogyakarta
Kebun Binatang Kaltim Samarinda,kebun binatang,Samarinda,0.0,-0.4469975,117.2089424,Kalimantan Timur
Kebun Binatang Kasang Kulim Pekanbaru,kebun binatang,Pekanbaru,0.0,0.4189627,101.4062602,Riau
Kebun Binatang Medan,kebun binatang,Deli Serdang,0.0,3.482373,98.6445839,Sumatera Utara
Kebun Binatang Medan Zoo,kebun binatang,Deli Serdang,0.0,3.482373,98.6445839,Sumatera Utara
Kebun Binatang Surabaya,kebun binatang,Surabaya,0.0,-7.2957723,112.7358105,Jawa Timur
Medan Zoo,kebun binatang,Deli Serdang,0.0,3.482373,98.6445839,Sumatera Utara
Monkey Forest Ubud,kebun binatang,Gianyar,0.0,-8.5187858,115.2608458,Bali
Sacred Monkey Forest Sanctuary,kebun binatang,Gianyar,0.0,-8.5187349,115.2583202,Bali
Taman Margasatwa dan Budaya Kinantan,kebun binatang,Bukittinggi,0.0,-0.3006639,100.3698926,Sumatera Barat
Taman Margasatwa Semarang,kebun binatang,Kota Semarang,0.0,-6.9703808,110.2885067,Jawa Tengah
Taman Safari Indonesia Bogor,kebun binatang,Kab Bogor,0.0,-6.7201709,106.9519528,Jawa Barat
Taman Satwa Banjarmasin,kebun binatang,Banjarmasin,0.0,-3.3080067,114.6033845,Kalimantan Selatan
Lembah Anai Sumatera Barat,lembah,Tanah Datar,0.0,-0.4834651,100.3381845,Sumatera Barat
Lembah Baliem Papua,lembah,Jayawijaya,0.0,-3.9874041,138.8773432,Papua Pegunungan
Lembah Harau Sumatera Barat,lembah,Lima Puluh Kota,0.0,-0.1006493,100.6637256,Sumatera Barat
Lembah Pinus Cianjur,lembah,Cianjur,0.0,-6.7161611,107.009978,Jawa Barat
Lembah Sari Pekanbaru,lembah,Pekanbaru,0.0,0.5719251,101.4738236,Riau
23 Paskal Shopping Center,mall,Kota Bandung,0.0,-6.915388,107.5943024,Jawa Barat
AEON Mall BSD,mall,Kabupaten Tangerang,0.0,-6.3044091,106.6441572,Banten
Bali Mall,mall,Badung,0.0,-8.7282188,115.1680137,Bali
Bali Nusa Dua Center,mall,Badung,0.0,-8.7960663,115.2259078,Bali
Balikpapan Plaza,mall,Balikpapan,0.0,-1.2781938,116.8398348,Kalimantan Timur
Bandung Indah Plaza,mall,Kota Bandung,0.0,-6.9083381,107.6112548,Jawa Barat
Baywalk Mall Pluit,mall,Daerah Khusus ibukota Jakarta,0.0,-6.1079134,106.7796191,
Canggu Plaza,mall,Badung,0.0,-8.6600724,115.1308276,Bali
Central Park Mall,mall,Daerah Khusus ibukota Jakarta,0.0,-6.1773182,106.7914969,
Centre Point Mall Medan,mall,Kota Medan ᯔᯩᯑᯉ᯲,0.0,3.5921824,98.6810916,Sumatera Utara
Cihampelas Walk,mall,Kota Bandung,0.0,-6.8938203,107.6055658,Jawa Barat
Denpasar Mall,mall,Denpasar ᬤᬾᬦ᭄ᬧᬲᬃ,0.0,-8.669055,115.217715,Bali
Discovery Shopping Mall,mall,Badung,0.0,-8.7287042,115.1686537,Bali
Discovery Shopping Mall Bali,mall,Badung,0.0,-8.7287042,115.1686537,Bali
DP Mall Semarang,mall,Kota Semarang,0.0,-6.9833201,110.4127632,Jawa Tengah
Emporium Pluit Mall,mall,Daerah Khusus ibukota Jakarta,0.0,-6.1275786,106.790964,
Galaxy Mall Surabaya,mall,Surabaya,0.0,-7.2764017,112.7804951,Jawa Timur
Gandaria City Mall,mall,Daerah Khusus ibukota Jakarta,0.0,-6.2442757,106.7834863,
Grand Galaxy Park,mall,Bekasi,0.0,-6.2707863,106.9722183,Jawa Barat
Grand Indonesia,mall,Daerah Khusus ibukota Jakarta,0.0,-6.1957452,106.8215929,
Grand Indonesia Mall,mall,Daerah Khusus ibukota Jakarta,0.0,-6.1957452,106.8215929,
Grand Indonesia Shopping Town,mall,Daerah Khusus ibukota Jakarta,0.0,-6.1957452,106.8215929,
Grand Mall Makassar,mall,Kelurahan Hasanuddin,0.0,-5.0504787,119.5536309,Sulawesi Selatan
Hartono Mall Yogyakarta,mall,Sleman,0.0,-7.7608045,110.4034239,Daerah Istimewa Yogyakarta
Joger Bali,mall,Badung,0.0,-8.7273774,115.1771411,Bali
Jogja City Mall,mall,Sleman,0.0,-7.7534032,110.3604711,Daerah Istimewa Yogyakarta
Kendari Plaza,mall,Kendari,0.0,-3.9805964,122.5105961,Sulawesi Tenggara
Kendari Town Square,mall,Kendari,0.0,-3.9700124,122.520082,Sulawesi Tenggara
Krisna Oleh-oleh Bali,mall,Badung,0.0,-8.7298532,115.1795782,Bali
Kuta Square,mall,Badung,0.0,-8.7235249,115.1713214,Bali
Level 21 Mall Denpasar,mall,Denpasar ᬤᬾᬦ᭄ᬧᬲᬃ,0.0,-8.6698662,115.2143241,Bali
Lippo Mall Kemang,mall,Daerah Khusus ibukota Jakarta,0.0,-6.2612119,106.8126979,
Lippo Mall Kuta,mall,Badung,0.0,-8.735344,115.166501,Bali
Living World Alam Sutera,mall,Tangerang Selatan,0.0,-6.2448109,106.653052,Banten
Mal Taman Anggrek,mall,Daerah Khusus ibukota Jakarta,0.0,-6.1775213,106.7928343,
Mall Ambon,mall,Ambon,0.0,-3.6707484,128.1986222,Maluku
Mall Bali Galeria,mall,Badung,0.0,-8.7230405,115.1842534,Bali
Mall Daya Makassar,mall,Makassar,0.0,-5.110583,119.5102471,Sulawesi Selatan
Mall GTC Makassar,mall,Makassar,0.0,-5.1695829,119.3907241,Sulawesi Selatan
Mall Kelapa Gading,mall,Daerah Khusus ibukota Jakarta,0.0,-6.1574342,106.9083434,
Mall Lembuswana Samarinda,mall,Samarinda,0.0,-0.4751019,117.1472198,Kalimantan Timur
Mall Mamuju,mall,Mamuju,0.0,-2.669206,118.8917557,Sulawesi Barat
Mall Mesra Samarinda,mall,Samarinda,0.0,-0.5010971,117.1465089,Kalimantan Timur
Mall Plaza Balikpapan,mall,Balikpapan,0.0,-1.2781938,116.8398348,Kalimantan Timur
Mall Ratu Indah,mall,Makassar,0.0,-5.1532849,119.4173215,Sulawesi Selatan
Mall Samarinda Central Plaza,mall,Samarinda,0.0,-0.5035318,117.1550694,Kalimantan Timur
Mall Sulteng,mall,Palu,0.0,-0.8834237,119.8426033,Sulawesi Tengah
Mall Tanjung Bunga,mall,Makassar,0.0,-5.1695829,119.3907241,Sulawesi Selatan
Mall Ternate,mall,Ternate,0.0,0.7914972,127.3905435,Maluku Utara
Manhattan Times Square Medan,mall,Kota Medan ᯔᯩᯑᯉ᯲,0.0,3.5908426,98.6266558,Sumatera Utara
Mega Mall Pontianak,mall,Pontianak,0.0,-0.0513705,109.3446916,Kalimantan Barat
Pacific Place Jakarta,mall,Daerah Khusus ibukota Jakarta,0.0,-6.2249656,106.809825,
Pacific Place Mall,mall,Daerah Khusus ibukota Jakarta,0.0,-6.2249656,106.809825,
Pakuwon Mall Jogja,mall,Sleman,0.0,-7.7582576,110.3994486,Daerah Istimewa Yogyakarta
Pakuwon Mall Surabaya,mall,Surabaya,0.0,-7.28906,112.6756078,Jawa Timur
Palangka Raya Mall,mall,Palangka Raya,0.0,-2.2066227,113.9153434,Kalimantan Tengah
Palembang Icon Mall,mall,Palembang,0.0,-2.9785785,104.7457881,Sumatera Selatan
Palembang Square,mall,Palembang,0.0,-2.9761723,104.7418731,Sumatera Selatan
Palu Grand Mall,mall,Palu,0.0,-0.8834237,119.8426033,Sulawesi Tengah
Paris Van Java Mall,mall,Kota Bandung,0.0,-6.8890732,107.5960928,Jawa Barat
PIK Avenue,mall,Daerah Khusus ibukota Jakarta,0.0,-6.1091097,106.7404406,
Plaza Ambarrukmo Yogyakarta,mall,Sleman,0.0,-7.7817669,110.4013176,Daerah Istimewa Yogyakarta
Plaza Balikpapan,mall,Balikpapan,0.0,-1.2781938,116.8398348,Kalimantan Timur
Plaza Indonesia,mall,Daerah Khusus ibukota Jakarta,0.0,-6.1934835,106.8228616,
Plaza Palu,mall,Palu,0.0,-0.8317762,119.8800634,Sulawesi Tengah
Plaza Renon,mall,Denpasar ᬤᬾᬦ᭄ᬧᬲᬃ,0.0,-8.6730243,115.2441066,Bali
Pluit Village,mall,Daerah Khusus ibukota Jakarta,0.0,-6.1162602,106.789693,
Pondok Indah Mall,mall,Daerah Khusus ibukota Jakarta,0.0,-6.2653276,106.7846567,
Royal Plaza Surabaya,mall,Surabaya,0.0,-7.3091349,112.7342835,Jawa Timur
Senayan City,mall,Daerah Khusus ibukota Jakarta,0.0,-6.2273179,106.7971805,
Solo Paragon Mall,mall,Surakarta,0.0,-7.5624618,110.8099966,Jawa Tengah
Summarecon Mall Bekasi,mall,Bekasi,0.0,-6.2259971,107.0010731,Jawa Barat
Summarecon Mall Serpong,mall,Kabupaten Tangerang,0.0,-6.2406997,106.6284149,
Sun Plaza Medan,mall,Kota Medan ᯔᯩᯑᯉ᯲,0.0,3.5822609,98.6719101,Sumatera Utara
Trans Studio Mall Bandung,mall,Kota Bandung,0.0,-6.9256414,107.6367469,Jawa Barat
Tunjungan Plaza Surabaya,mall,Surabaya,0.0,-7.2623869,112.739006,Jawa Timur
Monumen Kalteng,monumen,Barito Utara,0.0,-0.9607732,114.8977017,Kalimantan Tengah
Monumen Kaltim,monumen,Balikpapan,0.0,-1.2792545,116.8222491,Kalimantan Timur
Monumen Kapal Selam,monumen,Surabaya,0.0,-7.265434,112.7503063,Jawa Timur
Monumen Mandala,monumen,Makassar,0.0,-5.1377059,119.4136222,Sulawesi Selatan
Monumen Nani Wartabone,monumen,Gorontalo,0.0,0.5304033,123.0588683,Gorontalo
Monumen Nasional,monumen,Daerah Khusus ibukota Jakarta,0.0,-6.1754024,106.8271692,
Monumen Pancasila Sakti,monumen,Jakarta Timur,0.0,-6.2883341,106.9068968,
Monumen Pattimura,monumen,Maluku Tengah,0.0,-3.3060388,128.9589707,Maluku
Monumen Tugu Pahlawan,monumen,Surabaya,0.0,-7.2454453,112.7378996,Jawa Timur
Museum Aceh,museum,Banda Aceh,0.0,5.5488323,95.3209836,Aceh
Museum Agung Rai,museum,Gianyar,0.0,-8.5228684,115.2647695,Bali
Museum Angkut,museum,Kota Batu,0.0,-7.878829,112.5201389,Jawa Timur
Museum Angkut Batu,museum,Kota Batu,0.0,-7.878829,112.5201389,Jawa Timur
Museum Bahari,museum,Daerah Khusus ibukota Jakarta,0.0,-6.1268288,106.8083185,
Museum Bahari Jakarta,museum,Daerah Khusus ibukota Jakarta,0.0,-6.1268288,106.8083185,
Museum Balanga,museum,Palangka Raya,0.0,-2.1956114,113.9016328,Kalimantan Tengah
Museum Balaputera Dewa,museum,Palembang,0.0,-2.9504719,104.7302812,Sumatera Selatan
Museum Bali,museum,Denpasar ᬤᬾᬦ᭄ᬧᬲᬃ,0.0,-8.6575395,115.2186817,Bali
Museum Bank Indonesia,museum,Daerah Khusus ibukota Jakarta,0.0,-6.1371853,106.8129483,
Museum Bank Mandiri,museum,Daerah Khusus ibukota Jakarta,0.0,-6.1381577,106.8133167,
Museum Batik Pekalongan,museum,Pekalongan,0.0,-6.878642,109.675579,Jawa Tengah
Museum Batik Yogyakarta,museum,Kota Yogyakarta,0.0,-7.795401,110.3773503,Daerah Istimewa Yogyakarta
Museum Benteng Vredeburg,museum,Kota Yogyakarta,0.0,-7.8001537,110.3663364,Daerah Istimewa Yogyakarta
Museum Bung Hatta Bukittinggi,museum,Bukittinggi,0.0,-0.3062956,100.3688874,Sumatera Barat
Museum Danar Hadi,museum,Surakarta,0.0,-7.5687599,110.8163702,Jawa Tengah
Museum Dharma Wiratama,museum,Kota Yogyakarta,0.0,-7.782439,110.3754535,Daerah Istimewa Yogyakarta
Museum Dirgantara Mandala,museum,Bantul,0.0,-7.7897642,110.4161938,Daerah Istimewa Yogyakarta
Museum Dirgantara Mandala Yogyakarta,museum,Bantul,0.0,-7.7897642,110.4161938,Daerah Istimewa Yogyakarta
Museum Fatahillah,museum,Daerah Khusus ibukota Jakarta,0.0,-6.1351548,106.813289,
Museum Geologi Bandung,museum,Kota Bandung,0.0,-6.9003424,107.620961,Jawa Barat
Museum Kalimantan Barat,museum,Pontianak,0.0,-0.0483232,109.3425506,Kalimantan Barat
Museum Kalimantan Tengah,museum,Palangka Raya,0.0,-2.1956114,113.9016328,Kalimantan Tengah
Museum Kalimantan Utara,museum,Banjarmasin,0.0,-3.3024355,114.6091698,Kalimantan Selatan
Museum Kapuas,museum,Sintang,0.0,0.0833669,111.4914561,Kalimantan Barat
Museum Kartini Jepara,museum,Jepara,0.0,-6.5887998,110.6675049,Jawa Tengah
Museum Keprajuritan,museum,Jakarta Timur,0.0,-6.3056878,106.8968058,
Museum Keramik,museum,Daerah Khusus ibukota Jakarta,0.0,-6.1342607,106.8144771,
Museum Keraton Surakarta,museum,Surakarta,0.0,-7.5784379,110.8283543,Jawa Tengah
Museum Keris,museum,Surakarta,0.0,-7.5689811,110.8109454,Jawa Tengah
Museum Keris Nusantara Solo,museum,Surakarta,0.0,-7.5689811,110.8109454,Jawa Tengah
Museum Konferensi Asia Afrika,museum,Kota Bandung,0.0,-6.921073,107.6096452,Jawa Barat
Museum Kota Makassar,museum,Makassar,0.0,-5.134618,119.4086104,Sulawesi Selatan
Museum La Galigo,museum,Makassar,0.0,-5.1345696,119.4057161,Sulawesi Selatan
Museum Layang-layang,museum,Daerah Khusus ibukota Jakarta,0.0,-6.3078393,106.7906265,
Museum Le Mayeur,museum,Denpasar ᬤᬾᬦ᭄ᬧᬲᬃ,0.0,-8.674991,115.263716,Bali
Museum Lubang Buaya,museum,Jakarta Timur,0.0,-6.3008429,106.8914087,
Museum Majapahit,museum,Trowulan,0.0,-7.5600584,112.3805254,Jawa Timur
Museum Maluku Utara,museum,Pulau Morotai,0.0,2.0343944,128.2956849,Maluku Utara
Museum Mandala Wangsit Siliwangi,museum,Kota Bandung,0.0,-6.9173055,107.6111041,Jawa Barat
Museum Mulawarman,museum,Kutai Kartanegara,0.0,-0.413277,116.9900654,Kalimantan Timur
Museum Mulawarman Tenggarong,museum,Kutai Kartanegara,0.0,-0.413277,116.9900654,Kalimantan Timur
Museum Multatuli,museum,Rangkasbitung,0.0,-6.3605216,106.2472601,
Museum Musik Indonesia Malang,museum,Kota Malang,0.0,-7.9882707,112.6265568,Jawa Timur
Museum Nasional Indonesia,museum,Bogor,0.0,-6.5987871,106.7938611,Jawa Barat
Museum Negeri Banten,museum,Serang ᮞᮦᮛᮀ,0.0,-6.116236,106.1500356,
Museum Negeri Mataram,museum,Mataram,0.0,-8.585067,116.0858857,Nusa Tenggara Barat
Museum Negeri Nusa Tenggara Barat,museum,Mataram,0.0,-8.585067,116.0858857,Nusa Tenggara Barat
Museum Negeri Sulawesi Utara,museum,Manado,0.0,1.4882902,124.8447485,Sulawesi Utara
Museum Negeri Sumatera Utara,museum,Kota Medan ᯔᯩᯑᯉ᯲,0.0,3.5680314,98.6962362,Sumatera Utara
Museum Neka,museum,Gianyar,0.0,-8.4918367,115.2536188,Bali
Museum NTB,museum,Mataram,0.0,-8.585067,116.0858857,Nusa Tenggara Barat
Museum Nusa Tenggara Barat,museum,Kupang,0.0,-10.1589523,123.6196131,Nusa Tenggara Timur
Museum Nusa Tenggara Timur,museum,Kupang,0.0,-10.1589523,123.6196131,Nusa Tenggara Timur
Museum Palangka Raya,museum,Palangka Raya,0.0,-2.1956114,113.9016328,Kalimantan Tengah
Museum Palu,museum,Palu,0.0,-0.9021152,119.8538483,Sulawesi Tengah
Museum Pasifika,museum,Badung,0.0,-8.7998998,115.2307568,Bali
Museum Pendidikan Indonesia,museum,Kota Malang,0.0,-8.0344195,112.64949,Jawa Timur
Museum Pendidikan Nasional,museum,Kota Bandung,0.0,-6.8597725,107.5941677,Jawa Barat
Museum Prasasti,museum,Daerah Khusus ibukota Jakarta,0.0,-6.1723713,106.8195429,
Museum Prasasti Jakarta,museum,Daerah Khusus ibukota Jakarta,0.0,-6.1723713,106.8195429,
Museum Puri Lukisan,museum,Gianyar,0.0,-8.5050909,115.2603669,Bali
Museum Puri Lukisan Bali,museum,Gianyar,0.0,-8.5050909,115.2603669,Bali
Museum Purna Bhakti Pertiwi,museum,Jakarta Timur,0.0,-6.3006024,106.8873113,
Museum Radya Pustaka,museum,Surakarta,0.0,-7.5686713,110.814407,Jawa Tengah
Museum Ranggawarsita,museum,Kota Semarang,0.0,-6.9860374,110.3839468,Jawa Tengah
Museum Rudana,museum,Gianyar,0.0,-8.5294046,115.2715408,Bali
Museum Sangiran,museum,Karanganyar,0.0,-7.4559497,110.834048,Jawa Tengah
Museum Satria Mandala,museum,Daerah Khusus ibukota Jakarta,0.0,-6.2310834,106.8189045,
Museum Sejarah Jakarta,museum,Daerah Khusus ibukota Jakarta,0.0,-6.1351503,106.8133668,
Museum Seni Rupa dan Keramik,museum,Daerah Khusus ibukota Jakarta,0.0,-6.1342607,106.8144771,
Museum Setia Darma,museum,Gianyar,0.0,-8.533909,115.2795977,Bali
Museum Si Pitung,museum,Daerah Khusus ibukota Jakarta,0.0,-6.0969265,106.9588827,
Museum Siwalima,museum,Ambon,0.0,-3.7123684,128.1519337,Maluku
Museum Sonobudoyo,museum,Kota Yogyakarta,0.0,-7.8023442,110.3644129,Daerah Istimewa Yogyakarta
Museum Sulawesi Barat,museum,Manado,0.0,1.4882902,124.8447485,Sulawesi Utara
Museum Sulawesi Tenggara,museum,Kendari,0.0,-3.9771924,122.5177405,Sulawesi Tenggara
Museum Sultan Mahmud Badaruddin II,museum,Palembang,0.0,-2.99029,104.7610605,Sumatera Selatan
Museum Sumpah Pemuda,museum,Daerah Khusus ibukota Jakarta,0.0,-6.1838168,106.8430499,
Museum Taman Prasasti,museum,Daerah Khusus ibukota Jakarta,0.0,-6.1723713,106.8195429,
Museum Tani Jawa Indonesia,museum,Kebonagung,0.0,-7.9243964,110.3715199,Daerah Istimewa Yogyakarta
Museum Tanjung Redeb,museum,Berau,0.0,2.1599252,117.4918973,Kalimantan Timur
Museum Tekstil,museum,Daerah Khusus ibukota Jakarta,0.0,-6.1879368,106.8096058,
Museum Tosan Aji,museum,Purworejo,0.0,-7.7110119,110.0097575,Jawa Tengah
Museum Trinil Ngawi,museum,Ngawi,0.0,-7.3743213,111.357806,Jawa Timur
Museum Tsunami Aceh,museum,Banda Aceh,0.0,5.5478201,95.3151652,Aceh
Museum Ullen Sentalu,museum,Hargobinangun,0.0,-7.5976484,110.4233962,Daerah Istimewa Yogyakarta
Museum Wayang,museum,Banyumas,0.0,-7.5147128,109.2942576,Jawa Tengah
Museum Wayang Jakarta,museum,Daerah Khusus ibukota Jakarta,0.0,-6.1348145,106.8125091,
Museum Zoologi Bogor,museum,Bogor,0.0,-6.6035575,106.7969138,Jawa Barat
Ancol Beach,pantai,Daerah Khusus ibukota Jakarta,0.0,-6.117558,106.8581403,
Pantai Air Saga,pantai,Belitung,0.0,-2.7260361,107.6298609,Kepulauan Bangka Belitung
Pantai Amed,pantai,Karangasem,0.0,-8.3305768,115.638125,Bali
Pantai Balangan,pantai,Badung,0.0,-8.7923274,115.1231962,Bali
Pantai Balekambang,pantai,Kabupaten Malang,0.0,-8.4030438,112.5364708,Jawa Timur
Pantai Balian,pantai,Tabanan,0.0,-8.499574,114.9650184,Bali
Pantai Bandealit,pantai,Jember,0.0,-8.4817059,113.7107356,Jawa Timur
Pantai Bandengan,pantai,Jepara,0.0,-6.5541815,110.6512845,Jawa Tengah
Pantai Baron,pantai,Kabupaten Gunungkidul ꦏꦧꦸꦥꦠꦺꦤ꧀ꦒꦸꦤꦸꦁꦏꦶꦢꦸꦭ꧀,0.0,-8.1289468,110.5491797,Daerah Istimewa Yogyakarta
Pantai Batu Bedaun,pantai,Bangka,0.0,-1.8193085,106.1177357,Kepulauan Bangka Belitung
Pantai Batu Layar,pantai,Lombok Barat,0.0,-8.4990433,116.0481663,Nusa Tenggara Barat
Pantai Baubau,pantai,Baubau,0.0,-5.5239244,122.5679746,Sulawesi Tenggara
Pantai Bentar,pantai,Probolinggo,0.0,-7.7800155,113.2762115,Jawa Timur
Pantai Bira,pantai,Sulawesi,0.0,-5.6076102,120.4434226,Sulawesi Selatan
Pantai Bontang,pantai,Bontang,0.0,0.113411,117.4819838,Kalimantan Timur
Pantai Boom,pantai,Banyuwangi,0.0,-8.2067756,114.3837475,Jawa Timur
Pantai Bunaken,pantai,Manado,0.0,1.6186573,124.7662841,Sulawesi Utara
Pantai Candidasa,pantai,Karangasem,0.0,-8.5121812,115.5766859,Bali
Pantai Canggu,pantai,Badung,0.0,-8.6600724,115.1308276,Bali
Pantai Carita,pantai,Pandeglang,0.0,-6.3042114,105.8416302,
Pantai Cemara,pantai,,0.0,-8.8893538,116.5070133,Nusa Tenggara Barat
Pantai Ciputih,pantai,Pandeglang,0.0,-6.7007006,105.5495308,Banten
Pantai Depok,pantai,Bantul,0.0,-8.0139962,110.2926462,Daerah Istimewa Yogyakarta
Pantai Dreamland,pantai,Badung,0.0,-8.7991734,115.1175866,Bali
Pantai Drini,pantai,Kabupaten Gunungkidul ꦏꦧꦸꦥꦠꦺꦤ꧀ꦒꦸꦤꦸꦁꦏꦶꦢꦸꦭ꧀,0.0,-8.1380974,110.5783985,Daerah Istimewa Yogyakarta
Pantai Gerupuk,pantai,Mataram,0.0,-8.6127174,116.1061556,Nusa Tenggara Barat
Pantai Glagah,pantai,Kulonprogo,0.0,-7.9046994,110.0774413,Daerah Istimewa Yogyakarta
Pantai Gorontalo,pantai,Bone Bolango,0.0,0.4483029,123.1258975,Gorontalo
Pantai Hunimua,pantai,Maluku Tengah,0.0,-3.5161745,128.3486454,Maluku
Pantai Indrayanti,pantai,Kabupaten Gunungkidul ꦏꦧꦸꦥꦠꦺꦤ꧀ꦒꦸꦤꦸꦁꦏꦶꦢꦸꦭ꧀,0.0,-8.1498929,110.6113168,Daerah Istimewa Yogyakarta
Pantai Jatimalang,pantai,Purworejo,0.0,-7.8792731,109.9832511,Jawa Tengah
Pantai Jimbaran,pantai,Badung,0.0,-8.7923274,115.1231962,Bali
Pantai Jogan,pantai,Kabupaten Gunungkidul ꦏꦧꦸꦥꦠꦺꦤ꧀ꦒꦸꦤꦸꦁꦏꦶꦢꦸꦭ꧀,0.0,-8.1802349,110.67649,Daerah Istimewa Yogyakarta
Pantai Kartini,pantai,Jepara,0.0,-6.5880078,110.6453129,Jawa Tengah
Pantai Kerandangan,pantai,Lombok Barat,0.0,-8.4866,116.0355411,Nusa Tenggara Barat
Pantai Klayar,pantai,Pacitan,0.0,-8.2246926,110.9484172,Jawa Timur
Pantai Krakal,pantai,Kabupaten Gunungkidul ꦏꦧꦸꦥꦠꦺꦤ꧀ꦒꦸꦤꦸꦁꦏꦶꦢꦸꦭ꧀,0.0,-8.1317391,110.5449125,Daerah Istimewa Yogyakarta
Pantai Kukup,pantai,Kabupaten Gunungkidul ꦏꦧꦸꦥꦠꦺꦤ꧀ꦒꦸꦤꦸꦁꦏꦶꦢꦸꦭ꧀,0.0,-8.1334793,110.5538855,Daerah Istimewa Yogyakarta
Pantai Kulisusu,pantai,Buton Utara,0.0,-4.7691904,123.1729134,Sulawesi Tenggara
Pantai Kuta,pantai,Badung,0.0,-8.7182136,115.1687568,Bali
Pantai Kuta Lombok,pantai,Lombok Tengah,0.0,-8.893944,116.2833729,Nusa Tenggara Barat
Pantai Labuan Bajo,pantai,Labuan Bajo,0.0,-8.5087436,119.877941,Nusa Tenggara Timur
Pantai Lasiana,pantai,Kupang,0.0,-10.131952,123.6691231,Nusa Tenggara Timur
Pantai Losari,pantai,Makassar,0.0,-5.14338,119.4075742,Sulawesi Selatan
Pantai Lovina,pantai,Buleleng,0.0,-8.1611877,115.0244312,Bali
Pantai Malalayang,pantai,Manado,0.0,1.4603363,124.7923249,Sulawesi Utara
Pantai Malimbu,pantai,Lombok Utara,0.0,-8.4400336,116.0392101,Nusa Tenggara Barat
Pantai Mamuju,pantai,Mamuju,0.0,-2.6707339,118.8893381,Sulawesi Barat
Pantai Mandalika,pantai,Lombok Tengah,0.0,-8.893944,116.2833729,Nusa Tenggara Barat
Pantai Melawai,pantai,Balikpapan,0.0,-1.2787968,116.8099832,Kalimantan Timur
Pantai Merah Muda,pantai,Manggarai Barat,0.0,-8.6013697,119.5205211,Nusa Tenggara Timur
Pantai Minahasa,pantai,Sulawesi,0.0,1.3955103,124.5897766,Sulawesi Utara
Pantai Murung Raya,pantai,Murung Raya,0.0,-0.5888837,114.2568886,Kalimantan Tengah
Pantai Mutun,pantai,Pesawaran,0.0,-5.5095584,105.2568023,Lampung
Pantai Mutun Lampung,pantai,Pesawaran,0.0,-5.5095584,105.2568023,Lampung
Pantai Nambo,pantai,Kendari,0.0,-4.0006455,122.6175135,Sulawesi Tenggara
Pantai Natsepa,pantai,Maluku Tengah,0.0,-3.6215875,128.2914815,Maluku
Pantai Nemberala,pantai,Rote Ndao,0.0,-10.8898977,122.8223329,Nusa Tenggara Timur
Pantai Nglambor,pantai,Kabupaten Gunungkidul ꦏꦧꦸꦥꦠꦺꦤ꧀ꦒꦸꦤꦸꦁꦏꦶꦢꦸꦭ꧀,0.0,-8.1823453,110.6792506,Daerah Istimewa Yogyakarta
Pantai Nipah,pantai,Lombok Utara,0.0,-8.4400336,116.0392101,Nusa Tenggara Barat
Pantai Nusa Dua,pantai,Badung,0.0,-8.8064165,115.2267684,Bali
Pantai Oesapa,pantai,Kupang,0.0,-10.140084,123.6554493,Nusa Tenggara Timur
Pantai Padang Padang,pantai,Badung,0.0,-8.8112154,115.103637,Bali
Pantai Palippis,pantai,Polewali Mandar,0.0,-3.5108786,119.0962293,Sulawesi Barat
Pantai Palu,pantai,Palu,0.0,-0.8644432,119.877316,Sulawesi Tengah
Pantai Pangandaran,pantai,Desa Pagandaran,0.0,-7.7003082,108.6558083,Jawa Barat
Pantai Parangtritis,pantai,Bantul,0.0,-8.0272827,110.3370078,Daerah Istimewa Yogyakarta
Pantai Pasir Padi,pantai,Pangkalpinang,0.0,-2.1116955,106.1719255,Kepulauan Bangka Belitung
Pantai Pasir Putih,pantai,Bengkulu,0.0,-3.831786,102.2827747,Bengkulu
Pantai Pelang,pantai,Trenggalek,0.0,-8.2587216,111.4248831,Jawa Timur
Pantai Pink,pantai,,0.0,-8.8595798,116.5757111,Nusa Tenggara Barat
Pantai Plengkung,pantai,Banyuwangi,0.0,-8.7314822,114.3494883,Jawa Timur
Pantai Pok Tunggal,pantai,Kabupaten Gunungkidul ꦏꦧꦸꦥꦠꦺꦤ꧀ꦒꦸꦤꦸꦁꦏꦶꦢꦸꦭ꧀,0.0,-8.1554823,110.6218792,Daerah Istimewa Yogyakarta
Pantai Popoh,pantai,Tulungagung,0.0,-8.2494031,111.8087741,Jawa Timur
Pantai Rajegwesi,pantai,Banyuwangi,0.0,-8.5594036,113.9360312,Jawa Timur
Pantai Sadranan,pantai,Kabupaten Gunungkidul ꦏꦧꦸꦥꦠꦺꦤ꧀ꦒꦸꦤꦸꦁꦏꦶꦢꦸꦭ꧀,0.0,-8.1457925,110.6044298,Daerah Istimewa Yogyakarta
Pantai Samas,pantai,Bantul,0.0,-8.0055784,110.2660484,Daerah Istimewa Yogyakarta
Pantai Sanur,pantai,Denpasar ᬤᬾᬦ᭄ᬧᬲᬃ,0.0,-8.6737949,115.2626771,Bali
Pantai Sawarna,pantai,Lebak,0.0,-6.9872744,106.3232487,
Pantai Sekotong,pantai,Mataram,0.0,-8.6112353,116.1068754,Nusa Tenggara Barat
Pantai Selong Belanak,pantai,Lombok Tengah,0.0,-8.8700693,116.1607277,Nusa Tenggara Barat
Pantai Sembalun,pantai,Mataram,0.0,-8.6010084,116.0752593,Nusa Tenggara Barat
Pantai Seminyak,pantai,Badung,0.0,-8.6841122,115.1523646,Bali
Pantai Senggigi,pantai,Lombok Barat,0.0,-8.4982125,116.0453563,Nusa Tenggara Barat
Pantai Seseh,pantai,Badung,0.0,-8.645371,115.1143403,Bali
Pantai Sire,pantai,Mataram,0.0,-8.6029369,116.1300819,Nusa Tenggara Barat
Pantai Siung,pantai,Kabupaten Gunungkidul ꦏꦧꦸꦥꦠꦺꦤ꧀ꦒꦸꦤꦸꦁꦏꦶꦢꦸꦭ꧀,0.0,-8.1821587,110.6839762,Daerah Istimewa Yogyakarta
Pantai Soge,pantai,Pacitan,0.0,-8.2475592,111.2634287,Jawa Timur
Pantai Sorong,pantai,Sorong,0.0,-0.7673552,131.4133775,Papua Barat Daya
Pantai Sulamadaha,pantai,Ternate,0.0,0.8626597,127.3352817,Maluku Utara
Pantai Sundak,pantai,Kabupaten Gunungkidul ꦏꦧꦸꦥꦠꦺꦤ꧀ꦒꦸꦤꦸꦁꦏꦶꦢꦸꦭ꧀,0.0,-8.1471841,110.6080799,Daerah Istimewa Yogyakarta
Pantai Tambakrejo,pantai,Blitar,0.0,-8.3159075,112.1444142,Jawa Timur
Pantai Tanah Merah,pantai,Kutai Kartanegara,0.0,-1.0475821,117.1014597,Kalimantan Timur
Pantai Tanjung,pantai,Fakfak,0.0,-2.9327697,132.2991496,Papua Barat
Pantai Teleng Ria,pantai,Pacitan,0.0,-8.2211573,111.0788703,Jawa Timur
Pantai Teluk Lombok,pantai,Kutai Timur,0.0,0.3774549,117.5599753,Kalimantan Timur
Pantai Teluk Penyu,pantai,Kelurahan Cilacap Kecamatan Cilacap,0.0,-7.7344586,109.0212913,Jawa Tengah
Pantai Ternate,pantai,Ternate,0.0,0.8626597,127.3352817,Maluku Utara
Pantai Tikus Emas,pantai,Bangka,0.0,-1.8867156,106.175657,Kepulauan Bangka Belitung
Pantai Timang,pantai,Kabupaten Gunungkidul ꦏꦧꦸꦥꦠꦺꦤ꧀ꦒꦸꦤꦸꦁꦏꦶꦢꦸꦭ꧀,0.0,-8.1756475,110.6632846,Daerah Istimewa Yogyakarta
Pantai Waisai,pantai,Raja Ampat,0.0,-0.4284786,130.8219783,Papua Barat Daya
Pantai Wakatobi,pantai,Wakatobi,0.0,-5.3662198,123.4998643,Sulawesi Tenggara
Pantai Watu Karung,pantai,Pacitan,0.0,-8.2402291,110.9828998,Jawa Timur
Pantai Wediombo,pantai,Kabupaten Gunungkidul ꦏꦧꦸꦥꦠꦺꦤ꧀ꦒꦸꦤꦸꦁꦏꦶꦢꦸꦭ꧀,0.0,-8.1873165,110.7103524,Daerah Istimewa Yogyakarta
Rumah Adat Banjar Kalimantan Selatan,rumah adat,Hulu Sungai Selatan,0.0,-2.634037,115.0957531,Kalimantan Selatan
Rumah Adat Buton Baubau,rumah adat,Buton Utara,0.0,-4.6872524,123.0221566,Sulawesi Tenggara
Rumah Adat Dayak Kalimantan,rumah adat,Landak,0.0,0.3852633,109.9339283,Kalimantan Barat
Rumah Adat Enrekang Sulawesi Selatan,rumah adat,Sulawesi,0.0,-3.6103967,119.8797063,Sulawesi Selatan
Rumah Adat Gadang Sumatera Barat,rumah adat,Solok Selatan,0.0,-1.4595663,101.0315028,Sumatera Barat
Rumah Adat Lamin Kalimantan Timur,rumah adat,Bontang,0.0,0.1978164,117.4729648,Kalimantan Timur
Rumah Adat Toraja,rumah adat,Toraja Utara,0.0,-3.0044673,119.9566412,Sulawesi Selatan
Rumah Adat Toraja Utara,rumah adat,Toraja Utara,0.0,-2.9860708,119.9527722,Sulawesi Selatan
Taman Anggrek Mall,taman,Daerah Khusus ibukota Jakarta,0.0,-6.1783746,106.7922761,
Taman Ayodya,taman,Daerah Khusus ibukota Jakarta,0.0,-6.2452139,106.7945886,
Taman Ayun,taman,Badung,0.0,-8.5418493,115.1724926,Bali
Taman Bunga Nusantara,taman,Cianjur,0.0,-6.7277478,107.0794088,Jawa Barat
Taman Cagar Alam Gunung Ambang,taman,Bolaang Mongondow Timur,0.0,0.7518555,124.4170723,Sulawesi Utara
Taman Hutan Raya Ir. H. Juanda,taman,Bandung Barat,0.0,-6.8411686,107.6503782,Jawa Barat
Taman Ismail Marzuki,taman,Daerah Khusus ibukota Jakarta,0.0,-6.1891551,106.8398854,
Taman Jepun,taman,Denpasar ᬤᬾᬦ᭄ᬧᬲᬃ,0.0,-8.6675057,115.2443466,Bali
Taman Kota Bontang,taman,Bontang,0.0,0.1355253,117.4678902,Kalimantan Timur
Taman Kota Kendari,taman,Kendari,0.0,-3.9736474,122.5129244,Sulawesi Tenggara
Taman Kota Makassar,taman,Makassar,0.0,-5.182353,119.4293122,Sulawesi Selatan
Taman Kota Palangkaraya,taman,Palangka Raya,0.0,-2.2158757,113.9193856,Kalimantan Tengah
Taman Kota Palu,taman,Palu,0.0,-0.9002119,119.8894116,Sulawesi Tengah
Taman Kota Pontianak,taman,Pontianak,0.0,-0.0494311,109.3436,Kalimantan Barat
Taman Kota Samarinda,taman,Samarinda,0.0,-0.491098,117.1532192,Kalimantan Timur
Taman Kota Singkawang,taman,Singkawang,0.0,0.9124179,108.9904002,Kalimantan Barat
Taman Laut Banda,taman,Maluku,0.0,-4.5201649,129.924145,Maluku
Taman Laut Banda Neira,taman,Maluku,0.0,-4.5201649,129.924145,Maluku
Taman Mayura,taman,Mataram,0.0,-8.586649,116.1331976,Nusa Tenggara Barat
Taman Menteng,taman,Daerah Khusus ibukota Jakarta,0.0,-6.1959974,106.8295739,
Taman Narmada,taman,Lombok Barat,0.0,-8.5960238,116.2053339,Nusa Tenggara Barat
Taman Nasional Aketajawe-Lolobata,taman,Halmahera Tengah,0.0,0.5894491,127.7387051,Maluku Utara
Taman Nasional Alas Purwo,taman,Banyuwangi,0.0,-8.6135534,114.3981629,Jawa Timur
Taman Nasional Bali Barat,taman,Buleleng,0.0,-8.1672301,114.4626955,Bali
Taman Nasional Baluran,taman,Situbondo,0.0,-7.8363697,114.3808459,Jawa Timur
Taman Nasional Bantimurung,taman,Pangkajene dan Kepulauan,0.0,-4.8683732,119.6930821,Sulawesi Selatan
Taman Nasional Bantimurung Bulusaraung,taman,Pangkajene dan Kepulauan,0.0,-4.8683732,119.6930821,Sulawesi Selatan
Taman Nasional Batang Gadis,taman,Mandailing Natal,0.0,0.8899134,99.3400377,Sumatera Utara
Taman Nasional Berbak,taman,Tanjung Jabung Timur,0.0,-1.4093264,104.2228031,Jambi
Taman Nasional Bogani Nani Wartabone,taman,Bolaang Mongondow Utara,0.0,0.5810207,123.549791,Sulawesi Utara
Taman Nasional Bromo Tengger Semeru,taman,Kabupaten Malang,0.0,-8.0254422,112.949168,Jawa Timur
Taman Nasional Bukit Baka Bukit Raya,taman,Katingan,0.0,-0.7158521,112.5860848,Kalimantan Tengah
Taman Nasional Bukit Barisan Selatan,taman,Pesisir Barat,0.0,-5.2472574,104.149891,Lampung
Taman Nasional Bukit Tigapuluh,taman,Tebo,0.0,-1.3718082,102.4791044,Jambi
Taman Nasional Bunaken,taman,Minahasa Utara,0.0,1.6732183,124.758243,Sulawesi Utara
Taman Nasional Halmahera,taman,Halmahera Tengah,0.0,0.5894491,127.7387051,Maluku Utara
Taman Nasional Karimunjawa,taman,Jawa,0.0,-5.7970834,110.31,Jawa Tengah
Taman Nasional Kayan Mentarang,taman,Kalimantan,0.0,3.2061545,115.8636941,Kalimantan Utara
Taman Nasional Kerinci Seblat,taman,Sumatera,0.0,-2.2619949,101.3594523,Jambi
Taman Nasional Komodo,taman,Manggarai Barat,0.0,-8.6069899,119.5729395,Nusa Tenggara Timur
Taman Nasional Kutai,taman,Kutai Timur,0.0,0.356592,117.2655867,Kalimantan Timur
Taman Nasional Laut Sawu,taman,,0.0,-10.2885916,120.8349871,Nusa Tenggara Timur
Taman Nasional Lore Lindu,taman,Poso,0.0,-1.5190466,120.1852466,Sulawesi Tengah
Taman Nasional Lorentz,taman,Western New Guinea,0.0,-4.641344,137.6663697,Papua Tengah
Taman Nasional Manusela,taman,Maluku Tengah,0.0,-3.0484302,129.2357306,Maluku
Taman Nasional Meru Betiri,taman,Banyuwangi,0.0,-8.4606063,113.85749,Jawa Timur
Taman Nasional Rawa Aopa Watumohai,taman,Konawe Selatan,0.0,-4.3036722,122.0138645,Sulawesi Tenggara
Taman Nasional Sebangau,taman,Kalimantan,0.0,-2.4769018,113.6931414,Kalimantan Tengah
Taman Nasional Siberut,taman,Sumatera,0.0,-1.4233193,98.8663082,Sumatera Barat
Taman Nasional Taka Bonerate,taman,Sulawesi,0.0,-6.7,121.1541667,Sulawesi Selatan
Taman Nasional Tambora,taman,,0.0,-8.2763787,117.996753,Nusa Tenggara Barat
Taman Nasional Tanjung Puting,taman,Kotawaringin Barat,0.0,-3.0641552,112.0185747,Kalimantan Tengah
Taman Nasional Teluk Cenderawasih,taman,Western New Guinea,0.0,-2.54526,135.0106277,Papua Tengah
Taman Nasional Tesso Nilo,taman,Pelalawan,0.0,-0.2205437,101.8731769,Riau
Taman Nasional Ujung Kulon,taman,Pandeglang,0.0,-6.751449,105.3177956,Banten
Taman Nasional Wakatobi,taman,Sulawesi,0.0,-5.9011111,124.1165972,Sulawesi Tenggara
Taman Nasional Wasur,taman,Western New Guinea,0.0,-8.5922228,140.7692643,Papua Selatan
Taman Nasional Way Kambas,taman,Lampung Timur,0.0,-4.9373689,105.7283403,Lampung
Taman Nusa,taman,Gianyar,0.0,-8.5309522,115.3600358,Bali
Taman Sari,taman,Sleman,0.0,-7.7495744,110.3971884,Daerah Istimewa Yogyakarta
Taman Spatodhea,taman,Daerah Khusus ibukota Jakarta,0.0,-6.3230579,106.8244616,
Taman Sukasada,taman,Karangasem,0.0,-8.464546,115.6304955,Bali
Taman Suropati,taman,Daerah Khusus ibukota Jakarta,0.0,-6.1994502,106.8326426,
Taman Udayana,taman,Mataram,0.0,-8.5721301,116.1025692,Nusa Tenggara Barat
Taman Waduk Pluit,taman,Daerah Khusus ibukota Jakarta,0.0,-6.115239,106.7948586,
Ancol Dreamland,wahana keluarga,Daerah Khusus ibukota Jakarta,0.0,-6.1215807,106.8371407,
Batu Night Spectacular,wahana keluarga,Kota Batu,0.0,-7.8964168,112.5345322,Jawa Timur
Batu Secret Zoo,wahana keluarga,Kota Batu,0.0,-7.8881687,112.529164,Jawa Timur
Dago Dreampark,wahana keluarga,Bandung Barat,0.0,-6.8476037,107.6254233,Jawa Barat
Dunia Fantasi,wahana keluarga,Daerah Khusus ibukota Jakarta,0.0,-6.1242122,106.832156,
Dunia Fantasi Ancol,wahana keluarga,Daerah Khusus ibukota Jakarta,0.0,-6.1242122,106.832156,
Farmhouse Lembang,wahana keluarga,Bandung Barat,0.0,-6.8321699,107.6057512,Jawa Barat
Go! Wet Waterpark Bekasi,wahana keluarga,Bekasi,0.0,-6.2977617,107.0505373,Jawa Barat
Grand Puri Waterpark Yogyakarta,wahana keluarga,Bantul,0.0,-7.8778724,110.3532303,Daerah Istimewa Yogyakarta
Green Canyon Pangandaran,wahana keluarga,Pangandaran,0.0,-7.7331415,108.4391618,Jawa Barat
Jogja Bay Waterpark,wahana keluarga,Sleman,0.0,-7.7472493,110.4189062,Daerah Istimewa Yogyakarta
Kampung Gajah Wonderland,wahana keluarga,Bandung Barat,0.0,-6.8295078,107.5965635,Jawa Barat
Saloka Theme Park,wahana keluarga,Kabupaten Semarang,0.0,-7.2801381,110.457617,Jawa Tengah
Sindu Kusuma Edupark,wahana keluarga,Sleman,0.0,-7.7658888,110.3557753,Daerah Istimewa Yogyakarta
Taman Impian Jaya Ancol,wahana keluarga,Daerah Khusus ibukota Jakarta,0.0,-6.1215807,106.8371407,
Taman Mini Indonesia Indah,wahana keluarga,Jakarta Timur,0.0,-6.3026341,106.8952962,
Taman Remaja Surabaya,wahana keluarga,Surabaya,0.0,-7.252909,112.7519455,Jawa Timur
The Jungle Bogor,wahana keluarga,Bogor,0.0,-6.6344256,106.7954514,Jawa Barat
The Park Mall Solo,wahana keluarga,Sukoharjo,0.0,-7.5988732,110.8163039,Jawa Tengah
Trans Studio Cibubur,wahana keluarga,Jakarta Timur,0.0,-6.3746768,106.9023871,Jawa Barat
Trans Studio Makassar,wahana keluarga,Makassar,0.0,-5.1588529,119.3940742,Sulawesi Selatan
Umbul Ponggok,wahana keluarga,Klaten,0.0,-7.6127787,110.6359128,Jawa Tengah
Waterbom Bali,wahana keluarga,Badung,0.0,-8.7282927,115.170627,Bali
Waterboom Jakarta,wahana keluarga,Daerah Khusus ibukota Jakarta,0.0,-6.1132402,106.7490248,
Waterboom Lippo Cikarang,wahana keluarga,Jawa,0.0,-6.3316066,107.138407,Jawa Barat
Wonderland Karawang,wahana keluarga,Karawang ᮊᮛᮝᮀ,0.0,-6.326002,107.2901281,Jawa Barat
Kertha Gosa,wisata  religi,Klungkung,0.0,-8.5354185,115.4035849,Bali
Campuhan Ridge Walk,wisata alam,Gianyar,0.0,-8.5037726,115.2547973,Bali
Ciletuh Geopark,wisata alam,Kab Sukabumi,0.0,-7.0413411,106.546804,Jawa Barat
Curug Benowo,wisata alam,Kendal,0.0,-7.1577708,110.3572378,Jawa Tengah
Curug Cibereum,wisata alam,Cianjur,0.0,-6.7540556,106.9864083,Jawa Barat
Curug Cikaso,wisata alam,Kab Sukabumi,0.0,-7.3605364,106.6176073,Jawa Barat
Curug Cikondang,wisata alam,Cianjur,0.0,-7.0175969,107.0963162,Jawa Barat
Curug Cimahi,wisata alam,Bandung Barat,0.0,-6.7992718,107.5777601,Jawa Barat
Curug Cipeuteuy,wisata alam,Karawang ᮊᮛᮝᮀ,0.0,-6.5436263,107.2381787,Jawa Barat
Curug Lawe,wisata alam,Ungaran,0.0,-7.1568739,110.3542113,Jawa Tengah
Curug Malela,wisata alam,Bandung Barat,0.0,-7.0115742,107.2056616,Jawa Barat
Curug Nangka,wisata alam,Kab Bogor,0.0,-6.6801229,106.7473054,Jawa Barat
Curug Sawer,wisata alam,Kab Sukabumi,0.0,-6.8306568,106.9330492,Jawa Barat
Curug Sewu,wisata alam,Kendal,0.0,-7.0933442,110.0926959,Jawa Tengah
Danau Batur,wisata alam,Bangli,0.0,-8.2549584,115.412108,Bali
Danau Beratan,wisata alam,Tabanan,0.0,-8.2733484,115.1753646,Bali
Danau Kaolin,wisata alam,Belitung,0.0,-2.7381387,107.6800194,Kepulauan Bangka Belitung
Danau Kelimutu,wisata alam,Bogor,0.0,-6.5928061,106.8102105,Jawa Barat
Danau Limboto,wisata alam,Gorontalo,0.0,0.5837874,122.9926691,Gorontalo
Danau Linow,wisata alam,Tomohon,0.0,1.2707806,124.826481,Sulawesi Utara
Danau Maninjau,wisata alam,Agam,0.0,-0.3274088,100.1948056,Sumatera Barat
Danau Matano,wisata alam,Sulawesi,0.0,-2.4960014,121.3705886,Sulawesi Selatan
Danau Melintang,wisata alam,Mataram,0.0,-8.6070748,116.1082543,Nusa Tenggara Barat
Danau Poso,wisata alam,Poso,0.0,-1.9216194,120.614102,Sulawesi Tengah
Danau Rambutan,wisata alam,Palembang,0.0,-3.016797,104.7966618,Sumatera Selatan
Danau Ranau,wisata alam,Desa Ujung,0.0,-4.8858445,103.90331,Lampung
Danau Sebangau,wisata alam,Palangka Raya,0.0,-2.20636,114.004882,Kalimantan Tengah
Danau Sembuluh,wisata alam,Seruyan,0.0,-2.712125,112.3774792,Kalimantan Tengah
Danau Sentani,wisata alam,Jayapura,0.0,-2.6243128,140.5591859,Papua
Danau Sentarum,wisata alam,Kapuas Hulu,0.0,0.8358796,112.1116345,Kalimantan Barat
Danau Singkarak,wisata alam,Tanah Datar,0.0,-0.6167842,100.5416618,Sumatera Barat
Danau Tamblingan,wisata alam,Buleleng,0.0,-8.2573226,115.0964432,Bali
Danau Teluk Gelam,wisata alam,Ogan Komering Ilir,0.0,-3.5651185,104.7942738,Sumatera Selatan
Danau Tempe,wisata alam,Sulawesi,0.0,-4.1282039,119.9655936,Sulawesi Selatan
Danau Toba,wisata alam,Sumatera,0.0,2.6108377,98.9023081,Sumatera Utara
Danau Tondano,wisata alam,Sulawesi,0.0,1.2270186,124.8890017,Sulawesi Utara
Devoyage Bogor,wisata alam,Bogor,0.0,-6.6382298,106.7951412,Jawa Barat
Dieng Plateau,wisata alam,Banjarnegara,0.0,-7.2157925,109.9065646,Jawa Tengah
Gili Air,wisata alam,Lombok Utara,0.0,-8.3577073,116.081162,Nusa Tenggara Barat
Gili Kedis,wisata alam,Lombok Barat,0.0,-8.7304951,116.0256309,Nusa Tenggara Barat
Gili Meno,wisata alam,Lombok Utara,0.0,-8.3505557,116.0569626,Nusa Tenggara Barat
Gili Nanggu,wisata alam,Lombok Barat,0.0,-8.7177365,116.0086591,Nusa Tenggara Barat
Gili Petelu,wisata alam,,0.0,-8.8543323,116.5710632,Nusa Tenggara Barat
Gili Sulat,wisata alam,,0.0,-8.3284019,116.7246605,Nusa Tenggara Barat
Gili Trawangan,wisata alam,Lombok Utara,0.0,-8.3503396,116.0362621,Nusa Tenggara Barat
Goa Batu,wisata alam,Paser,0.0,-1.8037667,115.9198139,Kalimantan Timur
Goa Gajah,wisata alam,Gianyar,0.0,-8.5235369,115.2867536,Bali
Goa Gong,wisata alam,Pacitan,0.0,-8.1650433,110.9800128,Jawa Timur
Goa Jatijajar,wisata alam,Kebumen,0.0,-7.66984,109.4235289,Jawa Tengah
Goa Jomblang,wisata alam,Kabupaten Gunungkidul ꦏꦧꦸꦥꦠꦺꦤ꧀ꦒꦸꦤꦸꦁꦏꦶꦢꦸꦭ꧀,0.0,-8.0286285,110.6382419,Daerah Istimewa Yogyakarta
Goa Lawah,wisata alam,Klungkung,0.0,-8.5515251,115.4689715,Bali
Goa Pandawa,wisata alam,Kota Batu,0.0,-7.852614,112.5010005,Jawa Timur
Goa Pindul,wisata alam,Kabupaten Gunungkidul ꦏꦧꦸꦥꦠꦺꦤ꧀ꦒꦸꦤꦸꦁꦏꦶꦢꦸꦭ꧀,0.0,-7.9310483,110.6479201,Daerah Istimewa Yogyakarta
Goa Rang Reng,wisata alam,Gianyar,0.0,-8.5162049,115.3313046,Bali
Hutan Pinus Mangunan,wisata alam,Bantul,0.0,-7.9228665,110.4341077,Daerah Istimewa Yogyakarta
Jembatan Mahakam,wisata alam,Samarinda,0.0,-0.5197684,117.1191352,Kalimantan Timur
Jembatan Samarinda,wisata alam,Samarinda,0.0,-0.585182,117.1095104,Kalimantan Timur
Jembatan Tenggarong,wisata alam,Kutai Kartanegara,0.0,-0.4443046,117.0027737,Kalimantan Timur
Kaliurang,wisata alam,Hargobinangun,0.0,-7.6005217,110.4256299,Daerah Istimewa Yogyakarta
Kawah Ijen,wisata alam,Bondowoso,0.0,-8.0579203,114.2417131,Jawa Timur
Kawah Kamojang,wisata alam,Kabupaten Bandung,0.0,-7.125,107.8,Jawa Barat
Kawah Putih,wisata alam,Kabupaten Bandung,0.0,-7.1661181,107.4022669,Jawa Barat
Kawah Ratu,wisata alam,Kab Bogor,0.0,-6.7169833,106.7128302,Jawa Barat
Kawah Sikidang,wisata alam,Banjarnegara,0.0,-7.2197193,109.904795,Jawa Tengah
Kebun Buah Mangunan,wisata alam,Bantul,0.0,-7.9414871,110.4248003,Daerah Istimewa Yogyakarta
Kebun Kelapa Sawit,wisata alam,Penajam Paser Utara,0.0,-1.3106928,116.7461412,Kalimantan Timur
Kebun Raya Baturraden,wisata alam,Banyumas,0.0,-7.3055119,109.2314141,Jawa Tengah
Kepulauan Raja Ampat,wisata alam,Raja Ampat,0.0,0.3768088,131.0493911,Papua Barat Daya
Labuan Bajo,wisata alam,Labuan Bajo,0.0,-8.4944201,119.8855688,Nusa Tenggara Timur
Pagar Alam,wisata alam,Pagar Alam,0.0,-4.0209526,103.2501603,Sumatera Selatan
Pahawang Island,wisata alam,Pesawaran,0.0,-5.6757839,105.2212726,Lampung
Pulau Adonara,wisata alam,Flores Timur,0.0,-8.318462,123.1657963,Nusa Tenggara Timur
Pulau Alor,wisata alam,Alor,0.0,-8.2911448,124.7777164,Nusa Tenggara Timur
Pulau Ambon,wisata alam,Maluku Tengah,0.0,-3.6422972,128.0797053,Maluku
Pulau Asmat,wisata alam,Asmat,0.0,-5.366667,137.733333,Papua Selatan
Pulau Ayer,wisata alam,Daerah Khusus ibukota Jakarta,0.0,-5.7630948,106.5831643,
Pulau Babi,wisata alam,Belitung,0.0,-2.5679424,107.6258128,Kepulauan Bangka Belitung
Pulau Bacan,wisata alam,Halmahera Selatan,0.0,-0.5840664,127.4918708,Maluku Utara
Pulau Bangka,wisata alam,Minahasa Utara,0.0,1.7907213,125.1554826,Sulawesi Utara
Pulau Batanta,wisata alam,Raja Ampat,0.0,-0.8377267,130.7068469,Papua Barat Daya
Pulau Berau,wisata alam,Berau,0.0,2.1399777,118.5395082,Kalimantan Timur
Pulau Besar,wisata alam,Sumatera,0.0,-2.883333,106.133333,Kepulauan Bangka Belitung
Pulau Binongko,wisata alam,Wakatobi,0.0,-5.9546218,124.0210187,Sulawesi Tenggara
Pulau Buru,wisata alam,Maluku,0.0,-3.4591432,126.6562293,Maluku
Pulau Cempedak,wisata alam,Ketapang,0.0,-2.6328869,110.1204135,Kalimantan Barat
Pulau Derawan,wisata alam,Berau,0.0,2.2841235,118.2435287,Kalimantan Timur
Pulau Flores,wisata alam,,0.0,-8.5100369,120.5981537,Nusa Tenggara Timur
Pulau Gam,wisata alam,Raja Ampat,0.0,-0.4658697,130.6398411,Papua Barat Daya
Pulau Gili Banta,wisata alam,,0.0,-8.4305606,119.2853381,Nusa Tenggara Barat
Pulau Halmahera,wisata alam,Maluku,0.0,0.6536435,127.9319556,Maluku Utara
Pulau Kakaban,wisata alam,Berau,0.0,2.1399777,118.5395082,Kalimantan Timur
Pulau Kapoposang,wisata alam,Sulawesi,0.0,-4.7,118.95,Sulawesi Selatan
Pulau Karimata,wisata alam,Kayong Utara,0.0,-1.6059608,108.9062009,Kalimantan Barat
Pulau Katingan,wisata alam,Katingan,0.0,-3.22976,113.3275273,Kalimantan Tengah
Pulau Kei Kecil,wisata alam,Maluku Tenggara,0.0,-5.7714884,132.73776,Maluku
Pulau Kelapa,wisata alam,Lampung Selatan,0.0,-5.8729463,105.7570682,Lampung
Pulau Kemaro,wisata alam,Palembang,0.0,-2.9798369,104.8199048,Sumatera Selatan
Pulau Kenawa,wisata alam,Sumbawa Barat,0.0,-8.4985718,116.832948,Nusa Tenggara Barat
Pulau Kepayang,wisata alam,Belitung,0.0,-2.5486082,107.6509146,Kepulauan Bangka Belitung
Pulau Ketawai,wisata alam,Bangka Tengah,0.0,-2.2657969,106.32784,Kepulauan Bangka Belitung
Pulau Kodingareng,wisata alam,Makassar,0.0,-5.1490655,119.2648071,Sulawesi Selatan
Pulau Komodo,wisata alam,Manggarai Barat,0.0,-8.5891905,119.4624119,Nusa Tenggara Timur
Pulau Kri,wisata alam,Raja Ampat,0.0,-0.5672263,130.6586583,Papua Barat Daya
Pulau Legundi,wisata alam,Pesawaran,0.0,-5.8142911,105.2929993,Lampung
Pulau Lembata,wisata alam,Lembata,0.0,-8.3781443,123.5446266,Nusa Tenggara Timur
Pulau Lembeh,wisata alam,Bitung,0.0,1.4684975,125.2589817,Sulawesi Utara
Pulau Lemukutan,wisata alam,Bengkayang,0.0,0.767172,108.7071975,Kalimantan Barat
Pulau Lengkuas,wisata alam,Sumatera,0.0,-2.5370465,107.6203231,Kepulauan Bangka Belitung
Pulau Lepar,wisata alam,Bangka Selatan,0.0,-2.9632056,106.8089193,Kepulauan Bangka Belitung
Pulau Lombok Timur,wisata alam,,0.0,-8.8172619,116.5319344,Nusa Tenggara Barat
Pulau Maitara,wisata alam,Tidore Kepulauan,0.0,0.7326818,127.3705295,Maluku Utara
Pulau Mandioli,wisata alam,Halmahera Selatan,0.0,-0.7005541,127.2373273,Maluku Utara
Pulau Maratua,wisata alam,Berau,0.0,2.2374937,118.5728007,Kalimantan Timur
Pulau Mioswaar,wisata alam,Western New Guinea,0.0,-2.0804969,134.3545977,Papua Barat
Pulau Misool,wisata alam,Raja Ampat,0.0,-1.8671494,130.070519,Papua Barat Daya
Pulau Morotai,wisata alam,Pulau Morotai,0.0,2.3129234,128.4418556,Maluku Utara
Pulau Moyo,wisata alam,,0.0,-8.2668723,117.5553083,Nusa Tenggara Barat
Pulau Onrust,wisata alam,Daerah Khusus ibukota Jakarta,0.0,-6.0335295,106.734901,
Pulau Padar,wisata alam,Manggarai Barat,0.0,-8.6626997,119.5557377,Nusa Tenggara Timur
Pulau Pahawang,wisata alam,Pesawaran,0.0,-5.6757839,105.2212726,Lampung
Pulau Panjang,wisata alam,Berau,0.0,2.3659907,118.2091481,Kalimantan Timur
Pulau Pantar,wisata alam,Alor,0.0,-8.3624551,124.1805656,Nusa Tenggara Timur
Pulau Pasaran,wisata alam,Bandar Lampung,0.0,-5.4640446,105.2650567,Lampung
Pulau Pulau Maluku,wisata alam,Maluku Tenggara,0.0,-5.7493049,132.6852851,Maluku
Pulau Randayan,wisata alam,Kalimantan,0.0,0.716667,108.733333,Kalimantan Barat
Pulau Rinca,wisata alam,Manggarai Barat,0.0,-8.7069643,119.6867114,Nusa Tenggara Timur
Pulau Rote,wisata alam,Rote Ndao,0.0,-10.6870292,123.208435,Nusa Tenggara Timur
Pulau Samalona,wisata alam,Makassar,0.0,-5.1255055,119.3435008,Sulawesi Selatan
Pulau Samama,wisata alam,Berau,0.0,2.1358203,118.3288038,Kalimantan Timur
Pulau Sangalaki,wisata alam,Berau,0.0,2.0862854,118.3994784,Kalimantan Timur
Pulau Saparua,wisata alam,Maluku Tengah,0.0,-3.566667,128.666667,Maluku
Pulau Satonda,wisata alam,,0.0,-8.1096652,117.7480875,Nusa Tenggara Barat
Pulau Semau,wisata alam,Kupang,0.0,-10.2268265,123.3710799,Nusa Tenggara Timur
Pulau Seribu,wisata alam,Daerah Khusus ibukota Jakarta,0.0,-5.6350469,106.5803541,
Pulau Siau,wisata alam,Kepulauan Siau Tagulandang Biaro,0.0,2.7223131,125.3820802,Sulawesi Utara
Pulau Solor,wisata alam,Flores Timur,0.0,-8.517276,122.9345454,Nusa Tenggara Timur
Pulau Sumba,wisata alam,Sumba Timur,0.0,-10.3134659,120.1958373,Nusa Tenggara Timur
Pulau Sumbawa Besar,wisata alam,,0.0,-8.4662963,117.4038685,Nusa Tenggara Barat
Pulau Tegal,wisata alam,Pesawaran,0.0,-5.5674104,105.2739979,Lampung
Pulau Tempurung,wisata alam,Kalimantan,0.0,0.716667,108.866667,Kalimantan Barat
Pulau Ternate,wisata alam,Ternate,0.0,0.8104023,127.3409697,Maluku Utara
Pulau Tidore,wisata alam,Tidore Kepulauan,0.0,0.6901198,127.411456,Maluku Utara
Pulau Tidung,wisata alam,Tana Tidung,0.0,3.616667,116.916667,Kalimantan Utara
Pulau Umang,wisata alam,Pandeglang,0.0,-6.643015,105.581404,Banten
Pulau Waigeo,wisata alam,Raja Ampat,0.0,-0.22409,131.0430825,Papua Barat Daya
Pulau Wayag,wisata alam,Raja Ampat,0.0,0.1777739,130.042052,Papua Barat Daya
Puncak Becici,wisata alam,Bantul,0.0,-7.9012592,110.4372592,Daerah Istimewa Yogyakarta
Puncak Suroloyo,wisata alam,Kulonprogo,0.0,-7.6475662,110.1813747,Daerah Istimewa Yogyakarta
Raja Ampat,wisata alam,Raja Ampat,0.0,-0.7125553,130.3034473,Papua Barat Daya
Sungai Musi,wisata alam,Banyuasin,0.0,-2.5506475,104.9202715,Sumatera Selatan
Sungai Way Seputih,wisata alam,Sumatera,0.0,-4.8585891,105.3350899,Lampung
Suramadu Bridge,wisata alam,Bangkalan,0.0,-7.1842763,112.7803027,Jawa Timur
Taman Nasional Danau Sentarum,wisata alam,Kapuas Hulu,0.0,0.8367767,112.1830307,Kalimantan Barat
Taman Nasional Gunung Ciremai,wisata alam,Kuningan,0.0,-6.8800193,108.4104831,Jawa Barat
Taman Nasional Gunung Gede Pangrango,wisata alam,Kab Sukabumi,0.0,-6.7752118,106.9311234,Jawa Barat
Taman Nasional Gunung Halimun Salak,wisata alam,Lebak,0.0,-6.7417746,106.4540374,Banten
Taman Nasional Gunung Leuser,wisata alam,Sumatera,0.0,3.4925578,97.5593699,Aceh
Taman Nasional Gunung Merapi,wisata alam,Hargobinangun,0.0,-7.5599048,110.4302775,Daerah Istimewa Yogyakarta
Taman Nasional Gunung Merbabu,wisata alam,Kabupaten Semarang,0.0,-7.4405123,110.4370164,Jawa Tengah
Taman Nasional Gunung Palung,wisata alam,Kayong Utara,0.0,-1.2137375,110.2375269,Kalimantan Barat
Taman Nasional Gunung Rinjani,wisata alam,,0.0,-8.4260537,116.4763578,Nusa Tenggara Barat
Taman Nasional Gunung Tambora,wisata alam,,0.0,-8.2763787,117.996753,Nusa Tenggara Barat
Tangkuban Perahu,wisata alam,Subang,0.0,-6.7534098,107.608264,Jawa Barat
Bali Safari & Marine Park,wisata edukasi,Gianyar,0.0,-8.5808653,115.3440854,Bali
Dusun Semilir,wisata edukasi,Kabupaten Semarang,0.0,-7.2375127,110.432898,Jawa Tengah
Eco Green Park,wisata edukasi,Kota Batu,0.0,-7.8876615,112.5267665,Jawa Timur
Floating Market Lembang,wisata edukasi,Bandung Barat,0.0,-6.8187298,107.618115,Jawa Barat
Jatim Park 1,wisata edukasi,Mojopanggung,0.0,-8.2079276,114.3562777,Jawa Timur
Jatim Park 2,wisata edukasi,Mojopanggung,0.0,-8.2079276,114.3562777,Jawa Timur
Kampung Adat Bena,wisata edukasi,Ngada,0.0,-8.8771647,120.986082,Nusa Tenggara Timur
Kampung Adat Luba,wisata edukasi,Ngada,0.0,-8.8746304,120.9845814,Nusa Tenggara Timur
Kampung Arab Ampel,wisata edukasi,Surabaya,0.0,-7.2315883,112.7425599,Jawa Timur
Kampung Batik Laweyan,wisata edukasi,Surakarta,0.0,-7.5694863,110.7960636,Jawa Tengah
Kampung Berau,wisata edukasi,Berau,0.0,2.1997013,116.6992953,Kalimantan Timur
Kampung Bontang,wisata edukasi,Kutai Timur,0.0,0.2007596,117.4495565,Kalimantan Timur
Kampung Bugis,wisata edukasi,Kutai Timur,0.0,0.5121711,117.5972392,Kalimantan Timur
Kampung Ciburial,wisata edukasi,Kabupaten Bandung,0.0,-6.8410502,107.6557382,Jawa Barat
Kampung Cikadu,wisata edukasi,Pandeglang,0.0,-6.5256832,105.6803975,Banten
Kampung Melayu,wisata edukasi,Hulu Sungai Tengah,0.0,-2.5820842,115.3864899,Kalimantan Selatan
Kampung Melayu Borneo,wisata edukasi,Banjarmasin,0.0,-3.3171899,114.6006391,Kalimantan Selatan
Kampung Samarinda,wisata edukasi,Samarinda,0.0,-0.5079768,117.164586,Kalimantan Timur
Kampung Sampireun,wisata edukasi,Sukakarya,0.0,-7.2028023,107.8167749,Jawa Barat
Kampung Teluk,wisata edukasi,Kutai Timur,0.0,0.1978005,117.4482578,Kalimantan Timur
Kampung Tridi Malang,wisata edukasi,Kota Malang,0.0,-7.9817148,112.6379373,Jawa Timur
Kampung Wamena,wisata edukasi,Wamena,0.0,-4.0913238,138.9365159,Papua Pegunungan
Kebun Binatang Ragunan,wisata edukasi,Daerah Khusus ibukota Jakarta,0.0,-6.3114056,106.8216699,
Kebun Raya Bogor,wisata edukasi,Bogor,0.0,-6.5983032,106.7994187,Jawa Barat
Kebun Raya Cibodas,wisata edukasi,Cianjur,0.0,-6.7366316,107.0079063,Jawa Barat
Kebun Raya Kalimantan Utara,wisata edukasi,Nunukan,0.0,4.0895795,117.6399182,Kalimantan Utara
Kebun Raya Malang,wisata edukasi,Pasuruan,0.0,-7.7998333,112.741642,Jawa Timur
Kebun Raya Purwodadi,wisata edukasi,Pasuruan,0.0,-7.7998333,112.741642,Jawa Timur
Kebun Raya Samarinda,wisata edukasi,Samarinda,0.0,-0.4493074,117.2109205,Kalimantan Timur
Kebun Teh Wonosari,wisata edukasi,Kabupaten Malang,0.0,-7.812482,112.6402789,Jawa Timur
KidZania Jakarta,wisata edukasi,Daerah Khusus ibukota Jakarta,0.0,-6.2243077,106.8094341,
Museum Affandi,wisata edukasi,Sleman,0.0,-7.7827543,110.3963324,Daerah Istimewa Yogyakarta
Observatorium Bosscha,wisata edukasi,Bandung Barat,0.0,-6.8244765,107.61602,Jawa Barat
Planetarium Jakarta,wisata edukasi,Daerah Khusus ibukota Jakarta,0.0,-6.1901222,106.8391385,
Pusat Konservasi Elang Kamojang,wisata edukasi,Sukakarya,0.0,-7.1681482,107.7999159,Jawa Barat
Pusat Penelitian Kopi dan Kakao Jember,wisata edukasi,Jember,0.0,-8.1620212,113.7091569,Jawa Timur
Rumah Atsiri Indonesia,wisata edukasi,Karanganyar,0.0,-7.6546345,111.1014613,Jawa Tengah
Sea World Ancol,wisata edukasi,Daerah Khusus ibukota Jakarta,0.0,-6.1271335,106.8415805,
SeaWorld Ancol,wisata edukasi,Daerah Khusus ibukota Jakarta,0.0,-6.125818,106.8428846,
Selecta,wisata edukasi,Kota Batu,0.0,-7.8191784,112.5251767,Jawa Timur
Seminyak Village,wisata edukasi,Badung,0.0,-8.683248,115.1568656,Bali
Taman Pintar Yogyakarta,wisata edukasi,Kota Yogyakarta,0.0,-7.8010466,110.3677697,Daerah Istimewa Yogyakarta
Trans Studio Bandung,wisata edukasi,Kota Bandung,0.0,-6.9247021,107.6360969,Jawa Barat
Benteng Baluwarti,wisata kerajaan,Surakarta,0.0,-7.572122,110.8312357,Jawa Tengah
Benteng Buton Baubau,wisata kerajaan,Baubau,0.0,-5.4733218,122.6102454,Sulawesi Tenggara
Benteng Kuto Besak,wisata kerajaan,Palembang,0.0,-2.992422,104.7597918,Sumatera Selatan
Benteng Kuto Besak Palembang,wisata kerajaan,Palembang,0.0,-2.992422,104.7597918,Sumatera Selatan
Benteng Pendem,wisata kerajaan,Kelurahan Cilacap Kecamatan Cilacap,0.0,-7.7491116,109.0172596,Jawa Tengah
Benteng Speelwijk,wisata kerajaan,Serang ᮞᮦᮛᮀ,0.0,-6.0310818,106.1507599,
Benteng Speelwijk Banten,wisata kerajaan,Serang ᮞᮦᮛᮀ,0.0,-6.0310818,106.1507599,
Benteng Surosowan,wisata kerajaan,Serang ᮞᮦᮛᮀ,0.0,-6.0378452,106.1558032,
Benteng Vastenburg,wisata kerajaan,Surakarta,0.0,-7.572122,110.8312357,Jawa Tengah
Benteng Wolio,wisata kerajaan,Baubau,0.0,-5.4733218,122.6102454,Sulawesi Tenggara
Istana Bogor,wisata kerajaan,Bogor,0.0,-6.5979795,106.7975641,Jawa Barat
Istana Maimun Medan,wisata kerajaan,Kota Medan ᯔᯩᯑᯉ᯲,0.0,3.575232,98.6838169,Sumatera Utara
Istana Siak Sri Indrapura Riau,wisata kerajaan,Siak,0.0,0.7948074,102.0490273,Riau
Istana Tampaksiring,wisata kerajaan,Gianyar,0.0,-8.4143074,115.313147,Bali
Istano Basa Pagaruyung,wisata kerajaan,Tanah Datar,0.0,-0.4713638,100.6214909,Sumatera Barat
Kerajaan Gowa,wisata kerajaan,Sulawesi,0.0,-5.2070607,119.4524687,Sulawesi Selatan
Keraton Kanoman Cirebon,wisata kerajaan,Kota Cirebon,0.0,-6.7224492,108.5680568,Jawa Barat
Keraton Kasepuhan Cirebon,wisata kerajaan,Kota Cirebon,0.0,-6.7272941,108.5717151,Jawa Barat
Keraton Surakarta,wisata kerajaan,Surakarta,0.0,-7.5784379,110.8283543,Jawa Tengah
Keraton Yogyakarta,wisata kerajaan,Kota Yogyakarta,0.0,-7.8029256,110.3651894,Daerah Istimewa Yogyakarta
Puri Agung Gianyar,wisata kerajaan,Gianyar,0.0,-8.5067232,115.262707,Bali
Puri Agung Karangasem,wisata kerajaan,Karangasem,0.0,-8.4433442,115.6163545,Bali
Puri Saren Ubud,wisata kerajaan,Gianyar,0.0,-8.5067232,115.262707,Bali
Bakso President Malang,wisata kuliner,Kota Malang,0.0,-7.9624439,112.6368008,Jawa Timur
Coto Nusantara Makassar,wisata kuliner,Makassar,0.0,-5.1305904,119.4062286,Sulawesi Selatan
Gado-Gado Cemara Jakarta,wisata kuliner,Daerah Khusus ibukota Jakarta,0.0,-6.1794317,106.8139422,
Gudeg Yu Djum Yogyakarta,wisata kuliner,Kota Yogyakarta,0.0,-7.8045373,110.3668938,Daerah Istimewa Yogyakarta
Jalan Ahmad Yani Makassar,wisata kuliner,Makassar,0.0,-5.1328565,119.4078668,Sulawesi Selatan
Jalan Braga Bandung,wisata kuliner,Kota Bandung,0.0,-6.9168925,107.6091723,Jawa Barat
Jalan Dago Bandung,wisata kuliner,Kota Bandung,0.0,-6.8863522,107.6136814,Jawa Barat
Jalan Malioboro Yogyakarta,wisata kuliner,Kota Yogyakarta,0.0,-7.7932411,110.365806,Daerah Istimewa Yogyakarta
Jalan Sumatera Surabaya,wisata kuliner,Surabaya,0.0,-7.2749513,112.7451892,Jawa Timur
Jalan Suroto Yogyakarta,wisata kuliner,Kota Yogyakarta,0.0,-7.785899,110.3744277,Daerah Istimewa Yogyakarta
Kampung Tugu Jakarta,wisata kuliner,Daerah Khusus ibukota Jakarta,0.0,-6.127958,106.9185365,
Martabak San Francisco Bandung,wisata kuliner,Kota Bandung,0.0,-6.9590474,107.6894384,Jawa Barat
Mie Kocok Bandung,wisata kuliner,Denpasar ᬤᬾᬦ᭄ᬧᬲᬃ,0.0,-8.6652033,115.239048,Bali
Nasi Kapau Bukittinggi,wisata kuliner,Daerah Khusus ibukota Jakarta,0.0,-6.1756359,106.7817377,
Pasar Ambon,wisata kuliner,Ambon,0.0,-3.6937552,128.179026,Maluku
Pasar Atom Surabaya,wisata kuliner,Surabaya,0.0,-7.2414035,112.7441077,Jawa Timur
Pasar Badung,wisata kuliner,Denpasar ᬤᬾᬦ᭄ᬧᬲᬃ,0.0,-8.656297,115.2124235,Bali
Pasar Baru,wisata kuliner,Daerah Khusus ibukota Jakarta,0.0,-6.164901,106.8334669,
Pasar Bersehati,wisata kuliner,Manado,0.0,1.4980107,124.8413311,Sulawesi Utara
Pasar Bontang,wisata kuliner,Bontang,0.0,0.1698676,117.4771783,Kalimantan Timur
Pasar Celuk,wisata kuliner,Gianyar,0.0,-8.5964575,115.2832919,Bali
Pasar Cibadak Bandung,wisata kuliner,Kota Bandung,0.0,-6.9232848,107.5955639,Jawa Barat
Pasar Cihapit Bandung,wisata kuliner,Kota Bandung,0.0,-6.9085551,107.6224564,Jawa Barat
Pasar Flamboyan,wisata kuliner,Pontianak,0.0,-0.0402083,109.3453369,Kalimantan Barat
Pasar Gede Solo,wisata kuliner,Surakarta,0.0,-7.5693721,110.8314627,Jawa Tengah
Pasar Gianyar,wisata kuliner,Gianyar,0.0,-8.5425256,115.3270651,Bali
Pasar Ikan Ambon,wisata kuliner,Ambon,0.0,-3.6875401,128.1833998,Maluku
Pasar Johar,wisata kuliner,Kota Semarang,0.0,-6.9721147,110.424762,Jawa Tengah
Pasar Kapuas Hulu,wisata kuliner,Kapuas Hulu,0.0,0.6643468,112.2773659,Kalimantan Barat
Pasar Klewer,wisata kuliner,Surakarta,0.0,-7.5755013,110.8268372,Jawa Tengah
Pasar Kota Barito,wisata kuliner,Barito Kuala,0.0,-3.1310335,114.4848887,Kalimantan Selatan
Pasar Kranggan,wisata kuliner,Kota Yogyakarta,0.0,-7.7825017,110.3656896,Daerah Istimewa Yogyakarta
Pasar Kuala Pembuang,wisata kuliner,Seruyan,0.0,-3.3865215,112.5528643,Kalimantan Tengah
Pasar Kumbasari,wisata kuliner,Denpasar ᬤᬾᬦ᭄ᬧᬲᬃ,0.0,-8.6560993,115.2118033,Bali
Pasar Kuto Palembang,wisata kuliner,Palembang,0.0,-2.9812649,104.7714847,Sumatera Selatan
Pasar Lama Tangerang,wisata kuliner,Tangerang,0.0,-6.1779396,106.6300758,Banten
Pasar Luwuk,wisata kuliner,Banggai,0.0,-0.9562272,122.7896944,Sulawesi Tengah
Pasar Malam Makassar,wisata kuliner,Makassar,0.0,-5.1377954,119.4325202,Sulawesi Selatan
Pasar Mamuju,wisata kuliner,Mamuju,0.0,-2.672303,118.8919325,Sulawesi Barat
Pasar Mas,wisata kuliner,Gianyar,0.0,-8.5446439,115.2721291,Bali
Pasar Modern Mamuju,wisata kuliner,Mamuju,0.0,-2.672303,118.8919325,Sulawesi Barat
Pasar Pagi Medan,wisata kuliner,Kota Medan ᯔᯩᯑᯉ᯲,0.0,3.6856948,98.6914596,Sumatera Utara
Pasar Palangkaraya,wisata kuliner,Palangka Raya,0.0,-2.2081836,113.9370335,Kalimantan Tengah
Pasar Rakyat Kendari,wisata kuliner,Kendari,0.0,-3.9816193,122.5849864,Sulawesi Tenggara
Pasar Sanggau,wisata kuliner,Sanggau,0.0,-0.0329966,110.1113959,Kalimantan Barat
Pasar Santa,wisata kuliner,Daerah Khusus ibukota Jakarta,0.0,-6.2391928,106.8077643,
Pasar Santa Jakarta,wisata kuliner,Daerah Khusus ibukota Jakarta,0.0,-6.2391928,106.8077643,
Pasar Seni Ampenan,wisata kuliner,Mataram,0.0,-8.5659896,116.1270748,Nusa Tenggara Barat
Pasar Seni Cakranegara,wisata kuliner,Mataram,0.0,-8.5659896,116.1270748,Nusa Tenggara Barat
Pasar Seni Mataram,wisata kuliner,Mataram,0.0,-8.5659896,116.1270748,Nusa Tenggara Barat
Pasar Seni Sukawati,wisata kuliner,Gianyar,0.0,-8.5964842,115.2824354,Bali
Pasar Sentral Kendari,wisata kuliner,Kendari,0.0,-3.9937375,122.5145946,Sulawesi Tenggara
Pasar Sentral Makassar,wisata kuliner,Makassar,0.0,-5.1289467,119.4151115,Sulawesi Selatan
Pasar Tengah,wisata kuliner,Landak,0.0,0.3847201,109.9597377,Kalimantan Barat
Pasar Tenggarong,wisata kuliner,Kutai Kartanegara,0.0,-0.4142333,116.9908324,Kalimantan Timur
Pasar Triwindu,wisata kuliner,Surakarta,0.0,-7.5691924,110.8225741,Jawa Tengah
Pasar Wakatobi,wisata kuliner,Wakatobi,0.0,-5.7265845,123.8993053,Sulawesi Tenggara
Pecenongan Jakarta,wisata kuliner,Daerah Khusus ibukota Jakarta,0.0,-6.1677221,106.8282105,
Pempek Candy Palembang,wisata kuliner,Palembang,0.0,-2.986352,104.7440276,Sumatera Selatan
Rujak Cingur Genteng Surabaya,wisata kuliner,Surabaya,0.0,-7.2554948,112.740236,Jawa Timur
Sate Klatak Pak Pong,wisata kuliner,Bantul,0.0,-7.8680486,110.3905995,Daerah Istimewa Yogyakarta
Sate Maranggi Cibungur,wisata kuliner,Purwakarta,0.0,-6.4717694,107.4804409,Jawa Barat
Sate Padang Ajo Ramon Jakarta,wisata kuliner,Daerah Khusus ibukota Jakarta,0.0,-6.241668,106.8104485,
Saung Angklung Udjo,wisata kuliner,Kota Bandung,0.0,-6.8982695,107.6552971,Jawa Barat
Soto Kadipiro Yogyakarta,wisata kuliner,Bantul,0.0,-7.8006662,110.3462144,Daerah Istimewa Yogyakarta
Soto Lamongan Cak Har Surabaya,wisata kuliner,Surabaya,0.0,-7.295653,112.7812929,Jawa Timur
Sudirman Street Bandung,wisata kuliner,Kota Bandung,0.0,-6.9210257,107.6005987,Jawa Barat
Mahakam Lampion Garden Samarinda,wisata lampion,Samarinda,0.0,-0.5063239,117.1196173,Kalimantan Timur
Taman Pelangi Yogyakarta,wisata lampion,Sleman,0.0,-7.7502983,110.3694758,Daerah Istimewa Yogyakarta
Candi Borobudur,wisata religi,Magelang,0.0,-7.6079583,110.2038245,Jawa Tengah
Gereja HKBP Medan,wisata religi,Kota Medan ᯔᯩᯑᯉ᯲,0.0,3.5393577,98.6980359,Sumatera Utara
Gereja Katedral Bogor,wisata religi,Bogor,0.0,-6.5968873,106.7931829,Jawa Barat
Gereja Katedral Jakarta,wisata religi,Daerah Khusus ibukota Jakarta,0.0,-6.1692046,106.8332373,
Gereja Santa Maria de Fatima Glodok,wisata religi,Daerah Khusus ibukota Jakarta,0.0,-6.1437969,106.8121133,
Gereja Santa Perawan Maria Surabaya,wisata religi,Surabaya,0.0,-7.2420553,112.7369704,Jawa Timur
Gereja Santa Theresia Jakarta,wisata religi,Daerah Khusus ibukota Jakarta,0.0,-6.1889243,106.8254861,
Makam Sunan Ampel Surabaya,wisata religi,Surabaya,0.0,-7.2299754,112.7422732,Jawa Timur
Makam Sunan Bonang Tuban,wisata religi,Tuban,0.0,-6.8945426,112.0633171,Jawa Timur
Makam Sunan Giri Gresik,wisata religi,Gresik,0.0,-7.1688945,112.6310331,Jawa Timur
Makam Sunan Gunung Jati Cirebon,wisata religi,Kabupaten Cirebon,0.0,-6.6711938,108.5400589,Jawa Barat
Masjid 99 Kubah Makassar,wisata religi,Makassar,0.0,-5.1437762,119.4040219,Sulawesi Selatan
Masjid Agung Demak,wisata religi,Demak,0.0,-6.8947303,110.6374327,Jawa Tengah
Masjid Agung Gorontalo,wisata religi,Gorontalo,0.0,0.5379076,123.0603093,Gorontalo
Masjid Agung Jawa Tengah Semarang,wisata religi,Kota Semarang,0.0,-6.9836458,110.4455923,Jawa Tengah
Masjid Agung Surabaya,wisata religi,Surabaya,0.0,-7.229971,112.7428733,Jawa Timur
Masjid Al-Akbar Surabaya,wisata religi,Surabaya,0.0,-7.2580747,112.6782978,Jawa Timur
Masjid Al-Markaz,wisata religi,Parepare,0.0,-4.0104037,119.6314252,Sulawesi Selatan
Masjid Cheng Hoo Surabaya,wisata religi,Surabaya,0.0,-7.2519525,112.7467958,Jawa Timur
Masjid Istiqlal,wisata religi,Daerah Khusus ibukota Jakarta,0.0,-6.1702779,106.8310435,
Masjid Istiqlal Jakarta,wisata religi,Daerah Khusus ibukota Jakarta,0.0,-6.1702779,106.8310435,
Masjid Raya Baiturrahman Aceh,wisata religi,Banda Aceh,0.0,5.553631,95.3171926,Aceh
Masjid Raya Bandung,wisata religi,Kota Bandung,0.0,-6.9218735,107.6062926,Jawa Barat
Masjid Raya Makassar,wisata religi,Makassar,0.0,-5.1305647,119.4197043,Sulawesi Selatan
Pura Agung Blambangan,wisata religi,Banyuwangi,0.0,-8.4316781,114.3200224,Jawa Timur
Pura Batu Bolong,wisata religi,Lombok Barat,0.0,-8.5103707,116.0564929,Nusa Tenggara Barat
Pura Besakih,wisata religi,Karangasem,0.0,-8.3753612,115.4507063,Bali
Pura Besakih Bali,wisata religi,Karangasem,0.0,-8.3753612,115.4507063,Bali
Pura Goa Lawah Bali,wisata religi,Klungkung,0.0,-8.5515251,115.4689715,Bali
Pura Lempuyang Bali,wisata religi,Karangasem,0.0,-8.3937352,115.6399616,Bali
Pura Lingsar,wisata religi,Lombok Barat,0.0,-8.5758092,116.1801374,Nusa Tenggara Barat
Pura Luhur Uluwatu Bali,wisata religi,Badung,0.0,-8.8293694,115.0843428,Bali
Pura Mangkunegaran,wisata religi,Surakarta,0.0,-7.566167,110.8230626,Jawa Tengah
Pura Meru,wisata religi,Mataram,0.0,-8.5877519,116.1319632,Nusa Tenggara Barat
Pura Taman Ayun,wisata religi,Badung,0.0,-8.5418493,115.1724926,Bali
Pura Taman Ayun Bali,wisata religi,Badung,0.0,-8.5418493,115.1724926,Bali
Pura Tanah Lot,wisata religi,Tabanan,0.0,-8.6212249,115.0868804,Bali
Pura Tanah Lot Bali,wisata religi,Tabanan,0.0,-8.6212249,115.0868804,Bali
Pura Tirta Empul Bali,wisata religi,Gianyar,0.0,-8.4143644,115.3162086,Bali
Pura Ulun Danu Beratan,wisata religi,Tabanan,0.0,-8.2755069,115.16626,Bali
Pura Ulun Danu Beratan Bali,wisata religi,Tabanan,0.0,-8.2755069,115.16626,Bali
Pura Uluwatu,wisata religi,Badung,0.0,-8.8293694,115.0843428,Bali
Vihara Avalokitesvara Banten,wisata religi,Serang ᮞᮦᮛᮀ,0.0,-6.030155,106.1492953,
Vihara Buddhagaya Watugong Semarang,wisata religi,Kota Semarang,0.0,-7.0864388,110.4095947,Jawa Tengah
Vihara Dhanagun Bogor,wisata religi,Bogor,0.0,-6.6031623,106.7992338,Jawa Barat
Vihara Dharma Bhakti Jakarta,wisata religi,Daerah Khusus ibukota Jakarta,0.0,-6.144868,106.7805565,
Vihara Ekayana Arama Jakarta,wisata religi,Daerah Khusus ibukota Jakarta,0.0,-6.1777166,106.7784333,
Batu Love Garden,wisata tematik,Kota Batu,0.0,-7.8638662,112.5428658,Jawa Timur
Dago Dreampark Bandung,wisata tematik,Bandung Barat,0.0,-6.8476037,107.6254233,Jawa Barat
De Tjolomadoe Karanganyar,wisata tematik,Karanganyar,0.0,-7.5341451,110.7492451,Jawa Tengah
Dream Museum Zone Bali,wisata tematik,Badung,0.0,-8.6995022,115.1767288,Bali
Dusun Bambu,wisata tematik,Bandung Barat,0.0,-6.7899841,107.5786457,Jawa Barat
Dusun Semilir Semarang,wisata tematik,Kabupaten Semarang,0.0,-7.2375127,110.432898,Jawa Tengah
Eco Green Park Batu,wisata tematik,Kota Batu,0.0,-7.8876615,112.5267665,Jawa Timur
HeHa Ocean View Gunung Kidul,wisata tematik,Kabupaten Gunungkidul ꦏꦧꦸꦥꦠꦺꦤ꧀ꦒꦸꦤꦸꦁꦏꦶꦢꦸꦭ꧀,0.0,-8.1044328,110.4604843,Daerah Istimewa Yogyakarta
HeHa Sky View Yogyakarta,wisata tematik,Kabupaten Gunungkidul ꦏꦧꦸꦥꦠꦺꦤ꧀ꦒꦸꦤꦸꦁꦏꦶꦢꦸꦭ꧀,0.0,-7.8491296,110.4782259,Daerah Istimewa Yogyakarta
House of Sampoerna,wisata tematik,Surabaya,0.0,-7.2309923,112.7341461,Jawa Timur
Kampung Warna Warni Jodipan,wisata tematik,Kota Malang,0.0,-7.9831221,112.6378633,Jawa Timur
Kota Tua Jakarta,wisata tematik,Daerah Khusus ibukota Jakarta,0.0,-6.1311835,106.8107492,
Rainbow Garden Lembang,wisata tematik,Bandung Barat,0.0,-6.8190082,107.6176073,Jawa Barat
Sindu Kusuma Edupark Jogja,wisata tematik,Sleman,0.0,-7.7658888,110.3557753,Daerah Istimewa Yogyakarta
Taman Lalu Lintas Bandung,wisata tematik,Kota Bandung,0.0,-6.9124701,107.6138388,Jawa Barat
Taman Mini Indonesia Indah Jakarta,wisata tematik,Jakarta Timur,0.0,-6.3026341,106.8952962,
Taman Safari Prigen,wisata tematik,Pasuruan,0.0,-7.752837,112.667453,Jawa Timur
Tebing Breksi Yogyakarta,wisata tematik,Sleman,0.0,-7.7814296,110.5049834,Daerah Istimewa Yogyakarta
Upside Down World Bali,wisata tematik,Denpasar ᬤᬾᬦ᭄ᬧᬲᬃ,0.0,-8.7166321,115.2052139,Bali
Watu Goyang Bantul,wisata tematik,Bantul,0.0,-7.92706,110.4120656,Daerah Istimewa Yogyakarta
Tebing Breksi,wisate alam,Sleman,0.0,-7.7814296,110.5049834,Daerah Istimewa Yogyakarta
Tebing Keraton,wisate alam,Bandung Barat,0.0,-6.8348584,107.6638952,Jawa Barat
Telaga Pengilon,wisate alam,Wonosobo,0.0,-7.215219,109.9171948,Jawa Tengah
Telaga Warna,wisate alam,Wonosobo,0.0,-7.2136576,109.915434,Jawa Tengah
The Lodge Maribaya,wisath alam,Bandung Barat,0.0,-6.8292707,107.6878408,Jawa Barat
Trans Studio Mall,wisatr alam,Makassar,0.0,-5.1588529,119.3940742,Sulawesi Selatan
Ubud Palace,wisaub alam,Gianyar,0.0,-8.5069503,115.2627374,Bali
Way Kambas National Park,wisawa alam,Lampung Timur,0.0,-4.9373689,105.7283403,Lampung
Wisata Kuliner Bontang,wisawi alam,Kalimantan,0.0,0.141693,117.5184461,Kalimantan Timur
Wisata Kuliner Kalimantan Tengah,wisawi alam,Banjarmasin,0.0,-3.3144585,114.590519,Kalimantan Selatan
Puri Saren Agung,wisata religi,Gianyar,0.0,-8.5067232,115.262707,Bali
Setu Babakan,wisata alam,Daerah Khusus ibukota Jakarta,0.0,-6.3419991,106.8203244,
Situ Bagendit,wisata alam,Kota Bandung,0.0,-6.9452606,107.6285058,Jawa Barat
Situ Ciburuy,wisata alam,Bandung Barat,0.0,-6.8298711,107.4684209,Jawa Barat
Situ Cileunca,wisata alam,Kabupaten Bandung,0.0,-7.2020039,107.5471421,Jawa Barat
Situ Cisanti,wisata alam,Kabupaten Bandung,0.0,-7.2093913,107.6574773,Jawa Barat
Situ Patenggang,wisata alam,Kabupaten Bandung,0.0,-7.1652597,107.3697821,Jawa Barat
Situ Rawa Gede,wisata alam,Bekasi,0.0,-6.2929281,106.9772878,Jawa Barat
Sukawati Art Market,mall,Gianyar,0.0,-8.5964488,115.282342,Bali
