nama_wisata,kategori,provinsi,kota_kabupaten,latitude,longitude,rating
Taman Mumbul Sangeh,Alam,Bali,Kabupaten Badung,-8.483959,115.2122881,4.6
Sangeh Monkey Forest,Alam,Bali,Kabupaten Badung,-8.4817743,115.2067391,4.6
Objek Wisata Sangeh,Umum,Bali,Kabupaten Badung,-8.4815663,115.2065458,4.6
Satria Gatotkaca Park,Umum,Bali,Kabupaten Badung,-8.7443882,115.1788673,4.6
Desa Wisata Penarungan,Umum,Bali,Kabupaten Badung,-8.5396366,115.198893,5.0
Waterblow,Alam,Bali,Kabupaten Badung,-8.8038567,115.2398639,4.4
Pantai Mengening,Rekreasi,Bali,Kabupaten Badung,-8.6395322,115.1007188,4.7
Kawasan Pariwisata Nusa Dua,Umum,Bali,Kabupaten Badung,-8.8034419,115.2282787,4.6
Gunung Payung Cultural Park,Budaya,Bali,Kabupaten Badung,-8.8374241,115.2015441,4.6
Taman Anyar - Traditional Balinese House,Budaya,Bali,Kabupaten Badung,-8.5477665,115.2030592,4.7
Garuda Wisnu Kencana Cultural Park,Budaya,Bali,Kabupaten Badung,-8.8104228,115.1675986,4.5
Desa Wisata Munggu,Umum,Bali,Kabupaten Badung,-8.6182312,115.1283214,4.4
Taman Ayun Temple,Budaya,Bali,Kabupaten Badung,-8.5416323,115.1726013,4.6
Pantai Double - Six,Rekreasi,Bali,Kabupaten Badung,-8.6975406,115.1621384,4.7
Tanah Wuk,Umum,Bali,Kabupaten Badung,-8.4745676,115.2057216,4.1
Taman Sari Wisata Bahari,Alam,Bali,Kabupaten Badung,-8.754191,115.221179,4.2
Monumen Taman Mumbul,Alam,Bali,Kabupaten Badung,-8.7856993,115.194214,4.0
Wana Segara Kertih,Umum,Bali,Kabupaten Badung,-8.767093,115.1826375,4.8
Pura Geger Beach,Budaya,Bali,Kabupaten Badung,-8.819863,115.223829,4.7
DESA WISATA BONGKASA PERTIWI,Umum,Bali,Kabupaten Badung,-8.469642,115.2387016,4.7
Gunung Payung Beach,Rekreasi,Bali,Kabupaten Badung,-8.8407765,115.1998363,4.8
Deluang Sari Turtle Conservation Center,Alam,Bali,Kabupaten Badung,-8.762476,115.2165938,4.0
Rama Shinta Garden,Umum,Bali,Kabupaten Badung,-8.5615738,115.1712283,4.5
Alam Tirta Outbound,Budaya,Bali,Kabupaten Badung,-8.458932,115.221619,4.3
Bali Camel Adventure,Umum,Bali,Kabupaten Badung,-8.752645,115.1637081,4.6
Marigold (Gumitir Garden),Umum,Bali,Kabupaten Badung,-8.2810061,115.2387154,4.4
Pantai Nyang Nyang,Rekreasi,Bali,Kabupaten Badung,-8.8391636,115.0934172,4.7
Obyek Wisata Goa Gajah,Alam,Bali,Kabupaten Badung,-8.5227894,115.2877017,4.3
Tempat Lomba Ogoh-Ogoh Badung,Budaya,Bali,Kabupaten Badung,-8.6066099,115.1786571,4.526701570680628
Beji Samuan Park,Umum,Bali,Kabupaten Badung,-8.4568186,115.2125106,4.8
Honeymoon in Bali,Rekreasi,Bali,Kabupaten Badung,-8.4725228,115.1861086,4.3
Desa Swing Bongkasa,Rekreasi,Bali,Kabupaten Badung,-8.5021162,115.2358589,4.8
Tebing Panorama Melasti Beach (Tebing Kembar),Rekreasi,Bali,Kabupaten Badung,-8.8480192,115.162528,4.8
Tebing Pantai Balangan,Rekreasi,Bali,Kabupaten Badung,-8.7896794,115.1251549,4.8
Uluwatu Temple,Budaya,Bali,Kabupaten Badung,-8.8291432,115.0849069,4.6
Plaza Garuda - GWK Cultural Park,Budaya,Bali,Kabupaten Badung,-8.8102751,115.1681446,4.5
Perancak Beach,Rekreasi,Bali,Kabupaten Badung,-8.6637779,115.1359348,4.6
Seseh Beach,Rekreasi,Bali,Kabupaten Badung,-8.6470456,115.1139662,4.6
Pantai Mimpi Pondok Pemuda,Rekreasi,Bali,Kabupaten Badung,-8.7807679,115.1545782,4.0
Pantai Blue Point,Rekreasi,Bali,Kabupaten Badung,-8.8152338,115.0893624,4.8
The Sunset Ship Bali,Umum,Bali,Kabupaten Badung,-8.7531258,115.1642334,4.5
Daya Tarik Wisata Bedugul,Alam,Bali,Kabupaten Badung,-8.2840649,115.1716726,4.7
Tanah Lot,Umum,Bali,Kabupaten Badung,-8.621213,115.086807,4.7
Pantai Berawa,Rekreasi,Bali,Kabupaten Badung,-8.6673628,115.1394036,4.5
Pantai Jimbaran,Rekreasi,Bali,Kabupaten Badung,-8.7813653,115.1634319,4.6
Alas Kedaton,Umum,Bali,Kabupaten Badung,-8.5294825,115.1553403,4.2
Pantai Legian Bali,Rekreasi,Bali,Kabupaten Badung,-8.7091325,115.1666683,4.6
Grubugan Waterfall Sading,Alam,Bali,Kabupaten Badung,-8.5959166,115.1994533,4.0
Pura Puncak Mangu,Budaya,Bali,Kabupaten Badung,-8.2699891,115.2198395,4.8
Pantai Mesari,Rekreasi,Bali,Kabupaten Badung,-8.6940298,115.1594615,4.7
Pura Gede Luhur Batu Ngaus,Budaya,Bali,Kabupaten Badung,-8.6397309,115.0998247,4.7
Pantai Jerman,Rekreasi,Bali,Kabupaten Badung,-8.7347231,115.1633863,4.6
Taman Rekreasi Delta Dalung,Alam,Bali,Kabupaten Badung,-8.6105063,115.173863,4.7
Kelan Beach,Rekreasi,Bali,Kabupaten Badung,-8.7551201,115.166502,4.7
Taman desa Dalung,Alam,Bali,Kabupaten Badung,-8.6105409,115.1739049,5.0
Batu Belig Beach,Rekreasi,Bali,Kabupaten Badung,-8.6742449,115.1459553,4.6
Bukit Badung Lighthouse,Umum,Bali,Kabupaten Badung,-8.8440752,115.1697017,4.4
Sastra Bali Tour & Taxi,Umum,Bali,Kabupaten Badung,-8.6912757,115.1629658,5.0
Pura Pakendungan,Budaya,Bali,Kabupaten Badung,-8.7249193,115.1698553,4.0
Museum Pasifika Bali,Budaya,Bali,Kabupaten Badung,-8.8000858,115.2307029,4.5
Museum Yadnya,Budaya,Bali,Kabupaten Badung,-8.5433168,115.171294,4.8
Sekeh Beach ( Airport Reef Bali ),Rekreasi,Bali,Kabupaten Badung,-8.7413915,115.1606011,4.7
Sempaning beach,Rekreasi,Bali,Kabupaten Badung,-8.7797513,115.1490519,4.1
Desa Wisata Pucak Tinggan,Umum,Bali,Kabupaten Badung,-8.2715038,115.2205814,4.8
Rockbottom bali,Umum,Bali,Kabupaten Badung,-8.8091285,115.1504334,4.4
Kedonganan,Umum,Bali,Kabupaten Badung,-8.7617706,115.1740942,5.0
Patung Triratna Amreta Bhuwana,Umum,Bali,Kabupaten Badung,-8.7378103,115.1610253,4.6
Taman Gili Dukuh,Alam,Bali,Kabupaten Badung,-8.5101356,115.2066919,4.9
Penglipuran Village,Budaya,Bali,Kabupaten Bangli,-8.4225039,115.3597531,4.8
Tukad Cepung Waterfall,Alam,Bali,Kabupaten Bangli,-8.4410173,115.3868079,4.6
Pengibul Waterfall,Alam,Bali,Kabupaten Bangli,-8.5025711,115.3301122,4.3
Tibumana Waterfall,Alam,Bali,Kabupaten Bangli,-8.5068384,115.3330831,4.6
Waterboom Sidembunut,Umum,Bali,Kabupaten Bangli,-8.4493209,115.3705286,4.2
Mahapraja Bangli,Umum,Bali,Kabupaten Bangli,-8.3948762,115.3936543,4.4
Langgahan Waterfalls,Alam,Bali,Kabupaten Bangli,-8.3174372,115.2724345,4.7
Tukad Barong,Budaya,Bali,Kabupaten Bangli,-8.4314021,115.3908889,4.3
Air Terjun Desa Kutuh Bangli,Alam,Bali,Kabupaten Bangli,-8.1634943,115.3191683,4.7
Objek Wisata Penglipuran,Budaya,Bali,Kabupaten Bangli,-8.4207947,115.3603074,4.8
Waterfall Bangkiang Djaran,Alam,Bali,Kabupaten Bangli,-8.5006065,115.3567017,4.7
Pura Kehen,Budaya,Bali,Kabupaten Bangli,-8.4418777,115.3598751,4.6
objek wisata seganing,Umum,Bali,Kabupaten Bangli,-8.4609379,115.357834,4.3
Lembah Pantunan,Alam,Bali,Kabupaten Bangli,-8.4152327,115.4119335,4.4
Jembatan Kuning di Hutan Pinus,Alam,Bali,Kabupaten Bangli,-8.2629734,115.3345216,4.6
Yeh Bulan waterfall,Alam,Bali,Kabupaten Bangli,-8.4503893,115.3749344,4.8
Pelisan Waterfalls,Alam,Bali,Kabupaten Bangli,-8.3205768,115.2724369,4.8
Pinggan Sunrise View Pohon Cinta,Umum,Bali,Kabupaten Bangli,-8.2102356,115.3648534,4.7
La Fresa Kintamani,Alam,Bali,Kabupaten Bangli,-8.2822661,115.3069469,4.3
Hutan Pinus Glagalinggah Lestari,Alam,Bali,Kabupaten Bangli,-8.248042,115.314753,4.7
Sukawana Sunrise Spot,Umum,Bali,Kabupaten Bangli,-8.2173061,115.3562975,4.5
Air Terjun Krisik,Alam,Bali,Kabupaten Bangli,-8.4573836,115.3876428,4.6
Objek Wisata Tukad Batu Liuu,Umum,Bali,Kabupaten Bangli,-8.4393836,115.3534265,4.3
Pura Puncak Penulisan,Budaya,Bali,Kabupaten Bangli,-8.2081822,115.3275212,4.7
Dukuh Hill,Umum,Bali,Kabupaten Bangli,-8.4104375,115.3998254,4.5
Pura Tirta Sudamala,Budaya,Bali,Kabupaten Bangli,-8.4751409,115.3455244,4.7
Bukit Payang,Umum,Bali,Kabupaten Bangli,-8.269111,115.361449,4.7
Danau Batur,Alam,Bali,Kabupaten Bangli,-8.2599896,115.408966,4.6
Mount Batur View Point,Umum,Bali,Kabupaten Bangli,-8.2826394,115.3643069,4.6
Lava Tumuli Gunung Batur,Alam,Bali,Kabupaten Bangli,-8.2720659,115.3794578,4.4
Pura Segara Ulun Danu Batur,Budaya,Bali,Kabupaten Bangli,-8.2691059,115.3862172,4.4
BAS De ATAYANA,Umum,Bali,Kabupaten Bangli,-8.3704421,115.3404117,4.4
Museum Geopark Batur,Budaya,Bali,Kabupaten Bangli,-8.2845832,115.3649358,4.6
Krisik Waterfall,Alam,Bali,Kabupaten Bangli,-8.4548963,115.3848328,4.8
Pura Dalem Balingkang,Budaya,Bali,Kabupaten Bangli,-8.2040942,115.3700515,4.8
Objek Ekowisata Bukit Cemeng,Umum,Bali,Kabupaten Bangli,-8.4391995,115.3693601,4.4
mata air segening,Umum,Bali,Kabupaten Bangli,-8.4520874,115.3481429,5.0
Beniksu Strawberry Kintamani,Alam,Bali,Kabupaten Bangli,-8.2855428,115.3476902,4.4
Tejataki Hill Pinggan,Umum,Bali,Kabupaten Bangli,-8.1900317,115.3876072,4.5
Desa Wisata Pule,Umum,Bali,Kabupaten Bangli,-8.4565829,115.3585801,4.8
Batur Sari Swing,Rekreasi,Bali,Kabupaten Bangli,-8.277185,115.3514547,5.0
Goa Raja Waterfall,Alam,Bali,Kabupaten Bangli,-8.441662,115.37601,4.8
Bukit Trunyan Bali,Umum,Bali,Kabupaten Bangli,-8.2530298,115.4301651,4.6
Pura Ulun Danu Bangli,Budaya,Bali,Kabupaten Bangli,-8.2230574,115.4188513,4.7
Air Terjun Kuning,Alam,Bali,Kabupaten Bangli,-8.491141,115.3574832,4.3
Aling-Aling Waterfall,Alam,Bali,Kabupaten Buleleng,-8.1747311,115.1043022,4.6
Banjar Hot Spring,Alam,Bali,Kabupaten Buleleng,-8.210536,114.967053,4.3
Kroya Waterfall,Alam,Bali,Kabupaten Buleleng,-8.1727788,115.1046053,4.6
Melanting waterfall,Alam,Bali,Kabupaten Buleleng,-8.2608842,115.0627329,4.7
"Jembong Waterfall, Ambengan",Alam,Bali,Kabupaten Buleleng,-8.188461,115.1171296,4.5
Puncak Wanagiri,Umum,Bali,Kabupaten Buleleng,-8.2371393,115.1417792,4.6
Air Terjun Tembok Barak,Alam,Bali,Kabupaten Buleleng,-8.1445093,115.1003946,4.5
Gitgit Waterfall,Alam,Bali,Kabupaten Buleleng,-8.1883986,115.1366883,4.3
Air Terjun Cinta,Alam,Bali,Kabupaten Buleleng,-8.2270041,115.112775,4.2
Yeh Mampeh Waterfall,Alam,Bali,Kabupaten Buleleng,-8.1532932,115.3604458,4.7
Pantai Giri Emas,Rekreasi,Bali,Kabupaten Buleleng,-8.0764197,115.1339182,4.6
Air Terjun Bertingkat,Alam,Bali,Kabupaten Buleleng,-8.1981764,115.1394801,4.2
Banyumala Waterfall,Alam,Bali,Kabupaten Buleleng,-8.2171873,115.1016811,4.8
Princess Conservation Forum Menjangan,Umum,Bali,Kabupaten Buleleng,-8.1321195,114.5785034,4.4
Puri Agung Singaraja,Budaya,Bali,Kabupaten Buleleng,-8.1260158,115.0969255,4.4
Golden Valley Waterfalls,Alam,Bali,Kabupaten Buleleng,-8.2543204,115.0735839,4.6
Happy Beach Tukad Mungga,Rekreasi,Bali,Kabupaten Buleleng,-8.1360045,115.0538227,4.4
TWA Danau Buyan-Danau Tamblingan,Alam,Bali,Kabupaten Buleleng,-8.2509038,115.1305769,4.2
Air Terjun Colek Pamor,Alam,Bali,Kabupaten Buleleng,-8.19547,115.136429,4.5
Air Terjun Munduk,Alam,Bali,Kabupaten Buleleng,-8.2537779,115.0792068,4.5
Wisata Pantai penimbangan,Rekreasi,Bali,Kabupaten Buleleng,-8.1231202,115.0637099,4.9
Taman Kota Singaraja,Alam,Bali,Kabupaten Buleleng,-8.117233,115.0913532,4.5
Wanagiri Hidden Hill Bali,Umum,Bali,Kabupaten Buleleng,-8.2396601,115.1077874,4.4
National Monument,Budaya,Bali,Kabupaten Buleleng,-8.1130888,115.0893308,4.6
Museum Buleleng (ᬫᬸᬲᬶᬬᬸᬫ᭄ ᬩᬸᬮᬾᬮᬾᬂ᭟ ),Budaya,Bali,Kabupaten Buleleng,-8.1247106,115.0965648,4.4
Pantai Karang Sewu,Rekreasi,Bali,Kabupaten Buleleng,-8.154945,114.5221425,4.3
SEKUMPUL WATERFALL OFFICIAL (POST 1),Alam,Bali,Kabupaten Buleleng,-8.1718807,115.1862116,4.3
Bendungan Titab - Ularan,Umum,Bali,Kabupaten Buleleng,-8.2443788,114.9429831,4.5
Buyan Lake Nature Park - Lake Tamblingan,Alam,Bali,Kabupaten Buleleng,-8.2479249,115.0981674,4.4
"Kerobokan Beach, Singaraja",Rekreasi,Bali,Kabupaten Buleleng,-8.0817731,115.1185924,4.4
Banyuwedang Hotspring,Umum,Bali,Kabupaten Buleleng,-8.13925,114.570685,4.5
HIDDEN WATERFALL SEKUMPUL,Alam,Bali,Kabupaten Buleleng,-8.1783125,115.1827969,3.6
Wisata Dolphin Lovina,Umum,Bali,Kabupaten Buleleng,-8.1463421,115.0430932,4.9
Candi Budha Kalibukbuk,Budaya,Bali,Kabupaten Buleleng,-8.1636834,115.0316348,4.5
Harbour Tourist Area of Buleleng,Umum,Bali,Kabupaten Buleleng,-8.1039305,115.0900307,4.3
Pura Pabean,Budaya,Bali,Kabupaten Buleleng,-8.1446352,114.681233,4.8
Air Terjun Cemara,Alam,Bali,Kabupaten Buleleng,-8.2064375,115.1077031,4.8
Pantai Umeanyar,Rekreasi,Bali,Kabupaten Buleleng,-8.1840679,114.9140173,4.6
Air Terjun Umejero,Alam,Bali,Kabupaten Buleleng,-8.2908499,115.0383699,4.8
Pantai Pemuteran Bali,Rekreasi,Bali,Kabupaten Buleleng,-8.1332721,114.6443913,4.3
Pantai Skip,Rekreasi,Bali,Kabupaten Buleleng,-8.1084759,115.079242,4.0
Bukit Teletubies Kubutambahan,Umum,Bali,Kabupaten Buleleng,-8.080561,115.198119,4.3
Gedong Kirtya,Umum,Bali,Kabupaten Buleleng,-8.1248663,115.096286,4.5
Permandian dan Tempat Melukat,Budaya,Bali,Kabupaten Buleleng,-8.250793,114.9942462,4.526701570680628
Singsing Waterfall,Alam,Bali,Kabupaten Buleleng,-8.1847867,115.0008662,3.7
Air sanih natural spring,Umum,Bali,Kabupaten Buleleng,-8.0778581,115.2170406,4.5
Krisna Water Sports,Umum,Bali,Kabupaten Buleleng,-8.1805412,114.9865288,4.4
ᬧᬸᬭᬶᬓᬗᬶᬦᬦ᭄ᬩᬸᬮᬾᬮᬾᬂ᭟ Puri Kanginan Buleleng,Budaya,Bali,Kabupaten Buleleng,-8.1244254,115.0971764,4.5
PANTAI SERIRIT,Rekreasi,Bali,Kabupaten Buleleng,-8.1834483,114.9387199,4.4
Wanagiri Pucak Manik Waterfall,Alam,Bali,Kabupaten Buleleng,-8.2396092,115.1077726,4.6
Monumen Yudha Mandala Tama,Umum,Bali,Kabupaten Buleleng,-8.1032879,115.0892326,4.5
Wisata Kubu Abian Bagus,Umum,Bali,Kabupaten Buleleng,-8.1339961,115.1881907,4.5
Lemukih Waterfalls,Alam,Bali,Kabupaten Buleleng,-8.2094724,115.1718078,4.4
Pantai Pasir Putih Lovina,Rekreasi,Bali,Kabupaten Buleleng,-8.1612732,115.0245011,4.4
𝘁𝗲𝗹𝘂𝗸 𝗚𝗼𝗻𝗱𝗼𝗹,Umum,Bali,Kabupaten Buleleng,-8.1527139,114.7135753,4.6
Mayong Cultural Walk,Umum,Bali,Kabupaten Buleleng,-8.2461511,114.9611289,5.0
Wisata Monyet,Umum,Bali,Kabupaten Buleleng,-8.2380564,115.1413442,4.7
Grombong Waterfall,Alam,Bali,Kabupaten Buleleng,-8.1780764,115.1827113,4.7
National Park of Buleleng,Umum,Bali,Kabupaten Buleleng,-8.1037785,115.0910808,4.5
Pulaki Temple,Budaya,Bali,Kabupaten Buleleng,-8.1456367,114.6803377,4.7
Taman Bidadari,Alam,Bali,Kabupaten Buleleng,-8.2379124,114.968191,5.0
Brahmavihara-Arama,Umum,Bali,Kabupaten Buleleng,-8.2105937,114.9740049,4.8
Air Terjun Padangbulia,Alam,Bali,Kabupaten Buleleng,-8.1556937,115.116858,4.3
Bali Handara Gate,Umum,Bali,Kabupaten Buleleng,-8.2529949,115.1582757,3.9
Krisna Funtasticland,Umum,Bali,Kabupaten Buleleng,-8.1785032,114.9941258,4.3
Gerokgak Sunrise View Point,Umum,Bali,Kabupaten Buleleng,-8.1930202,114.8454874,4.6
Dermaga Cinta,Umum,Bali,Kabupaten Buleleng,-8.1597198,115.0256344,4.3
Holy Hot Spring,Alam,Bali,Kabupaten Buleleng,-8.2104226,114.9671943,3.8
Buyan Lake,Alam,Bali,Kabupaten Buleleng,-8.2429113,115.1230949,4.6
Santhipala Spring Waterfall,Alam,Bali,Kabupaten Buleleng,-8.2860612,115.0239973,4.1
Bukit Ganesha,Umum,Bali,Kabupaten Buleleng,-8.1074956,115.2902574,4.4
Pura Maduwe Karang,Budaya,Bali,Kabupaten Buleleng,-8.0778693,115.1759751,4.6
Pantai Tangguwisia Bali,Rekreasi,Bali,Kabupaten Buleleng,-8.1824962,114.9492327,4.3
Pancoran kedu,Umum,Bali,Kabupaten Buleleng,-8.1900878,115.1023144,4.5
West Bali National Park,Umum,Bali,Kabupaten Buleleng,-8.1276114,114.4753401,4.4
Air Terjun Carat,Alam,Bali,Kabupaten Buleleng,-8.1365174,115.2256435,4.4
Munduk Waterfalls Trekking Point,Alam,Bali,Kabupaten Buleleng,-8.2607417,115.0685229,4.6
Puncak Indah Bedugul,Alam,Bali,Kabupaten Buleleng,-8.2782353,115.1653485,4.6
Beji Sangsit Temple (Cultural Heritage & Public Temple),Budaya,Bali,Kabupaten Buleleng,-8.0837526,115.1342524,4.6
Jembatan Ex. Pelabuhan Buleleng,Umum,Bali,Kabupaten Buleleng,-8.1037944,115.0902391,4.5
Sunset Tembau,Umum,Bali,Kabupaten Buleleng,-8.1626327,115.1109786,4.5
Karang Rata Beach,Rekreasi,Bali,Kabupaten Buleleng,-8.1921981,114.8268354,4.3
Lovina Dolphin Watching,Rekreasi,Bali,Kabupaten Buleleng,-8.164018,115.0214911,4.7
Puri Gede Buleleng,Budaya,Bali,Kabupaten Buleleng,-8.1265975,115.0977416,4.6
kubu hobbit pedawa,Umum,Bali,Kabupaten Buleleng,-8.2458275,115.0187706,5.0
Pura Melanting,Budaya,Bali,Kabupaten Buleleng,-8.1602442,114.6807802,4.9
MRX LOVINA BALI,Umum,Bali,Kabupaten Buleleng,-8.1525829,115.0323396,4.9
Red Coral Munduk Waterfall,Alam,Bali,Kabupaten Buleleng,-8.2580905,115.0698271,4.4
Twin Lake,Alam,Bali,Kabupaten Buleleng,-8.2440291,115.1033125,4.5
Gili Putih Sumberkima,Umum,Bali,Kabupaten Buleleng,-8.1199862,114.6049661,4.6
Gatep Lawas Ambengan,Umum,Bali,Kabupaten Buleleng,-8.1896479,115.1134453,4.6
Klenteng Ling Gwan Kiong,Umum,Bali,Kabupaten Buleleng,-8.1038987,115.0898327,4.6
Sambangan Village Tourist Information (Sambangan Secret Garden),Umum,Bali,Kabupaten Buleleng,-8.1726214,115.1045553,4.9
Pura Dalem Jagaraga Temple,Budaya,Bali,Kabupaten Buleleng,-8.1058776,115.1608915,4.6
Grokgak Dam,Umum,Bali,Kabupaten Buleleng,-8.2120342,114.7808047,4.4
Mesusun waterfall,Alam,Bali,Kabupaten Buleleng,-8.2036217,115.007511,4.2
Pura Bukit Sinunggal,Budaya,Bali,Kabupaten Buleleng,-8.1327843,115.2562698,4.8
Aling Aling waterfall &jungle trekking,Alam,Bali,Kabupaten Buleleng,-8.1485516,115.0983069,4.9
Fiji Waterfall Lemukih,Alam,Bali,Kabupaten Buleleng,-8.1804559,115.1815599,4.0
Taman Bung Karno,Alam,Bali,Kabupaten Buleleng,-8.1346241,115.100522,4.6
Pantai Tanjung Karang Patas (TKP),Rekreasi,Bali,Kabupaten Buleleng,-8.1861029,114.8172941,4.8
Wisata Petik Anggur Subur Makmur,Umum,Bali,Kabupaten Buleleng,-8.192531,114.787588,4.5
Pantai lokapaksa,Rekreasi,Bali,Kabupaten Buleleng,-8.1833683,114.9192201,4.5
Bukit Mende,Umum,Bali,Kabupaten Buleleng,-8.1567454,115.3477167,4.9
Lovina Beach,Rekreasi,Bali,Kabupaten Buleleng,-8.1634266,115.0217056,4.3
Pantai Penimbangan Timur Pura,Budaya,Bali,Kabupaten Buleleng,-8.1203693,115.0672455,4.4
Tugu Singa Ambara Raja,Umum,Bali,Kabupaten Buleleng,-8.1246944,115.0928475,4.7
Celuk Agung Beach Anturan,Rekreasi,Bali,Kabupaten Buleleng,-8.146209,115.0435888,4.7
Lovina Dolphin Statue,Umum,Bali,Kabupaten Buleleng,-8.1611801,115.0244562,4.4
Air terjun yeh mampeh,Alam,Bali,Kabupaten Buleleng,-8.2162233,115.1993889,4.526701570680628
Gandameru,Umum,Bali,Kabupaten Buleleng,-8.1592093,115.1706789,4.6
Air Terjun Sumberkima,Alam,Bali,Kabupaten Buleleng,-8.21884,114.644824,4.3
Buyan Lake View,Alam,Bali,Kabupaten Buleleng,-8.2397697,115.1400665,4.5
Sekumpul Waterfall,Alam,Bali,Kabupaten Buleleng,-8.1775308,115.1825825,4.1
Kubu Ngurah Arsa アルサマヨン,Umum,Bali,Kabupaten Buleleng,-8.2446875,114.9668125,5.0
Krisna Eco Village,Umum,Bali,Kabupaten Buleleng,-8.1930048,114.9485916,4.4
Pura Batu Kursi,Budaya,Bali,Kabupaten Buleleng,-8.1582127,114.6625892,4.7
Kayoan dedari,Umum,Bali,Kabupaten Buleleng,-8.1670921,115.1010169,4.5
Monumen Perjuangan Tugu Tiga Singaraja,Umum,Bali,Kabupaten Buleleng,-8.1486275,115.105751,4.4
Campuhan Ridge Walk,Umum,Bali,Kabupaten Gianyar,-8.5035806,115.2547579,4.3
Kanto Lampo Waterfall,Alam,Bali,Kabupaten Gianyar,-8.5321802,115.3312408,4.3
Hidden Canyon Beji Guwang,Umum,Bali,Kabupaten Gianyar,-8.609527,115.2890415,4.6
KISSIDAN ECO HILL RETREAT & RESTO,Rekreasi,Bali,Kabupaten Gianyar,-8.534244,115.3473576,4.8
Tegal linggah Cliff Temple,Budaya,Bali,Kabupaten Gianyar,-8.527768,115.306036,4.8
Pada Wareg Eco Park,Umum,Bali,Kabupaten Gianyar,-8.4544417,115.3049285,4.7
Jembatan kaca Bali Tegenungan /Bali Glass Bridge Main entrance,Alam,Bali,Kabupaten Gianyar,-8.5770287,115.2889623,4.9
Taman Sari Waterfall & Natural pool,Alam,Bali,Kabupaten Gianyar,-8.5023087,115.328281,4.7
"Lembah Bidadari, Tegallalang Gianyar",Alam,Bali,Kabupaten Gianyar,-8.3925533,115.2880366,4.2
Pura Tirta Empul,Budaya,Bali,Kabupaten Gianyar,-8.4156589,115.3153284,4.6
Bali Bird Park,Alam,Bali,Kabupaten Gianyar,-8.5995781,115.2519216,4.6
Siyut Beach,Rekreasi,Bali,Kabupaten Gianyar,-8.5745263,115.3700495,4.3
Taman Kota Ciung Wanara Gianyar,Alam,Bali,Kabupaten Gianyar,-8.54091,115.3226862,4.5
Puri Agung Peliatan,Budaya,Bali,Kabupaten Gianyar,-8.5178025,115.2693721,4.7
Blangsinga Waterfall,Alam,Bali,Kabupaten Gianyar,-8.5755432,115.2914253,4.5
Suwat Waterfall,Alam,Bali,Kabupaten Gianyar,-8.4876645,115.3178644,4.5
Kemenuh Monkey River,Umum,Bali,Kabupaten Gianyar,-8.5687668,115.2890925,4.2
Goa Garba,Alam,Bali,Kabupaten Gianyar,-8.5081103,115.3020799,4.8
"Kemenuh Butterfly Park, Bali",Alam,Bali,Kabupaten Gianyar,-8.572696,115.2866632,4.4
Sari Timbul Art Gallery,Umum,Bali,Kabupaten Gianyar,-8.4081908,115.2913226,4.4
Goa Rang Reng Waterfall,Alam,Bali,Kabupaten Gianyar,-8.5155934,115.3313441,4.7
Desa Wisata Sayan,Umum,Bali,Kabupaten Gianyar,-8.5065206,115.2404698,4.3
Kebun Raya Gianyar,Umum,Bali,Kabupaten Gianyar,-8.3508012,115.2674821,3.6
Masceti Beach,Rekreasi,Bali,Kabupaten Gianyar,-8.5946021,115.3459371,4.5
Subak Pulagan,Alam,Bali,Kabupaten Gianyar,-8.429407,115.3133,4.5
Ulu Petanu Waterfall,Alam,Bali,Kabupaten Gianyar,-8.4143506,115.3009204,4.6
Tegenungan Waterfall,Alam,Bali,Kabupaten Gianyar,-8.5753621,115.2889599,4.4
Bali Zoo,Rekreasi,Bali,Kabupaten Gianyar,-8.5916783,115.2656522,4.5
Pura Gunung Kawi Parking Lot,Budaya,Bali,Kabupaten Gianyar,-8.4235792,115.3085317,4.6
Blangsingah Glass Bridge,Umum,Bali,Kabupaten Gianyar,-8.5761207,115.2906497,4.8
Taman Sari Bebengan Bukit Jangkrik,Alam,Bali,Kabupaten Gianyar,-8.5265527,115.3444385,3.8
Ubud Palace,Budaya,Bali,Kabupaten Gianyar,-8.5065977,115.2625884,4.3
Pura Gunung Kawi Sebatu,Budaya,Bali,Kabupaten Gianyar,-8.4046003,115.2934583,4.6
Ubud Water Palace,Budaya,Bali,Kabupaten Gianyar,-8.5063413,115.2613023,3.8
Sari Timbul by Kubu Bali,Umum,Bali,Kabupaten Gianyar,-8.4115162,115.2931948,5.0
Desa Wisata Taro,Umum,Bali,Kabupaten Gianyar,-8.3855532,115.28062,4.8
Agung Rai Museum of Art,Budaya,Bali,Kabupaten Gianyar,-8.5228143,115.2637566,4.5
Pont de Campuhan,Umum,Bali,Kabupaten Gianyar,-8.5049013,115.2545998,3.9
Jembatan Kuning,Umum,Bali,Kabupaten Gianyar,-8.3507474,115.2749246,4.0
Manuaba Waterfall,Alam,Bali,Kabupaten Gianyar,-8.4466884,115.2900263,4.8
Goa Gajah,Alam,Bali,Kabupaten Gianyar,-8.5234378,115.2871568,4.2
Istana Kepresidenan Tampaksiring,Umum,Bali,Kabupaten Gianyar,-8.4149206,115.3109393,4.7
Air Terjun Apit Aungan Pejeng,Alam,Bali,Kabupaten Gianyar,-8.512856,115.2962342,4.2
Keramas Beach,Rekreasi,Bali,Kabupaten Gianyar,-8.5977459,115.3390381,4.5
Candi Tebing Kerobokan,Budaya,Bali,Kabupaten Gianyar,-8.485522,115.3068352,4.7
Pura Mengening,Budaya,Bali,Kabupaten Gianyar,-8.4200247,115.3120268,4.7
Gembok cinta,Umum,Bali,Kabupaten Gianyar,-8.4367798,115.2755398,4.1
Ceking Rice Terrace,Alam,Bali,Kabupaten Gianyar,-8.4317112,115.279303,4.4
Linggih Bali,Umum,Bali,Kabupaten Gianyar,-8.5912777,115.2507153,4.1
Mount Lebah Temple,Budaya,Bali,Kabupaten Gianyar,-8.5040282,115.2546199,4.4
Delodsema Traditional Village,Budaya,Bali,Kabupaten Gianyar,-8.3971872,115.285367,4.6
Pura Kebo Edan,Budaya,Bali,Kabupaten Gianyar,-8.5177594,115.2926356,4.6
Ulu cangkir waterfall,Alam,Bali,Kabupaten Gianyar,-8.5188294,115.329463,4.9
Museum Puri Lukisan,Budaya,Bali,Kabupaten Gianyar,-8.5052428,115.2603706,4.3
Pura Puseh Desa Batuan,Budaya,Bali,Kabupaten Gianyar,-8.58216,115.2759471,4.5
Pura Dalem Agung Padangtegal,Budaya,Bali,Kabupaten Gianyar,-8.5187719,115.2585491,4.5
Tangkup Waterfall,Alam,Bali,Kabupaten Gianyar,-8.374484,115.3100783,4.7
Temple Yeh Pulu,Budaya,Bali,Kabupaten Gianyar,-8.5300627,115.293087,4.2
Tukad yeh bulan,Umum,Bali,Kabupaten Gianyar,-8.34947,115.3191321,4.4
Temesi Waterfall,Alam,Bali,Kabupaten Gianyar,-8.5525895,115.346867,4.9
Puri Langon Ubud,Budaya,Bali,Kabupaten Gianyar,-8.4975982,115.2642325,4.9
Desa wisata blangsinga ᬤᬰᬯᬶᬲᬢᬩ᭄ᬮᬗ᭄ᬲᬶᬗ᭟,Umum,Bali,Kabupaten Gianyar,-8.5755384,115.2918956,4.8
Petulu Heron Bird Colony Watch Point,Alam,Bali,Kabupaten Gianyar,-8.4784385,115.2765648,4.3
SUCEN WISATA TEGALLINGGAH,Umum,Bali,Kabupaten Gianyar,-8.5265789,115.3049442,5.0
Tirta Empul Temple Tour,Budaya,Bali,Kabupaten Gianyar,-8.4165023,115.3148499,4.4
Bali Bird Walks,Alam,Bali,Kabupaten Gianyar,-8.5081572,115.2477457,4.6
Desa Wisata Keramas,Umum,Bali,Kabupaten Gianyar,-8.5720594,115.3268629,4.0
Pegulingan Temple,Budaya,Bali,Kabupaten Gianyar,-8.4149634,115.3176807,4.7
Pura Agung Gunung Raung Taro,Budaya,Bali,Kabupaten Gianyar,-8.3848289,115.2790082,4.7
Uma Anyar Waterfall,Alam,Bali,Kabupaten Gianyar,-8.559213,115.2900449,4.8
Alas Harum Bali,Umum,Bali,Kabupaten Gianyar,-8.43989,115.2806075,4.5
The Amazing Taman Safari Bali,Alam,Bali,Kabupaten Gianyar,-8.5819641,115.345792,4.5
Gulung Tikeh Natural Pool and Waterfall,Alam,Bali,Kabupaten Gianyar,-8.5039522,115.315551,4.1
Yeh Pikat Waterfall,Alam,Bali,Kabupaten Gianyar,-8.3811047,115.2792108,4.6
Toya Selaka Waterfall,Alam,Bali,Kabupaten Gianyar,-8.4734805,115.3132654,4.8
Candi Tebing Gunung Kawi,Budaya,Bali,Kabupaten Gianyar,-8.4230656,115.3123232,4.8
Keramas Water Park,Umum,Bali,Kabupaten Gianyar,-8.5718081,115.3271584,4.2
Penestanan stairs,Umum,Bali,Kabupaten Gianyar,-8.5032466,115.2526753,4.8
Kemenuh Swimming Pool & Water Recreation,Rekreasi,Bali,Kabupaten Gianyar,-8.5731107,115.2866703,4.6
Taman Nusa,Alam,Bali,Kabupaten Gianyar,-8.5286174,115.3585207,4.3
BukitJangkrik Natural Water Swim,Umum,Bali,Kabupaten Gianyar,-8.5276578,115.3446823,4.6
Ricefields Tegallalang,Umum,Bali,Kabupaten Gianyar,-8.4326349,115.2787491,4.3
Bayad Waterfall,Alam,Bali,Kabupaten Gianyar,-8.4144729,115.3012186,4.6
Ricefields Tegalalang Real,Umum,Bali,Kabupaten Gianyar,-8.431839,115.281506,4.7
Bale Kulkul Bali,Umum,Bali,Kabupaten Gianyar,-8.6031627,115.2483233,4.4
Agro Wisata Tulikup,Umum,Bali,Kabupaten Gianyar,-8.5489662,115.36077,4.5
Melayang Waterfall,Alam,Bali,Kabupaten Gianyar,-8.4867113,115.2841474,3.8
Leke Leke Waterfall,Alam,Bali,Kabupaten Gianyar,-8.3666011,115.1978215,4.5
BALI SWING,Rekreasi,Bali,Kabupaten Gianyar,-8.5346068,115.3475191,4.4
Relief Bebitra,Umum,Bali,Kabupaten Gianyar,-8.5391562,115.3168869,4.6
Green Gadjah Ubud Bali,Umum,Bali,Kabupaten Gianyar,-8.4382562,115.2515722,4.7
Pura Puncak Bukit Langkihan,Budaya,Bali,Kabupaten Gianyar,-8.52547,115.3382829,4.6
Batu Belah Waterfall,Alam,Bali,Kabupaten Gianyar,-8.3893499,115.3003764,4.7
Kedisan Palace,Budaya,Bali,Kabupaten Gianyar,-8.4223666,115.2921435,4.6
U Fun Field,Umum,Bali,Kabupaten Gianyar,-8.4328193,115.272723,4.7
Paras Petanu Ground village,Umum,Bali,Kabupaten Gianyar,-8.417509,115.3017549,4.5
Pura Kahyangan Jagat Bukit Dharma Durga Kutri,Budaya,Bali,Kabupaten Gianyar,-8.537644,115.3026591,4.8
Mancingan Rice Terrace Bali,Alam,Bali,Kabupaten Gianyar,-8.422935,115.31703,4.9
Rimba Garden,Umum,Bali,Kabupaten Gianyar,-8.4447287,115.3108756,5.0
AIR TERJUN LAYANA,Alam,Bali,Kabupaten Gianyar,-8.5221916,115.28478,4.5
Pura Penataran Sasih,Budaya,Bali,Kabupaten Gianyar,-8.5139914,115.2931954,4.7
Pura Samuan Tiga,Budaya,Bali,Kabupaten Gianyar,-8.523841,115.294948,4.7
Pantai Segara Wilis,Rekreasi,Bali,Kabupaten Gianyar,-8.6076601,115.32331,4.5
Setia Darma House of Mask and Puppets,Umum,Bali,Kabupaten Gianyar,-8.5340219,115.2797902,4.8
Ubud Dalem Temple,Budaya,Bali,Kabupaten Gianyar,-8.5051334,115.2582991,4.5
MADU AMERTA BHUANA,Umum,Bali,Kabupaten Gianyar,-8.3818733,115.2364098,5.0
Monkey Forest,Alam,Bali,Kabupaten Gianyar,-8.5193841,115.2606335,4.5
Pura Dalem Sidan,Budaya,Bali,Kabupaten Gianyar,-8.5348469,115.3476041,4.5
Jasan Waterfall,Alam,Bali,Kabupaten Gianyar,-8.3754304,115.3078249,4.4
Ubud Rafting,Rekreasi,Bali,Kabupaten Gianyar,-8.4901755,115.2460979,4.6
Sukawati Art Market,Umum,Bali,Kabupaten Gianyar,-8.5965307,115.2826055,4.4
Pejeng kawan village,Umum,Bali,Kabupaten Gianyar,-8.5112422,115.284838,4.4
Jambe Asri Agrotourism,Umum,Bali,Kabupaten Gianyar,-8.6052674,115.250547,4.2
Abian Desa Rice Terrace,Alam,Bali,Kabupaten Gianyar,-8.4280706,115.2791907,4.4
Nature Tourism Green Cliff,Alam,Bali,Kabupaten Jembrana,-8.3656816,114.7963116,4.1
Wisata Puncak JR Jembrana Bali,Umum,Bali,Kabupaten Jembrana,-8.3011447,114.6617455,4.4
Air Terjun Juwuk Manis,Alam,Bali,Kabupaten Jembrana,-8.3910903,114.9079129,4.5
Pantai Candikusuma,Rekreasi,Bali,Kabupaten Jembrana,-8.3080765,114.5180584,4.1
Roses peak Jembrana Bali,Umum,Bali,Kabupaten Jembrana,-8.2938045,114.639346,4.1
Wisata,Umum,Bali,Kabupaten Jembrana,-8.3606349,114.6165187,5.0
Taman Pecangakan - Negara,Alam,Bali,Kabupaten Jembrana,-8.3581195,114.6367885,4.5
Bunut Bolong,Umum,Bali,Kabupaten Jembrana,-8.3863779,114.8737092,4.5
Bendungan Palasari,Umum,Bali,Kabupaten Jembrana,-8.2541651,114.5506484,4.4
Wisata Gelar River,Umum,Bali,Kabupaten Jembrana,-8.2993803,114.6553135,4.6
Bendungan Benel,Umum,Bali,Kabupaten Jembrana,-8.2852077,114.6046845,4.4
Pantai Pebuahan,Rekreasi,Bali,Kabupaten Jembrana,-8.3427649,114.5392853,4.1
Rest Area Pantai Yeh Leh,Rekreasi,Bali,Kabupaten Jembrana,-8.4664121,114.915006,4.5
Pantai Perancak,Rekreasi,Bali,Kabupaten Jembrana,-8.4073506,114.6294111,4.5
MAKAM WALI BALI 7(PITU),Umum,Bali,Kabupaten Jembrana,-8.3687826,114.623201,4.6
Pura Jagatnatha Jembrana,Budaya,Bali,Kabupaten Jembrana,-8.3589795,114.6382392,4.7
Secret Bay,Umum,Bali,Kabupaten Jembrana,-8.1647082,114.438644,4.6
Air Terjun Yeh Buah,Alam,Bali,Kabupaten Jembrana,-8.3393885,114.7504039,4.4
Pantai Pekutatan,Rekreasi,Bali,Kabupaten Jembrana,-8.435689,114.8366429,4.6
Taman Siwa,Alam,Bali,Kabupaten Jembrana,-8.1631614,114.4375953,4.6
objek wisata gelar,Umum,Bali,Kabupaten Jembrana,-8.2994573,114.6552495,4.0
Alas Utama Medewi (AUM),Umum,Bali,Kabupaten Jembrana,-8.3865332,114.828546,4.6
Batu Belah,Umum,Bali,Kabupaten Jembrana,-8.2941855,114.6392441,4.0
Pantai Tembles,Rekreasi,Bali,Kabupaten Jembrana,-8.3959697,114.717813,4.4
Karang Impian Beach,Rekreasi,Bali,Kabupaten Jembrana,-8.2635318,114.4788091,4.3
Kampoeng Palarejo Selfie Spot Jembrana,Umum,Bali,Kabupaten Jembrana,-8.2513986,114.5459595,4.4
Cupel Beach,Rekreasi,Bali,Kabupaten Jembrana,-8.3560612,114.5489482,4.4
"Agrowisata Munduk Nangka Desa Berangbang, Tangimeyeh",Umum,Bali,Kabupaten Jembrana,-8.3134638,114.6088557,4.2
GREEN HILL BALI,Umum,Bali,Kabupaten Jembrana,-8.3158156,114.611508,4.9
Perancak Sunset Point,Umum,Bali,Kabupaten Jembrana,-8.4026025,114.6054127,4.5
Gedung Kesenian Dr Ir Soekarno,Umum,Bali,Kabupaten Jembrana,-8.3594875,114.6362849,4.4
D'ABIANsy waterpark,Umum,Bali,Kabupaten Jembrana,-8.3763001,114.6913232,4.3
Sidi Tapa Waterfall,Alam,Bali,Kabupaten Jembrana,-8.3551198,114.7053629,4.4
Rambut Siwi Temple,Budaya,Bali,Kabupaten Jembrana,-8.4031342,114.7658575,4.7
Monumen Operasi Lintas Laut Jawa - Bali,Umum,Bali,Kabupaten Jembrana,-8.1929075,114.4433196,4.4
Desa Wisata PALASARI,Umum,Bali,Kabupaten Jembrana,-8.2528092,114.5407894,4.7
Kampung Coklat jembrana,Umum,Bali,Kabupaten Jembrana,-8.3324955,114.6797408,4.5
Taman Prasasti,Budaya,Bali,Kabupaten Jembrana,-8.3438569,114.6199362,4.1
Ambenan Ijo Gading,Umum,Bali,Kabupaten Jembrana,-8.3662617,114.6237969,4.5
Mecha Sunset View,Umum,Bali,Kabupaten Jembrana,-8.3657171,114.5566351,4.8
Pura Jati Jembrana,Budaya,Bali,Kabupaten Jembrana,-8.3927761,114.5871145,4.6
Melaya Beach,Rekreasi,Bali,Kabupaten Jembrana,-8.2893921,114.4982481,4.5
Nirwana Garden Bali,Umum,Bali,Kabupaten Jembrana,-8.3312928,114.6396451,4.6
ᬤᬸᬲᬸᬦ᭄ᬲᭂᬜ᭄ᬚ᭟ Dusun Senja,Umum,Bali,Kabupaten Jembrana,-8.2914809,114.5254966,4.8
Negara Palace,Budaya,Bali,Kabupaten Jembrana,-8.3600096,114.6213035,4.7
"Pantai Karangsewu, Balai Taman Nasional Bali Barat",Rekreasi,Bali,Kabupaten Jembrana,-8.1713148,114.4443538,4.5
Tibu boni tempat permandian alami,Alam,Bali,Kabupaten Jembrana,-8.3071284,114.6977783,5.0
Air Terjun Kayangan Sawe,Alam,Bali,Kabupaten Jembrana,-8.332804,114.639618,4.3
Pulukan Beach,Rekreasi,Bali,Kabupaten Jembrana,-8.4239889,114.811921,4.5
Ekowisata Tracking Mangrove,Alam,Bali,Kabupaten Jembrana,-8.398619,114.62144,4.6
PutriMas Collection,Umum,Bali,Kabupaten Jembrana,-8.3525764,114.6472858,4.9
PUNCAK TIRTA hidden gems,Budaya,Bali,Kabupaten Jembrana,-8.3798181,114.8854963,4.8
Pengambengan Sunset View,Umum,Bali,Kabupaten Jembrana,-8.3874026,114.5704967,4.5
Pantai Cupel 1,Rekreasi,Bali,Kabupaten Jembrana,-8.3727114,114.5657321,4.5
Museum Manusia Purba Gilimanuk,Budaya,Bali,Kabupaten Jembrana,-8.1676768,114.4406435,4.4
Pura Sumur Kembar,Budaya,Bali,Kabupaten Jembrana,-8.2167383,114.4484488,4.4
Pantai Baluk Rening,Rekreasi,Bali,Kabupaten Jembrana,-8.3508247,114.5458949,4.2
Negara Banana Garden,Umum,Bali,Kabupaten Jembrana,-8.3471788,114.6281501,4.0
Taman Sangkur,Alam,Bali,Kabupaten Jembrana,-8.3577872,114.6215291,4.4
Air Terjun Grojogan Yehembang Kauh (entrance),Alam,Bali,Kabupaten Jembrana,-8.338924,114.7521262,4.5
Pura Perancak,Budaya,Bali,Kabupaten Jembrana,-8.4012153,114.6110724,4.7
Mantu Cager (Manistutu Camping Ground),Alam,Bali,Kabupaten Jembrana,-8.2778552,114.6053943,4.9
Monumen Pendaratan I Gusti Ngurah Rai,Umum,Bali,Kabupaten Jembrana,-8.4302483,114.816981,4.5
Taman Makam Pahlawan,Alam,Bali,Kabupaten Jembrana,-8.3579769,114.6250368,4.7
ᬕ᭄ᬭᭀᬚᭀᬕᬦ᭄᭟ Grojogan waterfall,Alam,Bali,Kabupaten Jembrana,-8.22723,114.511449,3.7
Taman Ujung,Alam,Bali,Kabupaten Karangasem,-8.4630811,115.6306692,4.6
Tirta Gangga,Budaya,Bali,Kabupaten Karangasem,-8.4123473,115.5872919,4.6
Puri Agung Karangasem,Budaya,Bali,Kabupaten Karangasem,-8.4433268,115.6159111,4.5
Taman Edelweis Bali,Alam,Bali,Kabupaten Karangasem,-8.3692776,115.4633967,4.5
Pantai Jasri,Rekreasi,Bali,Kabupaten Karangasem,-8.4793541,115.6219076,4.5
Bukit Cinta,Umum,Bali,Kabupaten Karangasem,-8.4262591,115.6088009,4.4
Telaga Surya,Umum,Bali,Kabupaten Karangasem,-8.4219566,115.430186,4.6
Bukit Guungan,Umum,Bali,Kabupaten Karangasem,-8.5035769,115.5715461,4.4
Bukit Asah Desa Bugbug,Umum,Bali,Kabupaten Karangasem,-8.505565,115.6105888,4.6
Pancoran Pengelukatan Sapta Gangga,Umum,Bali,Kabupaten Karangasem,-8.4773864,115.5881925,4.6
Bukit Putung,Umum,Bali,Kabupaten Karangasem,-8.454822,115.5162067,4.4
Waterfall Air Terjun Jagasatru,Alam,Bali,Kabupaten Karangasem,-8.4593053,115.5102254,4.7
Air Terjun Yeh Labuh Waterfall,Alam,Bali,Kabupaten Karangasem,-8.4637236,115.5334875,4.4
Bukit surga,Umum,Bali,Kabupaten Karangasem,-8.4176008,115.5265639,4.8
Lahangan Sweet,Umum,Bali,Kabupaten Karangasem,-8.3721589,115.6371092,4.6
Pemandian Tirta Ujung,Budaya,Bali,Kabupaten Karangasem,-8.4638062,115.6260345,4.4
"Pantai Bugbug, Manggis, Karangasem",Rekreasi,Bali,Kabupaten Karangasem,-8.5058327,115.6003808,4.3
Jembatan Kuning Tukad Yeh Unda,Umum,Bali,Kabupaten Karangasem,-8.4598924,115.4457336,4.3
Desa Wisata Timbrah,Umum,Bali,Kabupaten Karangasem,-8.478888,115.597373,4.9
"Lotus Lagoon, Candidasa, Karangasem",Umum,Bali,Kabupaten Karangasem,-8.5105948,115.5723526,4.4
Pantai Yeh Malet,Rekreasi,Bali,Kabupaten Karangasem,-8.5496897,115.4840967,4.4
Pantai Pasir Hitam,Rekreasi,Bali,Kabupaten Karangasem,-8.4277987,115.6913184,4.5
Danau Yeh Malet,Alam,Bali,Kabupaten Karangasem,-8.5414575,115.4844259,4.0
Savana Tianyar,Umum,Bali,Kabupaten Karangasem,-8.224334,115.508731,4.5
Candidasa Lotus Lagoon,Umum,Bali,Kabupaten Karangasem,-8.5111739,115.572218,4.2
Pantai Prasi,Rekreasi,Bali,Kabupaten Karangasem,-8.496998,115.613122,4.3
Bali Countryside Sidemen,Umum,Bali,Kabupaten Karangasem,-8.505544,115.425761,4.4
Savana Nusu,Umum,Bali,Kabupaten Karangasem,-8.2488152,115.5414142,4.5
Virgin Beach,Rekreasi,Bali,Kabupaten Karangasem,-8.5014485,115.6105419,4.7
Bukit Asah Bali - Tempat Camping di Bali,Alam,Bali,Kabupaten Karangasem,-8.5050869,115.6111952,4.5
Puncak Gunung Agung Bali,Alam,Bali,Kabupaten Karangasem,-8.3420371,115.5032748,4.8
Bendungan Yeh Unda Hulu,Umum,Bali,Kabupaten Karangasem,-8.4539628,115.4515574,4.4
Besakih Great Temple,Budaya,Bali,Kabupaten Karangasem,-8.3739976,115.4525567,4.5
Yeh abian,Umum,Bali,Kabupaten Karangasem,-8.4215327,115.5823071,4.6
Gunung Agung,Alam,Bali,Kabupaten Karangasem,-8.3433041,115.5075097,4.5
Pantai Wates Karangasem,Rekreasi,Bali,Kabupaten Karangasem,-8.5505261,115.4800833,4.4
Di kaki Gunung Agung,Alam,Bali,Kabupaten Karangasem,-8.2679059,115.4943031,5.0
PANGI karangasem,Umum,Bali,Kabupaten Karangasem,-8.4253484,115.6113366,4.5
Pantai Labuan Jelung,Rekreasi,Bali,Kabupaten Karangasem,-8.1910815,115.4934448,4.0
Agrowisata Abian Salak,Umum,Bali,Kabupaten Karangasem,-8.441318,115.5196849,4.7
Pantai Peselatan,Rekreasi,Bali,Kabupaten Karangasem,-8.3236542,115.6285366,4.4
Bali Chocolate Factory,Umum,Bali,Kabupaten Karangasem,-8.4830133,115.6173424,3.8
Ketut's Hideaway,Umum,Bali,Kabupaten Karangasem,-8.5194448,115.5077649,4.7
Lipah Beach,Rekreasi,Bali,Kabupaten Karangasem,-8.3510287,115.6846672,4.4
Pantai Tanah Ampo,Rekreasi,Bali,Kabupaten Karangasem,-8.5077556,115.5138379,4.9
Telaga Waja Waterfall,Alam,Bali,Kabupaten Karangasem,-8.4460484,115.4344223,4.5
Jemeluk Bay snorkelling spot,Umum,Bali,Kabupaten Karangasem,-8.3375984,115.6604191,4.6
Bukit cemara,Umum,Bali,Kabupaten Karangasem,-8.4077327,115.5192155,4.6
Pantai Melasti Amed,Rekreasi,Bali,Kabupaten Karangasem,-8.3310407,115.6390616,4.5
Pantai Taman Ujung,Rekreasi,Bali,Kabupaten Karangasem,-8.4655926,115.6325419,4.3
Destinasi Karangasem,Umum,Bali,Kabupaten Karangasem,-8.4497997,115.6273131,4.526701570680628
Padang Bunga Kasna,Umum,Bali,Kabupaten Karangasem,-8.3660262,115.4671867,4.3
Bukit Asmara,Umum,Bali,Kabupaten Karangasem,-8.4600192,115.4335244,4.1
Aquamarine Beach,Rekreasi,Bali,Kabupaten Karangasem,-8.361303,115.6989865,5.0
Royal Palace on the Water,Budaya,Bali,Kabupaten Karangasem,-8.4643825,115.6310475,4.6
Pelabuhan Amuk,Umum,Bali,Kabupaten Karangasem,-8.5176924,115.5068814,4.5
"Wisata LOD BUAH. Sideman-Karangasem, Bali",Umum,Bali,Kabupaten Karangasem,-8.5192541,115.4367869,4.4
Hidden View Lempuyang,Umum,Bali,Kabupaten Karangasem,-8.3922859,115.6341964,4.7
Utari Garden,Umum,Bali,Kabupaten Karangasem,-8.2517207,115.5731755,4.3
Pantai Bulakan,Rekreasi,Bali,Kabupaten Karangasem,-8.3141711,115.6241636,4.5
Penataran Agung Lempuyang Temple,Budaya,Bali,Kabupaten Karangasem,-8.3918923,115.6314773,4.1
Pura Pasar Agung Sebudi,Budaya,Bali,Kabupaten Karangasem,-8.3692337,115.5030187,4.6
Cungkube,Umum,Bali,Kabupaten Karangasem,-8.49453,115.4455677,5.0
Wates Yeh Malet Beach,Rekreasi,Bali,Kabupaten Karangasem,-8.5502477,115.4806581,4.4
Sawah Agung,Alam,Bali,Kabupaten Karangasem,-8.4491875,115.5583125,4.4
"Sunrise Pantai Ujung Pesisi, Karangasem. Bali",Rekreasi,Bali,Kabupaten Karangasem,-8.4650713,115.6327058,4.4
Mata Air Asam,Umum,Bali,Kabupaten Karangasem,-8.3772995,115.6566871,4.2
Telabah Lantang Desa Muncan,Umum,Bali,Kabupaten Karangasem,-8.4328007,115.4479408,4.5
Bayu Beach Bali. Bebayu,Rekreasi,Bali,Kabupaten Karangasem,-8.3255968,115.6316359,4.9
Pantai Baturinggit,Rekreasi,Bali,Kabupaten Karangasem,-8.2431568,115.5683016,4.5
Pantai Belatung,Rekreasi,Bali,Kabupaten Karangasem,-8.5507383,115.4786885,4.2
EMBUNG DATAH II,Umum,Bali,Kabupaten Karangasem,-8.3555743,115.5540242,4.6
DARYA SIDEMEN TREKKING,Alam,Bali,Kabupaten Karangasem,-8.4572184,115.439725,5.0
Snorkeling Blue Lagoon Amuk bay,Umum,Bali,Kabupaten Karangasem,-8.5218356,115.5116488,4.3
Bukit Dap Dap,Umum,Bali,Kabupaten Karangasem,-8.3234264,115.5789483,4.5
West Garden Pangi,Umum,Bali,Kabupaten Karangasem,-8.4254565,115.6099359,5.0
Sidemen Swing,Rekreasi,Bali,Kabupaten Karangasem,-8.4857385,115.4423424,4.9
Hidden Green Kayoan,Umum,Bali,Kabupaten Karangasem,-8.425828,115.5941055,4.1
Pantai Bangklangan Perasi,Rekreasi,Bali,Kabupaten Karangasem,-8.4954549,115.6124987,4.8
Bukit Bulgari,Umum,Bali,Kabupaten Karangasem,-8.4896352,115.5475091,4.7
KENCANA RIVER SIDE,Umum,Bali,Kabupaten Karangasem,-8.425299,115.4360412,4.6
Obyek Wisata Batu Belah Antiga,Umum,Bali,Kabupaten Karangasem,-8.5142817,115.492465,5.0
Pondok Bukit Samuh,Umum,Bali,Kabupaten Karangasem,-8.4812419,115.5112641,5.0
"Pondok GunGGunG - Socio, Art, Cultural & Natural Creative Hub",Umum,Bali,Kabupaten Karangasem,-8.4346772,115.516941,4.7
Avatar Rafting,Rekreasi,Bali,Kabupaten Karangasem,-8.4238304,115.4372341,4.7
KAK NEMO SNORKELING,Umum,Bali,Kabupaten Karangasem,-8.5307003,115.5094439,4.5
Rumah Capung,Umum,Bali,Kabupaten Karangasem,-8.4800036,115.6090838,4.526701570680628
Munduk Cinta Tulamben,Umum,Bali,Kabupaten Karangasem,-8.2876669,115.5986417,4.8
Jro Mangku Pasek Tohjiwa MPTH,Umum,Bali,Kabupaten Karangasem,-8.3885001,115.511136,5.0
Seraya Secrets,Umum,Bali,Kabupaten Karangasem,-8.2953524,115.6125232,4.7
"Virgin Beach, Karangasem, Bali",Rekreasi,Bali,Kabupaten Karangasem,-8.5014083,115.6105404,4.6
Taman Budaya Candra Buana,Alam,Bali,Kabupaten Karangasem,-8.4438544,115.6143824,4.4
AMED SELFIE,Umum,Bali,Kabupaten Karangasem,-8.3335814,115.6415139,4.1
Gantalan poin,Umum,Bali,Kabupaten Karangasem,-8.4384669,115.5426459,5.0
Jembatan Bukit Avatar,Umum,Bali,Kabupaten Karangasem,-8.3596351,115.6640327,5.0
Bendungan Kastala,Umum,Bali,Kabupaten Karangasem,-8.4466824,115.561643,4.5
bukit asah,Umum,Bali,Kabupaten Karangasem,-8.4968188,115.6036309,5.0
Kantor Wisata Dukuh Lestari,Umum,Bali,Kabupaten Karangasem,-8.4519517,115.5225166,4.9
Pasraman Jiwan Mukti Muntigunung,Umum,Bali,Kabupaten Karangasem,-8.208311,115.4486593,4.9
Wanna Sunrise volcano & rice view,Alam,Bali,Kabupaten Karangasem,-8.4013078,115.6171014,4.8
"Padang Savana Tianyar, Karangasem",Umum,Bali,Kabupaten Karangasem,-8.227776,115.5070151,4.6
"Bendung Irigasi Bajing, Sidemen Karangasem",Umum,Bali,Kabupaten Karangasem,-8.471722,115.4135194,5.0
Amed snorkeling center,Umum,Bali,Kabupaten Karangasem,-8.3582,115.6957549,5.0
Pura Pengubengan,Budaya,Bali,Kabupaten Karangasem,-8.36377,115.4613834,4.7
Pura Manik Kembar (Kahyangan Jagat),Budaya,Bali,Kabupaten Karangasem,-8.3101011,115.6218444,4.7
Pura Peninjoan,Budaya,Bali,Kabupaten Karangasem,-8.3674209,115.449829,4.9
Bukit Kembang Sari,Umum,Bali,Kabupaten Karangasem,-8.4814999,115.5688635,4.8
Pura Manik Mas,Budaya,Bali,Kabupaten Karangasem,-8.379336,115.4470205,4.6
Pura Gelap Besakih,Budaya,Bali,Kabupaten Karangasem,-8.3721845,115.4549158,4.8
Mimba Black Beach,Rekreasi,Bali,Kabupaten Karangasem,-8.5421564,115.5048637,4.2
Pura Batu Belah,Budaya,Bali,Kabupaten Karangasem,-8.5136332,115.4925798,4.6
Maha Gangga Valley,Alam,Bali,Kabupaten Karangasem,-8.4063943,115.5905764,4.5
USAT Liberty Wreck,Umum,Bali,Kabupaten Karangasem,-8.2742022,115.5930373,4.7
Pesona Munduk Ngandang,Umum,Bali,Kabupaten Karangasem,-8.3711103,115.4486362,4.6
Pura Candidasa,Budaya,Bali,Kabupaten Karangasem,-8.51031,115.572336,4.3
Pemandian Umum Tukad Arca,Umum,Bali,Kabupaten Karangasem,-8.4075874,115.4296294,4.6
Dekwar Local Guide Mount Agung Trekking Bali,Alam,Bali,Kabupaten Karangasem,-8.3706508,115.5028754,5.0
Pratiksha and Pranjal point,Umum,Bali,Kabupaten Karangasem,-8.4625591,115.5164866,4.5
Angel Lagoon Tour - Snorkeling Fishing & Cooking in Amed,Rekreasi,Bali,Kabupaten Karangasem,-8.3476733,115.6807876,4.526701570680628
Kertha Gosa Park,Umum,Bali,Kabupaten Klungkung,-8.5357626,115.4035934,4.5
Kali Unda,Umum,Bali,Kabupaten Klungkung,-8.5335246,115.4116834,4.5
Tirai Air Terjun Tukad Unda,Alam,Bali,Kabupaten Klungkung,-8.5338492,115.4109914,4.6
Puri Agung Klungkung,Budaya,Bali,Kabupaten Klungkung,-8.5351365,115.4022646,4.7
Bukit Belong,Umum,Bali,Kabupaten Klungkung,-8.5449492,115.4276538,4.3
Goa Jepang Klungkung,Alam,Bali,Kabupaten Klungkung,-8.5525982,115.3813149,4.3
Wisata Tirta Srinadi,Budaya,Bali,Kabupaten Klungkung,-8.5539149,115.4128411,4.0
Lapangan Puputan Klungkung,Umum,Bali,Kabupaten Klungkung,-8.5357308,115.4017418,4.6
Puputan Klungkung monument,Budaya,Bali,Kabupaten Klungkung,-8.5348317,115.403407,4.7
Pantai Batu Tumpeng,Rekreasi,Bali,Kabupaten Klungkung,-8.5752757,115.4112476,4.4
Seganing spring,Umum,Bali,Kabupaten Klungkung,-8.760954,115.4868511,4.0
DESA WISATA BAKAS,Umum,Bali,Kabupaten Klungkung,-8.5213315,115.368006,4.7
Bendungan Tukad Yeh Unda,Umum,Bali,Kabupaten Klungkung,-8.5536891,115.4224065,4.3
The Tadah Uwuk Waterfall and Canyon view,Alam,Bali,Kabupaten Klungkung,-8.4990911,115.35806,4.7
Atuh King Five Nusa Penida,Umum,Bali,Kabupaten Klungkung,-8.7787791,115.6169247,4.6
Pantai Goa Lawah (Timur Pura - Rest Area),Budaya,Bali,Kabupaten Klungkung,-8.5517007,115.4705923,4.6
Lumangan Beach,Rekreasi,Bali,Kabupaten Klungkung,-8.7402834,115.4548348,4.5
Diamond Beach,Rekreasi,Bali,Kabupaten Klungkung,-8.7751348,115.6202282,4.7
Aan Secret Waterfall,Alam,Bali,Kabupaten Klungkung,-8.5139213,115.3842689,4.7
Bukit Tengah,Umum,Bali,Kabupaten Klungkung,-8.5385763,115.4767876,4.6
Klungkung Royal Palace,Budaya,Bali,Kabupaten Klungkung,-8.5357948,115.402937,4.5
Banah Cliff Point,Alam,Bali,Kabupaten Klungkung,-8.7670731,115.4869036,4.5
Crystal Bay Beach,Rekreasi,Bali,Kabupaten Klungkung,-8.7156148,115.4592001,4.4
Pantai Klotok Klungkung,Rekreasi,Bali,Kabupaten Klungkung,-8.5764594,115.3997938,4.4
Pura Watu Klotok,Budaya,Bali,Kabupaten Klungkung,-8.5764492,115.4008036,4.6
Melangit Bali Adventure,Umum,Bali,Kabupaten Klungkung,-8.5254361,115.3631384,4.9
Tourism Village Kamasan,Umum,Bali,Kabupaten Klungkung,-8.5471958,115.4060505,4.6
Tegehan waterfall,Alam,Bali,Kabupaten Klungkung,-8.530948,115.389061,4.3
Goa Lawah Temple,Budaya,Bali,Kabupaten Klungkung,-8.5515731,115.4688279,4.6
Broken Beach,Rekreasi,Bali,Kabupaten Klungkung,-8.7327938,115.4508319,4.6
Saren Cliff Point,Alam,Bali,Kabupaten Klungkung,-8.7744198,115.502352,4.6
Pura Puncak Mundi,Budaya,Bali,Kabupaten Klungkung,-8.7321375,115.5242335,4.7
Teletubbies Hill,Umum,Bali,Kabupaten Klungkung,-8.7853848,115.5747842,4.1
Penglukatan Pura Tirta Suranadi,Budaya,Bali,Kabupaten Klungkung,-8.512528,115.3945558,4.4
Taman Kota Klungkung,Alam,Bali,Kabupaten Klungkung,-8.5251857,115.4018085,4.5
Pantai Sedayu,Rekreasi,Bali,Kabupaten Klungkung,-8.5748151,115.3897728,4.4
Wisata Bukit,Umum,Bali,Kabupaten Klungkung,-8.5263793,115.4158462,4.1
Devil's Tears,Umum,Bali,Kabupaten Klungkung,-8.690565,115.4302884,4.6
Paluang Cliff,Alam,Bali,Kabupaten Klungkung,-8.7536584,115.4769013,4.6
Angel's Billabong,Umum,Bali,Kabupaten Klungkung,-8.7335003,115.4489788,4.5
Celek-celek Waterfall,Alam,Bali,Kabupaten Klungkung,-8.4988978,115.3725942,3.0
Tembeling Beach and Forest,Rekreasi,Bali,Kabupaten Klungkung,-8.7706991,115.4969556,4.5
Guyangan Waterfall Nusa Penida,Alam,Bali,Kabupaten Klungkung,-8.7812546,115.5195018,4.4
Tukad Tista,Umum,Bali,Kabupaten Klungkung,-8.5087457,115.4604698,4.5
Wisata Warna Warni Kampung islam gelgel,Umum,Bali,Kabupaten Klungkung,-8.5553482,115.4109669,4.6
pantai Diamond pelilit,Rekreasi,Bali,Kabupaten Klungkung,-8.7759057,115.6190014,4.6
Gamat Bay,Umum,Bali,Kabupaten Klungkung,-8.7011172,115.4692487,4.6
Pantai Kp Kusamba,Rekreasi,Bali,Kabupaten Klungkung,-8.5643332,115.4529673,4.3
Blue Lagoon Nusa Ceningan,Umum,Bali,Kabupaten Klungkung,-8.7081221,115.4384371,4.7
"Pantai Monggalan, Klungkung",Rekreasi,Bali,Kabupaten Klungkung,-8.5664684,115.4511039,4.3
Kawasan Wisata Desa Romantic Hill,Umum,Bali,Kabupaten Klungkung,-8.5301221,115.4488407,4.4
Bali Butterfly Park,Alam,Bali,Kabupaten Tabanan,-8.4795048,115.1348148,4.4
Wisata Kayu Putih,Umum,Bali,Kabupaten Tabanan,-8.4064692,115.1870888,4.7
DESA WISATA PINGE,Umum,Bali,Kabupaten Tabanan,-8.3903092,115.1790329,4.5
Puri Agung Kerambitan,Budaya,Bali,Kabupaten Tabanan,-8.5470255,115.079887,4.7
Air Terjun Blemantung,Alam,Bali,Kabupaten Tabanan,-8.3190698,115.0444531,4.5
Wahana Wisata Sambhrama Ashram,Umum,Bali,Kabupaten Tabanan,-8.3772867,115.1517567,4.5
Desa Coklat Bali,Umum,Bali,Kabupaten Tabanan,-8.4199375,115.1786875,4.5
The Blooms Garden,Umum,Bali,Kabupaten Tabanan,-8.3020948,115.1587735,4.6
Puri Anyar Royal Palace Kerambitan,Budaya,Bali,Kabupaten Tabanan,-8.5423361,115.0833992,4.5
Pantai Kelecung,Rekreasi,Bali,Kabupaten Tabanan,-8.5467414,115.0140816,4.6
Blahmantung Waterfall,Alam,Bali,Kabupaten Tabanan,-8.2994915,114.9989323,4.7
Desa Wisata Tajen,Umum,Bali,Kabupaten Tabanan,-8.4448922,115.1485815,3.5
Tabanan Anom Palace,Budaya,Bali,Kabupaten Tabanan,-8.5369314,115.1258664,4.8
Wisata Grembengan,Umum,Bali,Kabupaten Tabanan,-8.5678423,115.1151558,4.1
Air Panas Angseri,Umum,Bali,Kabupaten Tabanan,-8.354649,115.1575243,4.2
Bali Botanical Garden,Alam,Bali,Kabupaten Tabanan,-8.2761215,115.1542029,4.6
Sing Sing Angin Waterfall,Alam,Bali,Kabupaten Tabanan,-8.4484918,115.0515311,4.4
Ulun Danu Beratan Temple,Budaya,Bali,Kabupaten Tabanan,-8.2751807,115.1668234,4.6
Pantai Selabih,Rekreasi,Bali,Kabupaten Tabanan,-8.4676987,114.917475,4.5
Air Terjun Yeh Hoo,Alam,Bali,Kabupaten Tabanan,-8.3586762,115.1360395,4.6
The SILA'S Agrotourism,Umum,Bali,Kabupaten Tabanan,-8.3008386,115.160651,4.5
Sunset Beach Tanah Lot,Rekreasi,Bali,Kabupaten Tabanan,-8.6211034,115.0874603,4.7
Subak Piak,Alam,Bali,Kabupaten Tabanan,-8.4055579,115.1049815,4.9
Kelating Beach,Rekreasi,Bali,Kabupaten Tabanan,-8.5791106,115.0559311,4.5
Secret Garden Village,Umum,Bali,Kabupaten Tabanan,-8.3726305,115.1933824,4.6
Jatiluwih Rice Terraces,Alam,Bali,Kabupaten Tabanan,-8.37031,115.131372,4.8
Pengempu Waterfall,Alam,Bali,Kabupaten Tabanan,-8.469335,115.2034665,4.2
Belulang Hot Springs,Alam,Bali,Kabupaten Tabanan,-8.3966341,115.1407491,4.3
Desa Wisata Kaba-Kaba,Umum,Bali,Kabupaten Tabanan,-8.6062145,115.1390447,4.4
Pantai Nyanyi,Rekreasi,Bali,Kabupaten Tabanan,-8.6336624,115.0978348,4.7
Taman Sari Buwana,Alam,Bali,Kabupaten Tabanan,-8.4776596,115.1491525,4.6
Pantai Soan Galuh,Rekreasi,Bali,Kabupaten Tabanan,-8.5095822,114.9749001,4.5
Pura Malen,Budaya,Bali,Kabupaten Tabanan,-8.3286389,115.0639622,4.6
Campuhan Antapan Waterfall,Alam,Bali,Kabupaten Tabanan,-8.3593389,115.1947135,4.5
Wisata Mini rafting & Penglukatan Yeh Sungi Belayu,Rekreasi,Bali,Kabupaten Tabanan,-8.5120041,115.1697605,4.4
Taman Alas Permata Sari,Alam,Bali,Kabupaten Tabanan,-8.451188,115.1396417,4.7
Wisata Eka tirta hot spring natural,Alam,Bali,Kabupaten Tabanan,-8.371906,115.1660008,3.7
Vihara Dharma Giri,Umum,Bali,Kabupaten Tabanan,-8.3195409,115.0176275,4.7
Pantai Batu Tampih,Rekreasi,Bali,Kabupaten Tabanan,-8.5954058,115.0717596,4.5
Besikalung Waterfall,Alam,Bali,Kabupaten Tabanan,-8.369276,115.140891,4.1
Sade Waterfall,Alam,Bali,Kabupaten Tabanan,-8.4051065,115.0282489,4.6
Pangkung Tibah Beach,Rekreasi,Bali,Kabupaten Tabanan,-8.6063733,115.0817215,4.5
New Rekreasi Tepi Danau Beratan,Alam,Bali,Kabupaten Tabanan,-8.283882,115.1742013,4.4
Bali SELFIE Sesandan Heritage SWING,Rekreasi,Bali,Kabupaten Tabanan,-8.4647901,115.053013,4.5
Pantai Antap,Rekreasi,Bali,Kabupaten Tabanan,-8.5382179,115.0012027,4.6
Yeh Panes Penatahan,Umum,Bali,Kabupaten Tabanan,-8.4340624,115.1248813,3.7
Hot Spring Penatahan Kaja,Alam,Bali,Kabupaten Tabanan,-8.4340051,115.1248067,4.2
Laduma Pinge,Umum,Bali,Kabupaten Tabanan,-8.3848784,115.1805199,4.8
Belimbing Rice Terraces,Alam,Bali,Kabupaten Tabanan,-8.4210424,115.0302563,4.6
Pangkung Tibah River Tour_mancing,Umum,Bali,Kabupaten Tabanan,-8.589287,115.0721181,4.8
Pantai Batu Lumbang,Rekreasi,Bali,Kabupaten Tabanan,-8.5241844,114.9904967,4.6
Sleeping Buddha statue Pupuan Tabanan,Umum,Bali,Kabupaten Tabanan,-8.3196905,115.0176867,4.6
Taman Pujaan Bangsa Margarana,Alam,Bali,Kabupaten Tabanan,-8.4650135,115.1637487,4.7
Agro Puncak Bedugul,Alam,Bali,Kabupaten Tabanan,-8.2927694,115.1501572,4.3
Daya Tarik Wisata Jogging Track Jalan Usaha Tani Desa Cepaka,Umum,Bali,Kabupaten Tabanan,-8.5970785,115.1487965,4.5
Tridatu Pondok Enjung,Umum,Bali,Kabupaten Tabanan,-8.3800065,115.1474208,4.8
Pantai Yeh Leh,Rekreasi,Bali,Kabupaten Tabanan,-8.4656667,114.9141311,4.6
Pantai Pasut,Rekreasi,Bali,Kabupaten Tabanan,-8.563438,115.0367423,4.5
Saren Kawan Artistic,Umum,Bali,Kabupaten Tabanan,-8.5499639,115.1180268,4.8
Taman Wisata Luih,Alam,Bali,Kabupaten Tabanan,-8.522596,115.106955,4.6
Abian Kapas Beach,Rekreasi,Bali,Kabupaten Tabanan,-8.558909,115.0315296,4.4
Tibu Sampi Waterfall,Alam,Bali,Kabupaten Tabanan,-8.4346639,115.0658169,4.7
Wisata Petik Strawberry Bedugul,Alam,Bali,Kabupaten Tabanan,-8.2706116,115.1636267,4.4
Pewaregan puraluhur tanah lot,Budaya,Bali,Kabupaten Tabanan,-8.6192996,115.0871281,4.6
Air terjun yeh nu,Alam,Bali,Kabupaten Tabanan,-8.5052468,115.1240903,4.7
Tabanan Banana Garden,Umum,Bali,Kabupaten Tabanan,-8.5236667,115.1140997,4.3
Mejan Beach,Rekreasi,Bali,Kabupaten Tabanan,-8.4990463,114.9586355,4.6
Pura Luhur Tamba Waras,Budaya,Bali,Kabupaten Tabanan,-8.4108258,115.0908571,4.6
Wisata Uma Piak,Umum,Bali,Kabupaten Tabanan,-8.4055519,115.1049792,4.9
TBK Bali,Umum,Bali,Kabupaten Tabanan,-8.5575547,115.0473535,4.7
Tanjung Kedungu,Umum,Bali,Kabupaten Tabanan,-8.612747,115.0832164,4.5
Pucak Kedaton Temple,Budaya,Bali,Kabupaten Tabanan,-8.3348789,115.0883118,4.7
Kedungu Beach,Rekreasi,Bali,Kabupaten Tabanan,-8.6088824,115.083265,4.4
Babahan Crystal Water,Umum,Bali,Kabupaten Tabanan,-8.3724161,115.1441338,4.7
Pura Luhur Mekori,Budaya,Bali,Kabupaten Tabanan,-8.3874697,115.0352411,4.7
Pantai Bonian,Rekreasi,Bali,Kabupaten Tabanan,-8.5155902,114.9821803,4.5
Wisata Spiritual Tirtha Nadi,Umum,Bali,Kabupaten Tabanan,-8.4687502,115.174746,4.4
Selabih Village,Umum,Bali,Kabupaten Tabanan,-8.4677495,114.9292438,5.0
AIR TERJUN TIBU SAMPI,Alam,Bali,Kabupaten Tabanan,-8.4450172,115.0096283,4.526701570680628
Taman Tanah Pegat - Selfie & Rekreasi,Alam,Bali,Kabupaten Tabanan,-8.5546722,115.1059095,3.9
Pantai Kelating,Rekreasi,Bali,Kabupaten Tabanan,-8.5791106,115.0559311,4.4
Lembah Mayungan,Alam,Bali,Kabupaten Tabanan,-8.30986,115.197041,4.7
Banjar Keridan Village,Umum,Bali,Kabupaten Tabanan,-8.378542,115.167295,4.5
The Throne Land,Umum,Bali,Kabupaten Tabanan,-8.4025749,115.1015652,4.9
Air Terjun Besi Kalung,Alam,Bali,Kabupaten Tabanan,-8.374642,115.142756,4.6
Pura Siwa,Budaya,Bali,Kabupaten Tabanan,-8.328005,115.0652664,4.7
LOVE RIVE WATERFALL,Alam,Bali,Kabupaten Tabanan,-8.4636778,115.0529919,5.0
Hutan Bambu,Alam,Bali,Kabupaten Tabanan,-8.3520992,115.1617287,4.3
Nuanu Creative City,Umum,Bali,Kabupaten Tabanan,-8.6300542,115.099108,4.4
Air Panas Penatahan,Umum,Bali,Kabupaten Tabanan,-8.4385339,115.1309812,4.2
GHANA Wibisana strawberry gardens,Umum,Bali,Kabupaten Tabanan,-8.2578814,115.1571311,5.0
Kolam pancing kelaci,Umum,Bali,Kabupaten Tabanan,-8.4135193,115.1875114,4.8
BASECAMP TSS TABANAN,Umum,Bali,Kabupaten Tabanan,-8.393141,115.1462046,5.0
Cocoa Land Bali,Umum,Bali,Kabupaten Tabanan,-8.37801,115.1946114,4.6
Luhur Besikalung Temple,Budaya,Bali,Kabupaten Tabanan,-8.3768296,115.1430658,4.7
Air terjun buwit,Alam,Bali,Kabupaten Tabanan,-8.6148728,115.1144293,3.3
Air terjun sanggulan permai,Alam,Bali,Kabupaten Tabanan,-8.5433076,115.1369752,5.0
Warung Krisna,Umum,Bali,Kabupaten Tabanan,-8.5454402,115.1219495,5.0
Pantai Kutikan,Rekreasi,Bali,Kabupaten Tabanan,-8.6158765,115.0851195,4.7
Centre Point Jatiluwih,Alam,Bali,Kabupaten Tabanan,-8.3709172,115.1364592,4.9
Subak Museum,Budaya,Bali,Kabupaten Tabanan,-8.5454359,115.1378728,4.2
Uma Urip Timpag,Umum,Bali,Kabupaten Tabanan,-8.4884749,115.0898673,4.9
Bedugul Hill,Alam,Bali,Kabupaten Tabanan,-8.2743728,115.1626237,4.8
The Beach Love,Rekreasi,Bali,Kabupaten Tabanan,-8.61316,115.083832,4.6
Air terjun pangkung tibah,Alam,Bali,Kabupaten Tabanan,-8.5919835,115.0935302,4.0
Batur Garden,Umum,Bali,Kabupaten Tabanan,-8.4837698,115.0747027,4.9
Pura Ulun Siwi (Dang Kahyangan Jagat),Budaya,Bali,Kabupaten Tabanan,-8.5399316,115.0828145,4.8
Pura Yeh Gangga,Budaya,Bali,Kabupaten Tabanan,-8.4292736,115.1970986,4.6
Big Garden Corner,Umum,Bali,Kota Denpasar,-8.6568602,115.253657,4.3
Taman Wisata Tukad Bindu,Alam,Bali,Kota Denpasar,-8.6437911,115.2358125,4.5
Bajra Sandhi Monument,Budaya,Bali,Kota Denpasar,-8.6717348,115.233902,4.6
Taman Inspirasi Mertasari,Alam,Bali,Kota Denpasar,-8.7120008,115.24822,4.4
Kumbasari Park,Umum,Bali,Kota Denpasar,-8.6563222,115.2118701,4.5
Bali Exotic Marine Park,Umum,Bali,Kota Denpasar,-8.7238697,115.2164357,4.5
Ekowisata Subak Sembung Peguyangan,Alam,Bali,Kota Denpasar,-8.6137206,115.2140324,4.6
"Bali Festival Park, Padang Galak",Rekreasi,Bali,Kota Denpasar,-8.6575124,115.2654034,4.4
Pantai Biaung,Rekreasi,Bali,Kota Denpasar,-8.6528433,115.2702633,4.6
Puri Agung Denpasar,Budaya,Bali,Kota Denpasar,-8.6510099,115.2174823,4.7
Upside Down World Bali,Umum,Bali,Kota Denpasar,-8.716711,115.2052612,4.2
Bali Museum,Budaya,Bali,Kota Denpasar,-8.6575741,115.2185908,4.4
Lumintang Park,Umum,Bali,Kota Denpasar,-8.6359218,115.2129875,4.5
Wisata Edukasi Subak Teba Majalangu,Alam,Bali,Kota Denpasar,-8.6433169,115.2599448,4.7
Sunrise Beach,Rekreasi,Bali,Kota Denpasar,-8.6706845,115.2616902,4.6
Werdhi Budaya Art Centre,Budaya,Bali,Kota Denpasar,-8.6556215,115.2338714,4.6
Padang Galak Beach,Rekreasi,Bali,Kota Denpasar,-8.6581906,115.26538,4.3
Taman Janggan Renon Denpasar,Alam,Bali,Kota Denpasar,-8.673189,115.2374062,4.6
Dermaga Serangan ᬤᭂᬃᬫᬕᬲᭂᬭᬗᬦ᭄᭟,Umum,Bali,Kota Denpasar,-8.721417,115.2389394,4.5
Pantai Tangtu,Rekreasi,Bali,Kota Denpasar,-8.654517,115.268378,4.4
Museum Bung Karno,Budaya,Bali,Kota Denpasar,-8.6723877,115.2254766,4.8
Taman Hutan Raya (Tahura) Ngurah Rai,Alam,Bali,Kota Denpasar,-8.7270249,115.1900733,4.5
DERMAGA 2 WISATA PERAHU TAMAN PANCING TIMUR,Alam,Bali,Kota Denpasar,-8.6983582,115.1951718,5.0
Kertalangu Cultural Village,Umum,Bali,Kota Denpasar,-8.6422294,115.2565548,4.3
Peace Gong Parks Kertalangu,Umum,Bali,Kota Denpasar,-8.6437864,115.2566757,4.3
Tukad Grodogan banjar Gunung Pemogan | Tempat Wisata Melihat Ikan Banjar Gunung,Alam,Bali,Kota Denpasar,-8.6904769,115.1934817,3.5
Barong Tanah Kilap - Sari Wisata Budaya BALI,Budaya,Bali,Kota Denpasar,-8.718854,115.1924122,4.4
YOUTH PARK,Umum,Bali,Kota Denpasar,-8.6362559,115.2133428,4.6
Taman Pancing,Alam,Bali,Kota Denpasar,-8.7185053,115.1880546,4.4
Lapangan Puputan Badung (I Gusti Ngurah Made Agung),Umum,Bali,Kota Denpasar,-8.6564627,115.2177422,4.7
Pasar Sindu,Umum,Bali,Kota Denpasar,-8.685235,115.2599958,4.4
Agung Jagatnatha Temple,Budaya,Bali,Kota Denpasar,-8.6562819,115.218642,4.7
Museum Le Mayeur,Budaya,Bali,Kota Denpasar,-8.6748773,115.2636777,4.1
Pengembak beach,Rekreasi,Bali,Kota Denpasar,-8.7124062,115.2476325,4.1
Rekreasi Kano,Rekreasi,Bali,Kota Denpasar,-8.7343065,115.1880649,4.6
Fingerprint Painting Museum,Budaya,Bali,Kota Denpasar,-8.6634067,115.2404409,4.5
"Mangrove Denpasar, Last Point",Alam,Bali,Kota Denpasar,-8.7261185,115.1933509,4.3
Taman Tukad Korea,Alam,Bali,Kota Denpasar,-8.6557322,115.2122018,4.6
CitraLand Waterpark,Umum,Bali,Kota Denpasar,-8.6273874,115.1932744,4.4
Pantai Padang Galak,Rekreasi,Bali,Kota Denpasar,-8.6611382,115.2633006,4.6
Embung Sanur,Umum,Bali,Kota Denpasar,-8.7066717,115.2433892,4.1
Karang Beach,Rekreasi,Bali,Kota Denpasar,-8.693729,115.266016,4.6
Sakenan Temple,Budaya,Bali,Kota Denpasar,-8.7252486,115.229424,4.7
DESTINASI WISATA DENPASAR,Umum,Bali,Kota Denpasar,-8.6343125,115.2261875,4.526701570680628
Taman Layang-layang,Alam,Bali,Kota Denpasar,-8.6633516,115.2615528,4.4
Bali Dolphin interaction,Umum,Bali,Kota Denpasar,-8.7237909,115.2142692,3.3
Segara Ayu Beach,Rekreasi,Bali,Kota Denpasar,-8.6824631,115.2643001,4.6
Kintamani,Alam,Bali,Kota Denpasar,-8.6321957,115.1992908,4.6
Duyung Beach,Rekreasi,Bali,Kota Denpasar,-8.7038318,115.2642739,4.5
Duta Orchid Garden,Umum,Bali,Kota Denpasar,-8.644659,115.2564268,4.6
Patung Catur Muka,Umum,Bali,Kota Denpasar,-8.6559667,115.2169412,4.7
Agrowisata Tupai Emas,Umum,Bali,Kota Denpasar,-8.6194904,115.2145012,4.8
Sindhu Beach,Rekreasi,Bali,Kota Denpasar,-8.6841754,115.2646296,4.6
DERMAGA 2 WISATA AIR KAMPUNG ISLAM KEPAON,Umum,Bali,Kota Denpasar,-8.6982793,115.1950893,4.8
Taman Agung Proklamasi,Alam,Bali,Kota Denpasar,-8.669732,115.2223949,5.0
Waduk Denpasar,Umum,Bali,Kota Denpasar,-8.7251515,115.1869036,4.7
Children's Traffic Park Denpasar,Umum,Bali,Kota Denpasar,-8.6384976,115.2129595,4.3
Istana Taman Jepun Bali,Alam,Bali,Kota Denpasar,-8.66732,115.24359,4.5
Taman Dam Oongan,Alam,Bali,Kota Denpasar,-8.6323756,115.2332723,4.6
Pantai Bangsal,Rekreasi,Bali,Kota Denpasar,-8.6735728,115.2633023,4.7
Sumber Sari Garden,Umum,Bali,Kota Denpasar,-8.6686744,115.2433607,5.0
Pasar Seni Kumbasari,Umum,Bali,Kota Denpasar,-8.6560335,115.2119652,4.4
Mangrove Forest Management Center Region I,Alam,Bali,Kota Denpasar,-8.724973,115.1943527,4.2
Mangrove Conservation Forest,Alam,Bali,Kota Denpasar,-8.7278961,115.1940037,4.6
Air Terjun Aling-Aling,air terjun,Bali,Buleleng,-8.1767917,115.1062843,0.0
Air Terjun Bantimurung,air terjun,Sulawesi Selatan,Sulawesi,-5.0165199,119.6855203,0.0
Air Terjun Benang Kelambu,air terjun,Nusa Tenggara Barat,Lombok Tengah,-8.5327696,116.3370113,0.0
Air Terjun Benang Stokel,air terjun,Nusa Tenggara Barat,Lombok Tengah,-8.5330355,116.3413791,0.0
Air Terjun Bidadari,air terjun,Kepulauan Bangka Belitung,Belitung Timur,-2.9283607,107.8390425,0.0
Air Terjun Coban Rondo,air terjun,Jawa Timur,Kabupaten Malang,-7.8847333,112.4769702,0.0
Air Terjun Coban Talun,air terjun,Jawa Timur,Kota Batu,-7.8020389,112.5170485,0.0
Air Terjun Curug Dengdeng,air terjun,Jawa Barat,Tasikmalaya,-7.641818,108.324676,0.0
Air Terjun Dolo,air terjun,Jawa Timur,Kabupaten Kediri,-7.8706373,111.8354398,0.0
Air Terjun Jumog,air terjun,Jawa Tengah,Karanganyar,-7.6312129,111.1269212,0.0
Air Terjun Kanto Lampo,air terjun,Bali,Gianyar,-8.5323414,115.3329825,0.0
Air Terjun Kedung Kayang,air terjun,Jawa Tengah,Magelang,-7.5003922,110.3933888,0.0
Air Terjun Mangku Sakti,air terjun,Nusa Tenggara Barat,Lombok Utara,-8.3180093,116.4686796,0.0
Air Terjun Matayangu,air terjun,Nusa Tenggara Timur,Sumba Tengah,-9.6732857,119.5046953,0.0
Air Terjun Moramo,air terjun,Sulawesi Tenggara,Konawe Selatan,-4.221149,122.7452422,0.0
Air Terjun Sambangan,air terjun,Bali,Buleleng,-8.1443829,115.100412,0.0
Air Terjun Sendang Gile,air terjun,Nusa Tenggara Barat,Lombok Utara,-8.3055561,116.4082776,0.0
Air Terjun Sri Gethuk,air terjun,Daerah Istimewa Yogyakarta,Bantul,-7.9432134,110.4895782,0.0
Air Terjun Tegenungan,air terjun,Bali,Gianyar,-8.5752294,115.2907014,0.0
Air Terjun Tukad Cepung,air terjun,Bali,Bangli,-8.4423213,115.3879035,0.0
Air Terjun Tumpak Sewu,air terjun,Jawa Timur,Kabupaten Malang,-8.2389311,112.9214262,0.0
Air Terjun Waimarang,air terjun,Nusa Tenggara Timur,Sumba Timur,-9.9687141,120.6028048,0.0
Alun-Alun Bandung,alun-alun,Jawa Barat,Kota Bandung,-6.9216776,107.607151,0.0
Alun-Alun Banyuwangi,alun-alun,Jawa Timur,Banyuwangi,-8.2073769,114.3759291,0.0
Alun-Alun Blitar,alun-alun,Jawa Timur,Blitar,-8.0981708,112.1651758,0.0
Alun-Alun Bojonegoro,alun-alun,Jawa Timur,Bojonegoro,-7.1490935,111.8802509,0.0
Alun-Alun Bondowoso,alun-alun,Jawa Timur,Bondowoso,-7.9131978,113.8224604,0.0
Alun-Alun Brebes,alun-alun,Jawa Tengah,Brebes,-6.8706354,109.0368815,0.0
Alun-Alun Cilacap,alun-alun,Jawa Tengah,Cilacap,-7.7273698,109.0095032,0.0
Alun-Alun Cirebon,alun-alun,Jawa Barat,Kota Cirebon,-6.7219026,108.567909,0.0
Alun-Alun Demak,alun-alun,Jawa Tengah,Demak,-6.894814,110.638526,0.0
Alun-Alun Gresik,alun-alun,Jawa Timur,Gresik,-7.1571326,112.6560463,0.0
Alun-Alun Jember,alun-alun,Jawa Timur,Jember,-8.1689005,113.7021649,0.0
Alun-Alun Jepara,alun-alun,Jawa Tengah,Jepara,-6.5897781,110.6673616,0.0
Alun-Alun Karanganyar,alun-alun,Jawa Tengah,Kebumen,-7.6306506,109.5736782,0.0
Alun-Alun Kediri,alun-alun,Jawa Timur,Kota Kediri,-7.8265629,112.0110595,0.0
Alun-Alun Kendal,alun-alun,Jawa Tengah,Kendal,-6.9213273,110.2040396,0.0
Alun-Alun Kendari,alun-alun,Sulawesi Tenggara,Kendari,-4.0286681,122.5205774,0.0
Alun-Alun Kidul Yogyakarta,alun-alun,Daerah Istimewa Yogyakarta,Kota Yogyakarta,-7.811844,110.3632217,0.0
Alun-Alun Klaten,alun-alun,Jawa Tengah,Klaten City,-7.704963,110.6018083,0.0
Alun-Alun Kota Batu,alun-alun,Jawa Timur,Kota Batu,-7.8711747,112.5251687,0.0
Alun-Alun Kota Magelang,alun-alun,Jawa Tengah,Kota Magelang,-7.4771886,110.2182633,0.0
Alun-Alun Kota Malang,alun-alun,Jawa Timur,Kota Malang,-7.9826135,112.6308234,0.0
Alun-Alun Kota Semarang,alun-alun,Jawa Tengah,Kota Semarang,-7.1350341,110.4090482,0.0
Alun-Alun Kota Solo,alun-alun,Jawa Tengah,Surakarta,-7.5747341,110.8287812,0.0
Alun-Alun Kota Tangerang,alun-alun,Banten,Tangerang Selatan,-6.2744895,106.6928034,0.0
Alun-Alun Kudus,alun-alun,Jawa Tengah,Kudus,-6.8077663,110.8417328,0.0
Alun-Alun Lamongan,alun-alun,Jawa Timur,Lamongan,-7.120213,112.4157189,0.0
Alun-Alun Lumajang,alun-alun,Jawa Timur,Lumajang,-8.1352201,113.2244432,0.0
Alun-Alun Madiun,alun-alun,Jawa Timur,Kota Madiun,-7.6291792,111.5168307,0.0
Alun-Alun Magelang,alun-alun,Jawa Tengah,Kota Magelang,-7.4771886,110.2182633,0.0
Alun-Alun Malang,alun-alun,Jawa Timur,Kota Malang,-7.9826135,112.6308234,0.0
Alun-Alun Mojokerto,alun-alun,Jawa Timur,Kota Mojokerto,-7.4632394,112.4319642,0.0
Alun-Alun Ngawi,alun-alun,Jawa Timur,Ngawi,-7.4036079,111.4445975,0.0
Alun-Alun Pacitan,alun-alun,Jawa Timur,Pacitan,-8.1946928,111.1031621,0.0
Alun-Alun Pandeglang,alun-alun,Banten,Pandeglang,-6.3098034,106.1067856,0.0
Alun-Alun Pasuruan,alun-alun,Jawa Timur,Kota Pasuruan,-7.6418879,112.9066793,0.0
Alun-Alun Pemalang,alun-alun,Jawa Tengah,Pemalang,-6.8902902,109.3806267,0.0
Alun-Alun Ponorogo,alun-alun,Jawa Timur,Ponorogo,-7.8710476,111.462263,0.0
Alun-Alun Probolinggo,alun-alun,Jawa Timur,Kota Probolinggo,-7.7441363,113.2158448,0.0
Alun-Alun Purbalingga,alun-alun,Jawa Tengah,Purbalingga,-7.3895946,109.3632534,0.0
Alun-Alun Purwokerto,alun-alun,Jawa Tengah,Purwokerto,-7.4243879,109.230123,0.0
Alun-Alun Rembang,alun-alun,Jawa Tengah,Rembang,-6.7055526,111.3486723,0.0
Alun-Alun Semarang,alun-alun,Jawa Tengah,Kota Semarang,-6.9717528,110.4237203,0.0
Alun-Alun Serang,alun-alun,Jawa Timur,Serang ,-6.1173476,106.1530639,0.0
Alun-Alun Sidoarjo,alun-alun,Jawa Timur,Sidoarjo,-7.4462137,112.7178539,0.0
Alun-Alun Situbondo,alun-alun,Jawa Timur,Situbondo,-7.7068185,114.0054037,0.0
Alun-Alun Solo,alun-alun,Jawa Tengah,Surakarta,-7.5747341,110.8287812,0.0
Alun-Alun Sragen,alun-alun,Jawa Tengah,Sragen,-7.4277082,111.0234646,0.0
Alun-Alun Sukoharjo,alun-alun,Jawa Tengah,Sukoharjo,-7.68293,110.8405744,0.0
Alun-Alun Surabaya,alun-alun,Jawa Timur,Surabaya,-7.2500402,112.737988,0.0
Alun-Alun Tegal,alun-alun,Jawa Tengah,Tegal,-6.8674529,109.1379097,0.0
Alun-Alun Temanggung,alun-alun,Jawa Tengah,Temanggung,-7.3162058,110.1755232,0.0
Alun-Alun Trenggalek,alun-alun,Jawa Timur,Trenggalek,-8.0491348,111.7092032,0.0
Alun-Alun Utara,alun-alun,Daerah Istimewa Yogyakarta,Kota Yogyakarta,-7.8044707,110.3643622,0.0
Alun-Alun Utara Yogyakarta,alun-alun,Daerah Istimewa Yogyakarta,Kota Yogyakarta,-7.8044707,110.3643622,0.0
Alun-Alun Wonosobo,alun-alun,Jawa Tengah,Wonosobo,-7.3587052,109.9030423,0.0
Bukit 2000 Kuningan,bukit,Jawa Barat,Kuningan,-6.7968035,108.4741153,0.0
Bukit Asah Bugbug,bukit,Bali,Karangasem,-8.4947581,115.5960209,0.0
Bukit Asah Karangasem,bukit,Bali,Karangasem,-8.4947581,115.5960209,0.0
Bukit Baka,bukit,Kalimantan Barat,Melawi,-0.65,112.366667,0.0
Bukit Barisan,bukit,Lampung,Pesisir Barat,-5.2472574,104.149891,0.0
Bukit Barisan Selatan,bukit,Lampung,Pesisir Barat,-5.2472574,104.149891,0.0
Bukit Batu,bukit,Kalimantan Tengah,Kapuas,-1.7494671,114.3528566,0.0
Bukit Batu Layar,bukit,Nusa Tenggara Barat,Lombok Barat,-8.5303114,116.0785592,0.0
Bukit Batu Sulawesi Selatan,bukit,Sulawesi Selatan,Makassar,-5.152682,119.484512,0.0
Bukit Besar,bukit,Sumatera Selatan,Lubuklinggau,-3.166667,102.866667,0.0
Bukit Bintang,bukit,Daerah Istimewa Yogyakarta,Kabupaten Gunungkidul ,-7.8460828,110.4796997,0.0
Bukit Bintang Yogyakarta,bukit,Daerah Istimewa Yogyakarta,Kabupaten Gunungkidul ,-7.8460828,110.4796997,0.0
Bukit Campuhan,bukit,Bali,Gianyar,-8.5044293,115.2552405,0.0
Bukit Cinta Bali,bukit,Bali,Karangasem,-8.4262117,115.6086959,0.0
Bukit Doa Tomohon,bukit,Sulawesi Utara,Tomohon,1.3493247,124.8503698,0.0
Bukit Gajah Bobok,bukit,Sumatera Utara,Karo,2.8993456,98.5111159,0.0
Bukit Holbung,bukit,Sumatera Utara,Samosir,2.5338138,98.7010689,0.0
Bukit Holbung Samosir,bukit,Sumatera Utara,Samosir,2.5338138,98.7010689,0.0
Bukit Jamur,bukit,Jawa Timur,Gresik,-7.0426224,112.5667217,0.0
Bukit Jempol,bukit,Sumatera Selatan,Lahat,-3.8120142,103.6703499,0.0
Bukit Jimbaran,bukit,Bali,Badung,-8.8125135,115.1578894,0.0
Bukit Kapur Arosbaya,bukit,Jawa Timur,Bangkalan,-6.9474419,112.8593068,0.0
Bukit Kelam,bukit,Kalimantan Barat,Sintang,0.078675,111.6480665,0.0
Bukit Klangon,bukit,Daerah Istimewa Yogyakarta,Glagah Harjo,-7.5767676,110.454776,0.0
Bukit Klangon Sleman,bukit,Daerah Istimewa Yogyakarta,Glagah Harjo,-7.5767676,110.454776,0.0
Bukit Kuneer,bukit,Jawa Timur,Kabupaten Malang,-7.8133895,112.6339012,0.0
Bukit Kuneer Malang,bukit,Jawa Timur,Kabupaten Malang,-7.8133895,112.6339012,0.0
Bukit Lawang Sumatera Utara,bukit,Sumatera Utara,Langkat,3.5493172,98.1224445,0.0
Bukit Lintang Sewu,bukit,Daerah Istimewa Yogyakarta,Bantul,-7.915055,110.4357959,0.0
Bukit Mamuju,bukit,Sulawesi Barat,Mamuju Tengah,-2.0919997,119.3764094,0.0
Bukit Muntai,bukit,Kepulauan Bangka Belitung,Bangka Selatan,-2.984875,106.5260778,0.0
Bukit Panguk Kediwung,bukit,Daerah Istimewa Yogyakarta,Bantul,-7.9597565,110.4405654,0.0
Bukit Punthuk Setumbu,bukit,Jawa Tengah,Magelang,-7.6074102,110.1778383,0.0
Bukit Raya,bukit,Kalimantan Barat,Sintang,1.0354835,111.3574287,0.0
Bukit Rhema,bukit,Jawa Tengah,Magelang,-7.6054797,110.1826028,0.0
Bukit Rhema Magelang,bukit,Jawa Tengah,Magelang,-7.6054797,110.1826028,0.0
Bukit Sekipan Tawangmangu,bukit,Jawa Tengah,Karanganyar,-7.667803,111.1442694,0.0
Bukit Selong,bukit,Nusa Tenggara Barat,,-8.365312,116.5400179,0.0
Bukit Selong Lombok Timur,bukit,Nusa Tenggara Barat,,-8.365312,116.5400179,0.0
Bukit Serelo,bukit,Sumatera Selatan,Lahat,-3.8120142,103.6703499,0.0
Bukit Sibea-bea Samosir,bukit,Sumatera Utara,Samosir,2.5504584,98.6719465,0.0
Bukit Siguntang Palembang,bukit,Sumatera Selatan,Palembang,-2.9972173,104.7255544,0.0
Bukit Sikunir,bukit,Jawa Tengah,Wonosobo,-7.2387021,109.9250284,0.0
Bukit Tangkiling Palangkaraya,bukit,Kalimantan Tengah,Palangka Raya,-1.9881028,113.7504103,0.0
Bukit Tinggi,bukit,Bengkulu,Bengkulu Utara,-3.3295279,101.8358215,0.0
Bukit Wairinding,bukit,Nusa Tenggara Timur,Sumba Timur,-9.6794624,120.1000531,0.0
Cafe D'Pakar Bandung,cafe view,Jawa Barat,Kabupaten Bandung,-6.8467341,107.6498632,0.0
Cafe Kopi Merapi Sleman,cafe view,Daerah Istimewa Yogyakarta,Umbulharjo,-7.602614,110.4459924,0.0
Cafe Kopi Nako Bogor,cafe view,Jawa Barat,Bogor,-6.603747,106.8110497,0.0
Candi Abang,candi,Daerah Istimewa Yogyakarta,Sleman,-7.8102254,110.4687098,0.0
Candi Badut,candi,Jawa Timur,Kota Malang,-7.9578365,112.5985999,0.0
Candi Bajang Ratu,candi,Jawa Timur,Trowulan,-7.5677817,112.3986624,0.0
Candi Belahan,candi,Jawa Timur,Pasuruan,-7.6075227,112.6513504,0.0
Candi Bima,candi,Jawa Tengah,Wonosobo,-7.2143272,109.9105109,0.0
Candi Brahu,candi,Jawa Timur,Kejagan,-7.5428461,112.3743975,0.0
Candi Bubrah,candi,Jawa Tengah,Klaten,-7.7465115,110.4929587,0.0
Candi Cangkuang,candi,Jawa Barat,Cangkuang,-7.102927,107.9188749,0.0
Candi Cetho,candi,Jawa Tengah,Ngawi,-7.5957362,111.1581311,0.0
Candi Dieng,candi,Jawa Barat,Bekasi,-6.2361436,107.0185426,0.0
Candi Gedong Songo,candi,Jawa Tengah,Kabupaten Semarang,-7.2063743,110.340176,0.0
Candi Gunung Gangsir,candi,Jawa Timur,Pasuruan,-7.5866825,112.7333068,0.0
Candi Gunung Wukir,candi,Jawa Tengah,Magelang,-7.6342335,110.2968591,0.0
Candi Ijo,candi,Daerah Istimewa Yogyakarta,Sleman,-7.7837641,110.5114895,0.0
Candi Jago,candi,Jawa Timur,Kabupaten Malang,-8.0057895,112.7640934,0.0
Candi Jawi,candi,Jawa Timur,Pasuruan,-7.6624877,112.669879,0.0
Candi Kadisoka,candi,Daerah Istimewa Yogyakarta,Sleman,-7.7552364,110.4458063,0.0
Candi Kalasan,candi,Daerah Istimewa Yogyakarta,Sleman,-7.7668063,110.4723996,0.0
Candi Kedulan,candi,Daerah Istimewa Yogyakarta,Sleman,-7.7425947,110.4697271,0.0
Candi Kidal,candi,Jawa Timur,Kabupaten Malang,-8.0258552,112.7090269,0.0
Candi Kimpulan,candi,Daerah Istimewa Yogyakarta,Sleman,-7.6883659,110.4153318,0.0
Candi Lumbung,candi,Jawa Tengah,Klaten,-7.7481201,110.4929439,0.0
Candi Mendut,candi,Jawa Tengah,Magelang,-7.6048222,110.2301202,0.0
Candi Muara Takus,candi,Riau,Kampar,0.3359614,100.6421489,0.0
Candi Muaro Jambi,candi,Jambi,Muaro Jambi,-1.4795711,103.6559477,0.0
Candi Pawon,candi,Jawa Tengah,Magelang,-7.6061281,110.2195602,0.0
Candi Penataran,candi,Jawa Timur,Blitar,-8.0161052,112.2092511,0.0
Candi Plaosan,candi,Jawa Tengah,Klaten,-7.74056,110.5045511,0.0
Candi Prambanan,candi,Daerah Istimewa Yogyakarta,Sleman,-7.7522269,110.4915331,0.0
Candi Ratu Boko,candi,Daerah Istimewa Yogyakarta,Sleman,-7.770512,110.4894642,0.0
Candi Sambisari,candi,Daerah Istimewa Yogyakarta,Sleman,-7.7623668,110.446949,0.0
Candi Sari,candi,Daerah Istimewa Yogyakarta,Sleman,-7.7615065,110.4742174,0.0
Candi Sewu,candi,Jawa Tengah,Klaten,-7.7443372,110.4928925,0.0
Candi Singosari,candi,Jawa Timur,Kabupaten Malang,-7.8877283,112.6638852,0.0
Candi Sojiwan,candi,Jawa Tengah,Klaten,-7.7608885,110.4961263,0.0
Candi Sukuh,candi,Jawa Tengah,Karanganyar,-7.6273153,111.1315373,0.0
Candi Sumberawan,candi,Jawa Timur,Kabupaten Malang,-7.8553522,112.6448149,0.0
Candi Tegowangi,candi,Jawa Timur,Kabupaten Kediri,-7.7349327,112.161192,0.0
Candi Tikus,candi,Jawa Timur,Mojokerto,-7.5716315,112.4035216,0.0
Candi Wringin Lawang,candi,Jawa Timur,Mojokerto,-7.5419685,112.3909512,0.0
Gunung Arfak,gunung,Papua Barat,Manokwari,-1.156944,133.9788709,0.0
Gunung Arjuno,gunung,Jawa Timur,Kabupaten Malang,-8.2219,112.7795,0.0
Gunung Batur,gunung,Bali,Bangli,-8.2394154,115.3779603,0.0
Gunung Batutara,gunung,Nusa Tenggara Timur,Lembata,-7.7906463,123.5865811,0.0
Gunung Bawakaraeng,gunung,Sulawesi Selatan,Sulawesi,-4.5352463,120.3231088,0.0
Gunung Betung,gunung,Kalimantan Barat,Kapuas Hulu,1.4,112.333333,0.0
Gunung Binaiya,gunung,Maluku,Maluku Tengah,-3.1733546,129.4552073,0.0
Gunung Bromo,gunung,Jawa Timur,Probolinggo,-7.9420691,112.9529769,0.0
Gunung Burangrang,gunung,Jawa Barat,Purwakarta,-6.7740399,107.5556983,0.0
Gunung Ciremai,gunung,Jawa Barat,Kuningan,-6.8800193,108.4104831,0.0
Gunung Dempo,gunung,Sumatera Selatan,Tanjung Sakti Pumi,-4.0155065,103.1279874,0.0
Gunung Egon,gunung,Nusa Tenggara Timur,Sikka,-8.6780954,122.4541256,0.0
Gunung Galunggung,gunung,Jawa Barat,Tasikmalaya,-7.2561523,108.0760925,0.0
Gunung Gamalama,gunung,Maluku Utara,Ternate,0.8098795,127.3323425,0.0
Gunung Gamping,gunung,Jawa Tengah,Karanganyar,-7.669167,111.091667,0.0
Gunung Gede,gunung,Jawa Barat,Cianjur,-6.7878411,106.9817166,0.0
Gunung Gede Pangrango,gunung,Jawa Barat,Kab Sukabumi,-6.7752118,106.9311234,0.0
Gunung Guntur,gunung,Jawa Barat,Kota Cirebon,-6.7477791,108.5598827,0.0
Gunung Halimun Salak National Park,gunung,Banten,Lebak,-6.7417746,106.4540374,0.0
Gunung Ijen,gunung,Jawa Timur,Banyuwangi,-8.0579332,114.2430975,0.0
Gunung Ile Ape,gunung,Nusa Tenggara Timur,Lembata,-8.2727646,123.5067385,0.0
Gunung Inerie,gunung,Nusa Tenggara Timur,Ngada,-8.8781,120.9543,0.0
Gunung Kaba,gunung,Kalimantan Utara,Nunukan,4.133333,116.183333,0.0
Gunung Karacak,gunung,Jawa Barat,Garut,-7.2692,107.9719,0.0
Gunung Karang,gunung,Banten,Pandeglang,-6.2731994,106.0468065,0.0
Gunung Kelimutu,gunung,Nusa Tenggara Timur,Ende,-8.7651702,121.8133427,0.0
Gunung Kelud,gunung,Jawa Timur,Blitar,-7.9389217,112.3052492,0.0
Gunung Kerinci,gunung,Jambi,Kerinci,-1.6971814,101.2646538,0.0
Gunung Klabat,gunung,Sulawesi Utara,Minahasa Utara,1.4530396,125.0312101,0.0
Gunung Krakatau,gunung,Jawa Timur,Jakarta Timur,-6.1996194,106.9260011,0.0
Gunung Latimojong,gunung,Sulawesi Selatan,Sulawesi,-3.3786177,120.3047851,0.0
Gunung Lawu,gunung,Jawa Tengah,Karanganyar,-7.627382,111.1943158,0.0
Gunung Leuser,gunung,Aceh,Gayo Lues,3.7414545,97.1551334,0.0
Gunung Lokon,gunung,Sulawesi Utara,Tomohon,1.3641984,124.7992274,0.0
Gunung Lompobattang,gunung,Sulawesi Selatan,Sulawesi,-3.5611708,119.7801217,0.0
Gunung Mahawu,gunung,Sulawesi Utara,Tomohon,1.3531645,124.8628914,0.0
Gunung Mandala,gunung,Jawa Tengah,Banjarnegara,-7.262743,109.6908084,0.0
Gunung Manglayang,gunung,Jawa Barat,Kabupaten Bandung,-6.8810787,107.7357178,0.0
Gunung Masurai,gunung,Jambi,Merangin,-2.4981564,101.9168192,0.0
Gunung Merapi,gunung,Daerah Istimewa Yogyakarta,Hargobinangun,-7.5412887,110.4462006,0.0
Gunung Meratus,gunung,Kalimantan Timur,Kutai Kartanegara,-0.4213539,116.9809166,0.0
Gunung Merbabu,gunung,Jawa Tengah,Boyolali,-7.4524377,110.4408198,0.0
Gunung Nona,gunung,Sulawesi Selatan,Makassar,-5.1443205,119.4230627,0.0
Gunung Palung National Park,gunung,Kalimantan Barat,Kayong Utara,-1.2137375,110.2375269,0.0
Gunung Pangrango,gunung,Jawa Barat,Kab Sukabumi,-6.7698136,106.9640294,0.0
Gunung Papandayan,gunung,Jawa Barat,Indramayu,-6.3264787,108.3338984,0.0
Gunung Pasi,gunung,Kalimantan Barat,Singkawang,0.85,109.0,0.0
Gunung Patuha,gunung,Jawa Barat,Kabupaten Bandung,-7.1610219,107.4000215,0.0
Gunung Puncak Jaya,gunung,Papua Pegunungan,Lanny Jaya,-4.2065192,138.5976675,0.0
Gunung Puntang,gunung,Jawa Barat,Garut,-7.466667,107.766667,0.0
Gunung Putri Lembang,gunung,Jawa Barat,Bandung Barat,-6.795556,107.635833,0.0
Gunung Rajabasa,gunung,Lampung,Lampung Selatan,-5.7815291,105.6273999,0.0
Gunung Raung,gunung,Jawa Timur,Bondowoso,-8.119636,114.055025,0.0
Gunung Raya,gunung,Kalimantan Barat,Singkawang,0.866667,109.066667,0.0
Gunung Rinjani,gunung,Nusa Tenggara Barat,,-8.4117272,116.4581059,0.0
Gunung Salak,gunung,Jawa Barat,Kab Bogor,-6.7136069,106.7385402,0.0
Gunung Saran,gunung,Kalimantan Barat,Sintang,-0.416667,111.3,0.0
Gunung Semeru,gunung,Jawa Timur,Lumajang,-8.1078426,112.92248,0.0
Gunung Sibayak,gunung,Sumatera Utara,Karo,3.2393517,98.5047584,0.0
Gunung Sinabung,gunung,Sumatera Utara,Karo,3.1709534,98.3920481,0.0
Gunung Sindoro,gunung,Jawa Tengah,Wonosobo,-7.3011387,109.9966992,0.0
Gunung Slamet,gunung,Jawa Tengah,Pemalang,-7.2414693,109.2149699,0.0
Gunung Soputan,gunung,Sulawesi Utara,Sulawesi,1.121651,124.741586,0.0
Gunung Sumbing,gunung,Jawa Tengah,Temanggung,-7.3818933,110.0758185,0.0
Gunung Talang,gunung,Sumatera Barat,Solok,-0.9781239,100.6820609,0.0
Gunung Tambora,gunung,Nusa Tenggara Barat,,-8.2466913,117.9584724,0.0
Gunung Tambrauw,gunung,Papua Barat Daya,Tambrauw,-1.0278609,132.5288679,0.0
Gunung Tampomas,gunung,Jawa Barat,Sumedang,-6.7637152,107.9605847,0.0
Gunung Tangkuban Perahu,gunung,Bali,Badung,-8.6724148,115.1702225,0.0
Gunung Ternate,gunung,Maluku Utara,Ternate,0.8098795,127.3323425,0.0
Gunung Tilu,gunung,Jawa Barat,Garut,-7.533333,107.933333,0.0
Gunung Welirang,gunung,Jawa Timur,Mojokerto,-7.7326,112.5747,0.0
Gunung Wilis,gunung,Jawa Timur,Ponorogo,-7.820585,111.7571632,0.0
Kebun Binatang Bandung,kebun binatang,Jawa Barat,Kota Bandung,-6.8911349,107.6069181,0.0
Kebun Binatang Cikembulan Garut,kebun binatang,Jawa Barat,Neglasari,-7.0841178,107.9155195,0.0
Kebun Binatang Gembira Loka,kebun binatang,Daerah Istimewa Yogyakarta,Kota Yogyakarta,-7.8055166,110.3970178,0.0
Kebun Binatang Kaltim Samarinda,kebun binatang,Kalimantan Timur,Samarinda,-0.4469975,117.2089424,0.0
Kebun Binatang Kasang Kulim Pekanbaru,kebun binatang,Riau,Pekanbaru,0.4189627,101.4062602,0.0
Kebun Binatang Medan,kebun binatang,Sumatera Utara,Deli Serdang,3.482373,98.6445839,0.0
Kebun Binatang Medan Zoo,kebun binatang,Sumatera Utara,Deli Serdang,3.482373,98.6445839,0.0
Kebun Binatang Surabaya,kebun binatang,Jawa Timur,Surabaya,-7.2957723,112.7358105,0.0
Medan Zoo,kebun binatang,Sumatera Utara,Deli Serdang,3.482373,98.6445839,0.0
Monkey Forest Ubud,kebun binatang,Bali,Gianyar,-8.5187858,115.2608458,0.0
Sacred Monkey Forest Sanctuary,kebun binatang,Bali,Gianyar,-8.5187349,115.2583202,0.0
Taman Margasatwa dan Budaya Kinantan,kebun binatang,Sumatera Barat,Bukittinggi,-0.3006639,100.3698926,0.0
Taman Margasatwa Semarang,kebun binatang,Jawa Tengah,Kota Semarang,-6.9703808,110.2885067,0.0
Taman Safari Indonesia Bogor,kebun binatang,Jawa Barat,Kab Bogor,-6.7201709,106.9519528,0.0
Taman Satwa Banjarmasin,kebun binatang,Kalimantan Selatan,Banjarmasin,-3.3080067,114.6033845,0.0
Lembah Anai Sumatera Barat,lembah,Sumatera Barat,Tanah Datar,-0.4834651,100.3381845,0.0
Lembah Baliem Papua,lembah,Papua Pegunungan,Jayawijaya,-3.9874041,138.8773432,0.0
Lembah Harau Sumatera Barat,lembah,Sumatera Barat,Lima Puluh Kota,-0.1006493,100.6637256,0.0
Lembah Pinus Cianjur,lembah,Jawa Barat,Cianjur,-6.7161611,107.009978,0.0
Lembah Sari Pekanbaru,lembah,Riau,Pekanbaru,0.5719251,101.4738236,0.0
23 Paskal Shopping Center,mall,Jawa Barat,Kota Bandung,-6.915388,107.5943024,0.0
AEON Mall BSD,mall,Banten,Kabupaten Tangerang,-6.3044091,106.6441572,0.0
Bali Mall,mall,Bali,Badung,-8.7282188,115.1680137,0.0
Bali Nusa Dua Center,mall,Bali,Badung,-8.7960663,115.2259078,0.0
Balikpapan Plaza,mall,Kalimantan Timur,Balikpapan,-1.2781938,116.8398348,0.0
Bandung Indah Plaza,mall,Jawa Barat,Kota Bandung,-6.9083381,107.6112548,0.0
Baywalk Mall Pluit,mall,Jawa Timur,Daerah Khusus ibukota Jakarta,-6.1079134,106.7796191,0.0
Canggu Plaza,mall,Bali,Badung,-8.6600724,115.1308276,0.0
Central Park Mall,mall,Jawa Timur,Daerah Khusus ibukota Jakarta,-6.1773182,106.7914969,0.0
Centre Point Mall Medan,mall,Sumatera Utara,Kota Medan ,3.5921824,98.6810916,0.0
Cihampelas Walk,mall,Jawa Barat,Kota Bandung,-6.8938203,107.6055658,0.0
Denpasar Mall,mall,Bali,Denpasar ,-8.669055,115.217715,0.0
Discovery Shopping Mall,mall,Bali,Badung,-8.7287042,115.1686537,0.0
Discovery Shopping Mall Bali,mall,Bali,Badung,-8.7287042,115.1686537,0.0
DP Mall Semarang,mall,Jawa Tengah,Kota Semarang,-6.9833201,110.4127632,0.0
Emporium Pluit Mall,mall,Jawa Timur,Daerah Khusus ibukota Jakarta,-6.1275786,106.790964,0.0
Galaxy Mall Surabaya,mall,Jawa Timur,Surabaya,-7.2764017,112.7804951,0.0
Gandaria City Mall,mall,Jawa Timur,Daerah Khusus ibukota Jakarta,-6.2442757,106.7834863,0.0
Grand Galaxy Park,mall,Jawa Barat,Bekasi,-6.2707863,106.9722183,0.0
Grand Indonesia,mall,Jawa Timur,Daerah Khusus ibukota Jakarta,-6.1957452,106.8215929,0.0
Grand Indonesia Mall,mall,Jawa Timur,Daerah Khusus ibukota Jakarta,-6.1957452,106.8215929,0.0
Grand Indonesia Shopping Town,mall,Jawa Timur,Daerah Khusus ibukota Jakarta,-6.1957452,106.8215929,0.0
Grand Mall Makassar,mall,Sulawesi Selatan,Kelurahan Hasanuddin,-5.0504787,119.5536309,0.0
Hartono Mall Yogyakarta,mall,Daerah Istimewa Yogyakarta,Sleman,-7.7608045,110.4034239,0.0
Joger Bali,mall,Bali,Badung,-8.7273774,115.1771411,0.0
Jogja City Mall,mall,Daerah Istimewa Yogyakarta,Sleman,-7.7534032,110.3604711,0.0
Kendari Plaza,mall,Sulawesi Tenggara,Kendari,-3.9805964,122.5105961,0.0
Kendari Town Square,mall,Sulawesi Tenggara,Kendari,-3.9700124,122.520082,0.0
Krisna Oleh-oleh Bali,mall,Bali,Badung,-8.7298532,115.1795782,0.0
Kuta Square,mall,Bali,Badung,-8.7235249,115.1713214,0.0
Level 21 Mall Denpasar,mall,Bali,Denpasar ,-8.6698662,115.2143241,0.0
Lippo Mall Kemang,mall,Jawa Timur,Daerah Khusus ibukota Jakarta,-6.2612119,106.8126979,0.0
Lippo Mall Kuta,mall,Bali,Badung,-8.735344,115.166501,0.0
Living World Alam Sutera,mall,Banten,Tangerang Selatan,-6.2448109,106.653052,0.0
Mal Taman Anggrek,mall,Jawa Timur,Daerah Khusus ibukota Jakarta,-6.1775213,106.7928343,0.0
Mall Ambon,mall,Maluku,Ambon,-3.6707484,128.1986222,0.0
Mall Bali Galeria,mall,Bali,Badung,-8.7230405,115.1842534,0.0
Mall Daya Makassar,mall,Sulawesi Selatan,Makassar,-5.110583,119.5102471,0.0
Mall GTC Makassar,mall,Sulawesi Selatan,Makassar,-5.1695829,119.3907241,0.0
Mall Kelapa Gading,mall,Jawa Timur,Daerah Khusus ibukota Jakarta,-6.1574342,106.9083434,0.0
Mall Lembuswana Samarinda,mall,Kalimantan Timur,Samarinda,-0.4751019,117.1472198,0.0
Mall Mamuju,mall,Sulawesi Barat,Mamuju,-2.669206,118.8917557,0.0
Mall Mesra Samarinda,mall,Kalimantan Timur,Samarinda,-0.5010971,117.1465089,0.0
Mall Plaza Balikpapan,mall,Kalimantan Timur,Balikpapan,-1.2781938,116.8398348,0.0
Mall Ratu Indah,mall,Sulawesi Selatan,Makassar,-5.1532849,119.4173215,0.0
Mall Samarinda Central Plaza,mall,Kalimantan Timur,Samarinda,-0.5035318,117.1550694,0.0
Mall Sulteng,mall,Sulawesi Tengah,Palu,-0.8834237,119.8426033,0.0
Mall Tanjung Bunga,mall,Sulawesi Selatan,Makassar,-5.1695829,119.3907241,0.0
Mall Ternate,mall,Maluku Utara,Ternate,0.7914972,127.3905435,0.0
Manhattan Times Square Medan,mall,Sumatera Utara,Kota Medan ,3.5908426,98.6266558,0.0
Mega Mall Pontianak,mall,Kalimantan Barat,Pontianak,-0.0513705,109.3446916,0.0
Pacific Place Jakarta,mall,Jawa Timur,Daerah Khusus ibukota Jakarta,-6.2249656,106.809825,0.0
Pacific Place Mall,mall,Jawa Timur,Daerah Khusus ibukota Jakarta,-6.2249656,106.809825,0.0
Pakuwon Mall Jogja,mall,Daerah Istimewa Yogyakarta,Sleman,-7.7582576,110.3994486,0.0
Pakuwon Mall Surabaya,mall,Jawa Timur,Surabaya,-7.28906,112.6756078,0.0
Palangka Raya Mall,mall,Kalimantan Tengah,Palangka Raya,-2.2066227,113.9153434,0.0
Palembang Icon Mall,mall,Sumatera Selatan,Palembang,-2.9785785,104.7457881,0.0
Palembang Square,mall,Sumatera Selatan,Palembang,-2.9761723,104.7418731,0.0
Palu Grand Mall,mall,Sulawesi Tengah,Palu,-0.8834237,119.8426033,0.0
Paris Van Java Mall,mall,Jawa Barat,Kota Bandung,-6.8890732,107.5960928,0.0
PIK Avenue,mall,Jawa Timur,Daerah Khusus ibukota Jakarta,-6.1091097,106.7404406,0.0
Plaza Ambarrukmo Yogyakarta,mall,Daerah Istimewa Yogyakarta,Sleman,-7.7817669,110.4013176,0.0
Plaza Balikpapan,mall,Kalimantan Timur,Balikpapan,-1.2781938,116.8398348,0.0
Plaza Indonesia,mall,Jawa Timur,Daerah Khusus ibukota Jakarta,-6.1934835,106.8228616,0.0
Plaza Palu,mall,Sulawesi Tengah,Palu,-0.8317762,119.8800634,0.0
Plaza Renon,mall,Bali,Denpasar ,-8.6730243,115.2441066,0.0
Pluit Village,mall,Jawa Timur,Daerah Khusus ibukota Jakarta,-6.1162602,106.789693,0.0
Pondok Indah Mall,mall,Jawa Timur,Daerah Khusus ibukota Jakarta,-6.2653276,106.7846567,0.0
Royal Plaza Surabaya,mall,Jawa Timur,Surabaya,-7.3091349,112.7342835,0.0
Senayan City,mall,Jawa Timur,Daerah Khusus ibukota Jakarta,-6.2273179,106.7971805,0.0
Solo Paragon Mall,mall,Jawa Tengah,Surakarta,-7.5624618,110.8099966,0.0
Summarecon Mall Bekasi,mall,Jawa Barat,Bekasi,-6.2259971,107.0010731,0.0
Summarecon Mall Serpong,mall,Jawa Timur,Kabupaten Tangerang,-6.2406997,106.6284149,0.0
Sun Plaza Medan,mall,Sumatera Utara,Kota Medan ,3.5822609,98.6719101,0.0
Trans Studio Mall Bandung,mall,Jawa Barat,Kota Bandung,-6.9256414,107.6367469,0.0
Tunjungan Plaza Surabaya,mall,Jawa Timur,Surabaya,-7.2623869,112.739006,0.0
Monumen Kalteng,monumen,Kalimantan Tengah,Barito Utara,-0.9607732,114.8977017,0.0
Monumen Kaltim,monumen,Kalimantan Timur,Balikpapan,-1.2792545,116.8222491,0.0
Monumen Kapal Selam,monumen,Jawa Timur,Surabaya,-7.265434,112.7503063,0.0
Monumen Mandala,monumen,Sulawesi Selatan,Makassar,-5.1377059,119.4136222,0.0
Monumen Nani Wartabone,monumen,Gorontalo,Gorontalo,0.5304033,123.0588683,0.0
Monumen Nasional,monumen,Jawa Timur,Daerah Khusus ibukota Jakarta,-6.1754024,106.8271692,0.0
Monumen Pancasila Sakti,monumen,Jawa Timur,Jakarta Timur,-6.2883341,106.9068968,0.0
Monumen Pattimura,monumen,Maluku,Maluku Tengah,-3.3060388,128.9589707,0.0
Monumen Tugu Pahlawan,monumen,Jawa Timur,Surabaya,-7.2454453,112.7378996,0.0
Museum Aceh,museum,Aceh,Banda Aceh,5.5488323,95.3209836,0.0
Museum Agung Rai,museum,Bali,Gianyar,-8.5228684,115.2647695,0.0
Museum Angkut,museum,Jawa Timur,Kota Batu,-7.878829,112.5201389,0.0
Museum Angkut Batu,museum,Jawa Timur,Kota Batu,-7.878829,112.5201389,0.0
Museum Bahari,museum,Jawa Timur,Daerah Khusus ibukota Jakarta,-6.1268288,106.8083185,0.0
Museum Bahari Jakarta,museum,Jawa Timur,Daerah Khusus ibukota Jakarta,-6.1268288,106.8083185,0.0
Museum Balanga,museum,Kalimantan Tengah,Palangka Raya,-2.1956114,113.9016328,0.0
Museum Balaputera Dewa,museum,Sumatera Selatan,Palembang,-2.9504719,104.7302812,0.0
Museum Bali,museum,Bali,Denpasar ,-8.6575395,115.2186817,0.0
Museum Bank Indonesia,museum,Jawa Timur,Daerah Khusus ibukota Jakarta,-6.1371853,106.8129483,0.0
Museum Bank Mandiri,museum,Jawa Timur,Daerah Khusus ibukota Jakarta,-6.1381577,106.8133167,0.0
Museum Batik Pekalongan,museum,Jawa Tengah,Pekalongan,-6.878642,109.675579,0.0
Museum Batik Yogyakarta,museum,Daerah Istimewa Yogyakarta,Kota Yogyakarta,-7.795401,110.3773503,0.0
Museum Benteng Vredeburg,museum,Daerah Istimewa Yogyakarta,Kota Yogyakarta,-7.8001537,110.3663364,0.0
Museum Bung Hatta Bukittinggi,museum,Sumatera Barat,Bukittinggi,-0.3062956,100.3688874,0.0
Museum Danar Hadi,museum,Jawa Tengah,Surakarta,-7.5687599,110.8163702,0.0
Museum Dharma Wiratama,museum,Daerah Istimewa Yogyakarta,Kota Yogyakarta,-7.782439,110.3754535,0.0
Museum Dirgantara Mandala,museum,Daerah Istimewa Yogyakarta,Bantul,-7.7897642,110.4161938,0.0
Museum Dirgantara Mandala Yogyakarta,museum,Daerah Istimewa Yogyakarta,Bantul,-7.7897642,110.4161938,0.0
Museum Fatahillah,museum,Jawa Timur,Daerah Khusus ibukota Jakarta,-6.1351548,106.813289,0.0
Museum Geologi Bandung,museum,Jawa Barat,Kota Bandung,-6.9003424,107.620961,0.0
Museum Kalimantan Barat,museum,Kalimantan Barat,Pontianak,-0.0483232,109.3425506,0.0
Museum Kalimantan Tengah,museum,Kalimantan Tengah,Palangka Raya,-2.1956114,113.9016328,0.0
Museum Kalimantan Utara,museum,Kalimantan Selatan,Banjarmasin,-3.3024355,114.6091698,0.0
Museum Kapuas,museum,Kalimantan Barat,Sintang,0.0833669,111.4914561,0.0
Museum Kartini Jepara,museum,Jawa Tengah,Jepara,-6.5887998,110.6675049,0.0
Museum Keprajuritan,museum,Jawa Timur,Jakarta Timur,-6.3056878,106.8968058,0.0
Museum Keramik,museum,Jawa Timur,Daerah Khusus ibukota Jakarta,-6.1342607,106.8144771,0.0
Museum Keraton Surakarta,museum,Jawa Tengah,Surakarta,-7.5784379,110.8283543,0.0
Museum Keris,museum,Jawa Tengah,Surakarta,-7.5689811,110.8109454,0.0
Museum Keris Nusantara Solo,museum,Jawa Tengah,Surakarta,-7.5689811,110.8109454,0.0
Museum Konferensi Asia Afrika,museum,Jawa Barat,Kota Bandung,-6.921073,107.6096452,0.0
Museum Kota Makassar,museum,Sulawesi Selatan,Makassar,-5.134618,119.4086104,0.0
Museum La Galigo,museum,Sulawesi Selatan,Makassar,-5.1345696,119.4057161,0.0
Museum Layang-layang,museum,Jawa Timur,Daerah Khusus ibukota Jakarta,-6.3078393,106.7906265,0.0
Museum Lubang Buaya,museum,Jawa Timur,Jakarta Timur,-6.3008429,106.8914087,0.0
Museum Majapahit,museum,Jawa Timur,Trowulan,-7.5600584,112.3805254,0.0
Museum Maluku Utara,museum,Maluku Utara,Pulau Morotai,2.0343944,128.2956849,0.0
Museum Mandala Wangsit Siliwangi,museum,Jawa Barat,Kota Bandung,-6.9173055,107.6111041,0.0
Museum Mulawarman,museum,Kalimantan Timur,Kutai Kartanegara,-0.413277,116.9900654,0.0
Museum Mulawarman Tenggarong,museum,Kalimantan Timur,Kutai Kartanegara,-0.413277,116.9900654,0.0
Museum Multatuli,museum,Jawa Timur,Rangkasbitung,-6.3605216,106.2472601,0.0
Museum Musik Indonesia Malang,museum,Jawa Timur,Kota Malang,-7.9882707,112.6265568,0.0
Museum Nasional Indonesia,museum,Jawa Barat,Bogor,-6.5987871,106.7938611,0.0
Museum Negeri Banten,museum,Jawa Timur,Serang ,-6.116236,106.1500356,0.0
Museum Negeri Mataram,museum,Nusa Tenggara Barat,Mataram,-8.585067,116.0858857,0.0
Museum Negeri Nusa Tenggara Barat,museum,Nusa Tenggara Barat,Mataram,-8.585067,116.0858857,0.0
Museum Negeri Sulawesi Utara,museum,Sulawesi Utara,Manado,1.4882902,124.8447485,0.0
Museum Negeri Sumatera Utara,museum,Sumatera Utara,Kota Medan ,3.5680314,98.6962362,0.0
Museum Neka,museum,Bali,Gianyar,-8.4918367,115.2536188,0.0
Museum NTB,museum,Nusa Tenggara Barat,Mataram,-8.585067,116.0858857,0.0
Museum Nusa Tenggara Barat,museum,Nusa Tenggara Timur,Kupang,-10.1589523,123.6196131,0.0
Museum Nusa Tenggara Timur,museum,Nusa Tenggara Timur,Kupang,-10.1589523,123.6196131,0.0
Museum Palangka Raya,museum,Kalimantan Tengah,Palangka Raya,-2.1956114,113.9016328,0.0
Museum Palu,museum,Sulawesi Tengah,Palu,-0.9021152,119.8538483,0.0
Museum Pasifika,museum,Bali,Badung,-8.7998998,115.2307568,0.0
Museum Pendidikan Indonesia,museum,Jawa Timur,Kota Malang,-8.0344195,112.64949,0.0
Museum Pendidikan Nasional,museum,Jawa Barat,Kota Bandung,-6.8597725,107.5941677,0.0
Museum Prasasti,museum,Jawa Timur,Daerah Khusus ibukota Jakarta,-6.1723713,106.8195429,0.0
Museum Prasasti Jakarta,museum,Jawa Timur,Daerah Khusus ibukota Jakarta,-6.1723713,106.8195429,0.0
Museum Puri Lukisan Bali,museum,Bali,Gianyar,-8.5050909,115.2603669,0.0
Museum Purna Bhakti Pertiwi,museum,Jawa Timur,Jakarta Timur,-6.3006024,106.8873113,0.0
Museum Radya Pustaka,museum,Jawa Tengah,Surakarta,-7.5686713,110.814407,0.0
Museum Ranggawarsita,museum,Jawa Tengah,Kota Semarang,-6.9860374,110.3839468,0.0
Museum Rudana,museum,Bali,Gianyar,-8.5294046,115.2715408,0.0
Museum Sangiran,museum,Jawa Tengah,Karanganyar,-7.4559497,110.834048,0.0
Museum Satria Mandala,museum,Jawa Timur,Daerah Khusus ibukota Jakarta,-6.2310834,106.8189045,0.0
Museum Sejarah Jakarta,museum,Jawa Timur,Daerah Khusus ibukota Jakarta,-6.1351503,106.8133668,0.0
Museum Seni Rupa dan Keramik,museum,Jawa Timur,Daerah Khusus ibukota Jakarta,-6.1342607,106.8144771,0.0
Museum Setia Darma,museum,Bali,Gianyar,-8.533909,115.2795977,0.0
Museum Si Pitung,museum,Jawa Timur,Daerah Khusus ibukota Jakarta,-6.0969265,106.9588827,0.0
Museum Siwalima,museum,Maluku,Ambon,-3.7123684,128.1519337,0.0
Museum Sonobudoyo,museum,Daerah Istimewa Yogyakarta,Kota Yogyakarta,-7.8023442,110.3644129,0.0
Museum Sulawesi Barat,museum,Sulawesi Utara,Manado,1.4882902,124.8447485,0.0
Museum Sulawesi Tenggara,museum,Sulawesi Tenggara,Kendari,-3.9771924,122.5177405,0.0
Museum Sultan Mahmud Badaruddin II,museum,Sumatera Selatan,Palembang,-2.99029,104.7610605,0.0
Museum Sumpah Pemuda,museum,Jawa Timur,Daerah Khusus ibukota Jakarta,-6.1838168,106.8430499,0.0
Museum Taman Prasasti,museum,Jawa Timur,Daerah Khusus ibukota Jakarta,-6.1723713,106.8195429,0.0
Museum Tani Jawa Indonesia,museum,Daerah Istimewa Yogyakarta,Kebonagung,-7.9243964,110.3715199,0.0
Museum Tanjung Redeb,museum,Kalimantan Timur,Berau,2.1599252,117.4918973,0.0
Museum Tekstil,museum,Jawa Timur,Daerah Khusus ibukota Jakarta,-6.1879368,106.8096058,0.0
Museum Tosan Aji,museum,Jawa Tengah,Purworejo,-7.7110119,110.0097575,0.0
Museum Trinil Ngawi,museum,Jawa Timur,Ngawi,-7.3743213,111.357806,0.0
Museum Tsunami Aceh,museum,Aceh,Banda Aceh,5.5478201,95.3151652,0.0
Museum Ullen Sentalu,museum,Daerah Istimewa Yogyakarta,Hargobinangun,-7.5976484,110.4233962,0.0
Museum Wayang,museum,Jawa Tengah,Banyumas,-7.5147128,109.2942576,0.0
Museum Wayang Jakarta,museum,Jawa Timur,Daerah Khusus ibukota Jakarta,-6.1348145,106.8125091,0.0
Museum Zoologi Bogor,museum,Jawa Barat,Bogor,-6.6035575,106.7969138,0.0
Ancol Beach,pantai,Jawa Timur,Daerah Khusus ibukota Jakarta,-6.117558,106.8581403,0.0
Pantai Air Saga,pantai,Kepulauan Bangka Belitung,Belitung,-2.7260361,107.6298609,0.0
Pantai Amed,pantai,Bali,Karangasem,-8.3305768,115.638125,0.0
Pantai Balangan,pantai,Bali,Badung,-8.7923274,115.1231962,0.0
Pantai Balekambang,pantai,Jawa Timur,Kabupaten Malang,-8.4030438,112.5364708,0.0
Pantai Balian,pantai,Bali,Tabanan,-8.499574,114.9650184,0.0
Pantai Bandealit,pantai,Jawa Timur,Jember,-8.4817059,113.7107356,0.0
Pantai Bandengan,pantai,Jawa Tengah,Jepara,-6.5541815,110.6512845,0.0
Pantai Baron,pantai,Daerah Istimewa Yogyakarta,Kabupaten Gunungkidul ,-8.1289468,110.5491797,0.0
Pantai Batu Bedaun,pantai,Kepulauan Bangka Belitung,Bangka,-1.8193085,106.1177357,0.0
Pantai Batu Layar,pantai,Nusa Tenggara Barat,Lombok Barat,-8.4990433,116.0481663,0.0
Pantai Baubau,pantai,Sulawesi Tenggara,Baubau,-5.5239244,122.5679746,0.0
Pantai Bentar,pantai,Jawa Timur,Probolinggo,-7.7800155,113.2762115,0.0
Pantai Bira,pantai,Sulawesi Selatan,Sulawesi,-5.6076102,120.4434226,0.0
Pantai Bontang,pantai,Kalimantan Timur,Bontang,0.113411,117.4819838,0.0
Pantai Boom,pantai,Jawa Timur,Banyuwangi,-8.2067756,114.3837475,0.0
Pantai Bunaken,pantai,Sulawesi Utara,Manado,1.6186573,124.7662841,0.0
Pantai Candidasa,pantai,Bali,Karangasem,-8.5121812,115.5766859,0.0
Pantai Canggu,pantai,Bali,Badung,-8.6600724,115.1308276,0.0
Pantai Carita,pantai,Jawa Timur,Pandeglang,-6.3042114,105.8416302,0.0
Pantai Cemara,pantai,Nusa Tenggara Barat,,-8.8893538,116.5070133,0.0
Pantai Ciputih,pantai,Banten,Pandeglang,-6.7007006,105.5495308,0.0
Pantai Depok,pantai,Daerah Istimewa Yogyakarta,Bantul,-8.0139962,110.2926462,0.0
Pantai Dreamland,pantai,Bali,Badung,-8.7991734,115.1175866,0.0
Pantai Drini,pantai,Daerah Istimewa Yogyakarta,Kabupaten Gunungkidul ,-8.1380974,110.5783985,0.0
Pantai Gerupuk,pantai,Nusa Tenggara Barat,Mataram,-8.6127174,116.1061556,0.0
Pantai Glagah,pantai,Daerah Istimewa Yogyakarta,Kulonprogo,-7.9046994,110.0774413,0.0
Pantai Gorontalo,pantai,Gorontalo,Bone Bolango,0.4483029,123.1258975,0.0
Pantai Hunimua,pantai,Maluku,Maluku Tengah,-3.5161745,128.3486454,0.0
Pantai Indrayanti,pantai,Daerah Istimewa Yogyakarta,Kabupaten Gunungkidul ,-8.1498929,110.6113168,0.0
Pantai Jatimalang,pantai,Jawa Tengah,Purworejo,-7.8792731,109.9832511,0.0
Pantai Jogan,pantai,Daerah Istimewa Yogyakarta,Kabupaten Gunungkidul ,-8.1802349,110.67649,0.0
Pantai Kartini,pantai,Jawa Tengah,Jepara,-6.5880078,110.6453129,0.0
Pantai Kerandangan,pantai,Nusa Tenggara Barat,Lombok Barat,-8.4866,116.0355411,0.0
Pantai Klayar,pantai,Jawa Timur,Pacitan,-8.2246926,110.9484172,0.0
Pantai Krakal,pantai,Daerah Istimewa Yogyakarta,Kabupaten Gunungkidul ,-8.1317391,110.5449125,0.0
Pantai Kukup,pantai,Daerah Istimewa Yogyakarta,Kabupaten Gunungkidul ,-8.1334793,110.5538855,0.0
Pantai Kulisusu,pantai,Sulawesi Tenggara,Buton Utara,-4.7691904,123.1729134,0.0
Pantai Kuta,pantai,Bali,Badung,-8.7182136,115.1687568,0.0
Pantai Kuta Lombok,pantai,Nusa Tenggara Barat,Lombok Tengah,-8.893944,116.2833729,0.0
Pantai Labuan Bajo,pantai,Nusa Tenggara Timur,Labuan Bajo,-8.5087436,119.877941,0.0
Pantai Lasiana,pantai,Nusa Tenggara Timur,Kupang,-10.131952,123.6691231,0.0
Pantai Losari,pantai,Sulawesi Selatan,Makassar,-5.14338,119.4075742,0.0
Pantai Lovina,pantai,Bali,Buleleng,-8.1611877,115.0244312,0.0
Pantai Malalayang,pantai,Sulawesi Utara,Manado,1.4603363,124.7923249,0.0
Pantai Malimbu,pantai,Nusa Tenggara Barat,Lombok Utara,-8.4400336,116.0392101,0.0
Pantai Mamuju,pantai,Sulawesi Barat,Mamuju,-2.6707339,118.8893381,0.0
Pantai Mandalika,pantai,Nusa Tenggara Barat,Lombok Tengah,-8.893944,116.2833729,0.0
Pantai Melawai,pantai,Kalimantan Timur,Balikpapan,-1.2787968,116.8099832,0.0
Pantai Merah Muda,pantai,Nusa Tenggara Timur,Manggarai Barat,-8.6013697,119.5205211,0.0
Pantai Minahasa,pantai,Sulawesi Utara,Sulawesi,1.3955103,124.5897766,0.0
Pantai Murung Raya,pantai,Kalimantan Tengah,Murung Raya,-0.5888837,114.2568886,0.0
Pantai Mutun,pantai,Lampung,Pesawaran,-5.5095584,105.2568023,0.0
Pantai Mutun Lampung,pantai,Lampung,Pesawaran,-5.5095584,105.2568023,0.0
Pantai Nambo,pantai,Sulawesi Tenggara,Kendari,-4.0006455,122.6175135,0.0
Pantai Natsepa,pantai,Maluku,Maluku Tengah,-3.6215875,128.2914815,0.0
Pantai Nemberala,pantai,Nusa Tenggara Timur,Rote Ndao,-10.8898977,122.8223329,0.0
Pantai Nglambor,pantai,Daerah Istimewa Yogyakarta,Kabupaten Gunungkidul ,-8.1823453,110.6792506,0.0
Pantai Nipah,pantai,Nusa Tenggara Barat,Lombok Utara,-8.4400336,116.0392101,0.0
Pantai Nusa Dua,pantai,Bali,Badung,-8.8064165,115.2267684,0.0
Pantai Oesapa,pantai,Nusa Tenggara Timur,Kupang,-10.140084,123.6554493,0.0
Pantai Padang Padang,pantai,Bali,Badung,-8.8112154,115.103637,0.0
Pantai Palippis,pantai,Sulawesi Barat,Polewali Mandar,-3.5108786,119.0962293,0.0
Pantai Palu,pantai,Sulawesi Tengah,Palu,-0.8644432,119.877316,0.0
Pantai Pangandaran,pantai,Jawa Barat,Desa Pagandaran,-7.7003082,108.6558083,0.0
Pantai Parangtritis,pantai,Daerah Istimewa Yogyakarta,Bantul,-8.0272827,110.3370078,0.0
Pantai Pasir Padi,pantai,Kepulauan Bangka Belitung,Pangkalpinang,-2.1116955,106.1719255,0.0
Pantai Pasir Putih,pantai,Bengkulu,Bengkulu,-3.831786,102.2827747,0.0
Pantai Pelang,pantai,Jawa Timur,Trenggalek,-8.2587216,111.4248831,0.0
Pantai Pink,pantai,Nusa Tenggara Barat,,-8.8595798,116.5757111,0.0
Pantai Plengkung,pantai,Jawa Timur,Banyuwangi,-8.7314822,114.3494883,0.0
Pantai Pok Tunggal,pantai,Daerah Istimewa Yogyakarta,Kabupaten Gunungkidul ,-8.1554823,110.6218792,0.0
Pantai Popoh,pantai,Jawa Timur,Tulungagung,-8.2494031,111.8087741,0.0
Pantai Rajegwesi,pantai,Jawa Timur,Banyuwangi,-8.5594036,113.9360312,0.0
Pantai Sadranan,pantai,Daerah Istimewa Yogyakarta,Kabupaten Gunungkidul ,-8.1457925,110.6044298,0.0
Pantai Samas,pantai,Daerah Istimewa Yogyakarta,Bantul,-8.0055784,110.2660484,0.0
Pantai Sanur,pantai,Bali,Denpasar ,-8.6737949,115.2626771,0.0
Pantai Sawarna,pantai,Jawa Timur,Lebak,-6.9872744,106.3232487,0.0
Pantai Sekotong,pantai,Nusa Tenggara Barat,Mataram,-8.6112353,116.1068754,0.0
Pantai Selong Belanak,pantai,Nusa Tenggara Barat,Lombok Tengah,-8.8700693,116.1607277,0.0
Pantai Sembalun,pantai,Nusa Tenggara Barat,Mataram,-8.6010084,116.0752593,0.0
Pantai Seminyak,pantai,Bali,Badung,-8.6841122,115.1523646,0.0
Pantai Senggigi,pantai,Nusa Tenggara Barat,Lombok Barat,-8.4982125,116.0453563,0.0
Pantai Seseh,pantai,Bali,Badung,-8.645371,115.1143403,0.0
Pantai Sire,pantai,Nusa Tenggara Barat,Mataram,-8.6029369,116.1300819,0.0
Pantai Siung,pantai,Daerah Istimewa Yogyakarta,Kabupaten Gunungkidul ,-8.1821587,110.6839762,0.0
Pantai Soge,pantai,Jawa Timur,Pacitan,-8.2475592,111.2634287,0.0
Pantai Sorong,pantai,Papua Barat Daya,Sorong,-0.7673552,131.4133775,0.0
Pantai Sulamadaha,pantai,Maluku Utara,Ternate,0.8626597,127.3352817,0.0
Pantai Sundak,pantai,Daerah Istimewa Yogyakarta,Kabupaten Gunungkidul ,-8.1471841,110.6080799,0.0
Pantai Tambakrejo,pantai,Jawa Timur,Blitar,-8.3159075,112.1444142,0.0
Pantai Tanah Merah,pantai,Kalimantan Timur,Kutai Kartanegara,-1.0475821,117.1014597,0.0
Pantai Tanjung,pantai,Papua Barat,Fakfak,-2.9327697,132.2991496,0.0
Pantai Teleng Ria,pantai,Jawa Timur,Pacitan,-8.2211573,111.0788703,0.0
Pantai Teluk Lombok,pantai,Kalimantan Timur,Kutai Timur,0.3774549,117.5599753,0.0
Pantai Teluk Penyu,pantai,Jawa Tengah,Kelurahan Cilacap Kecamatan Cilacap,-7.7344586,109.0212913,0.0
Pantai Ternate,pantai,Maluku Utara,Ternate,0.8626597,127.3352817,0.0
Pantai Tikus Emas,pantai,Kepulauan Bangka Belitung,Bangka,-1.8867156,106.175657,0.0
Pantai Timang,pantai,Daerah Istimewa Yogyakarta,Kabupaten Gunungkidul ,-8.1756475,110.6632846,0.0
Pantai Waisai,pantai,Papua Barat Daya,Raja Ampat,-0.4284786,130.8219783,0.0
Pantai Wakatobi,pantai,Sulawesi Tenggara,Wakatobi,-5.3662198,123.4998643,0.0
Pantai Watu Karung,pantai,Jawa Timur,Pacitan,-8.2402291,110.9828998,0.0
Pantai Wediombo,pantai,Daerah Istimewa Yogyakarta,Kabupaten Gunungkidul ,-8.1873165,110.7103524,0.0
Rumah Adat Banjar Kalimantan Selatan,rumah adat,Kalimantan Selatan,Hulu Sungai Selatan,-2.634037,115.0957531,0.0
Rumah Adat Buton Baubau,rumah adat,Sulawesi Tenggara,Buton Utara,-4.6872524,123.0221566,0.0
Rumah Adat Dayak Kalimantan,rumah adat,Kalimantan Barat,Landak,0.3852633,109.9339283,0.0
Rumah Adat Enrekang Sulawesi Selatan,rumah adat,Sulawesi Selatan,Sulawesi,-3.6103967,119.8797063,0.0
Rumah Adat Gadang Sumatera Barat,rumah adat,Sumatera Barat,Solok Selatan,-1.4595663,101.0315028,0.0
Rumah Adat Lamin Kalimantan Timur,rumah adat,Kalimantan Timur,Bontang,0.1978164,117.4729648,0.0
Rumah Adat Toraja,rumah adat,Sulawesi Selatan,Toraja Utara,-3.0044673,119.9566412,0.0
Rumah Adat Toraja Utara,rumah adat,Sulawesi Selatan,Toraja Utara,-2.9860708,119.9527722,0.0
Taman Anggrek Mall,taman,Jawa Timur,Daerah Khusus ibukota Jakarta,-6.1783746,106.7922761,0.0
Taman Ayodya,taman,Jawa Timur,Daerah Khusus ibukota Jakarta,-6.2452139,106.7945886,0.0
Taman Ayun,taman,Bali,Badung,-8.5418493,115.1724926,0.0
Taman Bunga Nusantara,taman,Jawa Barat,Cianjur,-6.7277478,107.0794088,0.0
Taman Cagar Alam Gunung Ambang,taman,Sulawesi Utara,Bolaang Mongondow Timur,0.7518555,124.4170723,0.0
Taman Hutan Raya Ir. H. Juanda,taman,Jawa Barat,Bandung Barat,-6.8411686,107.6503782,0.0
Taman Ismail Marzuki,taman,Jawa Timur,Daerah Khusus ibukota Jakarta,-6.1891551,106.8398854,0.0
Taman Jepun,taman,Bali,Denpasar ,-8.6675057,115.2443466,0.0
Taman Kota Bontang,taman,Kalimantan Timur,Bontang,0.1355253,117.4678902,0.0
Taman Kota Kendari,taman,Sulawesi Tenggara,Kendari,-3.9736474,122.5129244,0.0
Taman Kota Makassar,taman,Sulawesi Selatan,Makassar,-5.182353,119.4293122,0.0
Taman Kota Palangkaraya,taman,Kalimantan Tengah,Palangka Raya,-2.2158757,113.9193856,0.0
Taman Kota Palu,taman,Sulawesi Tengah,Palu,-0.9002119,119.8894116,0.0
Taman Kota Pontianak,taman,Kalimantan Barat,Pontianak,-0.0494311,109.3436,0.0
Taman Kota Samarinda,taman,Kalimantan Timur,Samarinda,-0.491098,117.1532192,0.0
Taman Kota Singkawang,taman,Kalimantan Barat,Singkawang,0.9124179,108.9904002,0.0
Taman Laut Banda,taman,Maluku,Maluku,-4.5201649,129.924145,0.0
Taman Laut Banda Neira,taman,Maluku,Maluku,-4.5201649,129.924145,0.0
Taman Mayura,taman,Nusa Tenggara Barat,Mataram,-8.586649,116.1331976,0.0
Taman Menteng,taman,Jawa Timur,Daerah Khusus ibukota Jakarta,-6.1959974,106.8295739,0.0
Taman Narmada,taman,Nusa Tenggara Barat,Lombok Barat,-8.5960238,116.2053339,0.0
Taman Nasional Aketajawe-Lolobata,taman,Maluku Utara,Halmahera Tengah,0.5894491,127.7387051,0.0
Taman Nasional Alas Purwo,taman,Jawa Timur,Banyuwangi,-8.6135534,114.3981629,0.0
Taman Nasional Bali Barat,taman,Bali,Buleleng,-8.1672301,114.4626955,0.0
Taman Nasional Baluran,taman,Jawa Timur,Situbondo,-7.8363697,114.3808459,0.0
Taman Nasional Bantimurung,taman,Sulawesi Selatan,Pangkajene dan Kepulauan,-4.8683732,119.6930821,0.0
Taman Nasional Bantimurung Bulusaraung,taman,Sulawesi Selatan,Pangkajene dan Kepulauan,-4.8683732,119.6930821,0.0
Taman Nasional Batang Gadis,taman,Sumatera Utara,Mandailing Natal,0.8899134,99.3400377,0.0
Taman Nasional Berbak,taman,Jambi,Tanjung Jabung Timur,-1.4093264,104.2228031,0.0
Taman Nasional Bogani Nani Wartabone,taman,Sulawesi Utara,Bolaang Mongondow Utara,0.5810207,123.549791,0.0
Taman Nasional Bromo Tengger Semeru,taman,Jawa Timur,Kabupaten Malang,-8.0254422,112.949168,0.0
Taman Nasional Bukit Baka Bukit Raya,taman,Kalimantan Tengah,Katingan,-0.7158521,112.5860848,0.0
Taman Nasional Bukit Barisan Selatan,taman,Lampung,Pesisir Barat,-5.2472574,104.149891,0.0
Taman Nasional Bukit Tigapuluh,taman,Jambi,Tebo,-1.3718082,102.4791044,0.0
Taman Nasional Bunaken,taman,Sulawesi Utara,Minahasa Utara,1.6732183,124.758243,0.0
Taman Nasional Halmahera,taman,Maluku Utara,Halmahera Tengah,0.5894491,127.7387051,0.0
Taman Nasional Karimunjawa,taman,Jawa Tengah,Jawa,-5.7970834,110.31,0.0
Taman Nasional Kayan Mentarang,taman,Kalimantan Utara,Kalimantan,3.2061545,115.8636941,0.0
Taman Nasional Kerinci Seblat,taman,Jambi,Sumatera,-2.2619949,101.3594523,0.0
Taman Nasional Komodo,taman,Nusa Tenggara Timur,Manggarai Barat,-8.6069899,119.5729395,0.0
Taman Nasional Kutai,taman,Kalimantan Timur,Kutai Timur,0.356592,117.2655867,0.0
Taman Nasional Laut Sawu,taman,Nusa Tenggara Timur,,-10.2885916,120.8349871,0.0
Taman Nasional Lore Lindu,taman,Sulawesi Tengah,Poso,-1.5190466,120.1852466,0.0
Taman Nasional Lorentz,taman,Papua Tengah,Western New Guinea,-4.641344,137.6663697,0.0
Taman Nasional Manusela,taman,Maluku,Maluku Tengah,-3.0484302,129.2357306,0.0
Taman Nasional Meru Betiri,taman,Jawa Timur,Banyuwangi,-8.4606063,113.85749,0.0
Taman Nasional Rawa Aopa Watumohai,taman,Sulawesi Tenggara,Konawe Selatan,-4.3036722,122.0138645,0.0
Taman Nasional Sebangau,taman,Kalimantan Tengah,Kalimantan,-2.4769018,113.6931414,0.0
Taman Nasional Siberut,taman,Sumatera Barat,Sumatera,-1.4233193,98.8663082,0.0
Taman Nasional Taka Bonerate,taman,Sulawesi Selatan,Sulawesi,-6.7,121.1541667,0.0
Taman Nasional Tambora,taman,Nusa Tenggara Barat,,-8.2763787,117.996753,0.0
Taman Nasional Tanjung Puting,taman,Kalimantan Tengah,Kotawaringin Barat,-3.0641552,112.0185747,0.0
Taman Nasional Teluk Cenderawasih,taman,Papua Tengah,Western New Guinea,-2.54526,135.0106277,0.0
Taman Nasional Tesso Nilo,taman,Riau,Pelalawan,-0.2205437,101.8731769,0.0
Taman Nasional Ujung Kulon,taman,Banten,Pandeglang,-6.751449,105.3177956,0.0
Taman Nasional Wakatobi,taman,Sulawesi Tenggara,Sulawesi,-5.9011111,124.1165972,0.0
Taman Nasional Wasur,taman,Papua Selatan,Western New Guinea,-8.5922228,140.7692643,0.0
Taman Nasional Way Kambas,taman,Lampung,Lampung Timur,-4.9373689,105.7283403,0.0
Taman Sari,taman,Daerah Istimewa Yogyakarta,Sleman,-7.7495744,110.3971884,0.0
Taman Spatodhea,taman,Jawa Timur,Daerah Khusus ibukota Jakarta,-6.3230579,106.8244616,0.0
Taman Sukasada,taman,Bali,Karangasem,-8.464546,115.6304955,0.0
Taman Suropati,taman,Jawa Timur,Daerah Khusus ibukota Jakarta,-6.1994502,106.8326426,0.0
Taman Udayana,taman,Nusa Tenggara Barat,Mataram,-8.5721301,116.1025692,0.0
Taman Waduk Pluit,taman,Jawa Timur,Daerah Khusus ibukota Jakarta,-6.115239,106.7948586,0.0
Ancol Dreamland,wahana keluarga,Jawa Timur,Daerah Khusus ibukota Jakarta,-6.1215807,106.8371407,0.0
Batu Night Spectacular,wahana keluarga,Jawa Timur,Kota Batu,-7.8964168,112.5345322,0.0
Batu Secret Zoo,wahana keluarga,Jawa Timur,Kota Batu,-7.8881687,112.529164,0.0
Dago Dreampark,wahana keluarga,Jawa Barat,Bandung Barat,-6.8476037,107.6254233,0.0
Dunia Fantasi,wahana keluarga,Jawa Timur,Daerah Khusus ibukota Jakarta,-6.1242122,106.832156,0.0
Dunia Fantasi Ancol,wahana keluarga,Jawa Timur,Daerah Khusus ibukota Jakarta,-6.1242122,106.832156,0.0
Farmhouse Lembang,wahana keluarga,Jawa Barat,Bandung Barat,-6.8321699,107.6057512,0.0
Go! Wet Waterpark Bekasi,wahana keluarga,Jawa Barat,Bekasi,-6.2977617,107.0505373,0.0
Grand Puri Waterpark Yogyakarta,wahana keluarga,Daerah Istimewa Yogyakarta,Bantul,-7.8778724,110.3532303,0.0
Green Canyon Pangandaran,wahana keluarga,Jawa Barat,Pangandaran,-7.7331415,108.4391618,0.0
Jogja Bay Waterpark,wahana keluarga,Daerah Istimewa Yogyakarta,Sleman,-7.7472493,110.4189062,0.0
Kampung Gajah Wonderland,wahana keluarga,Jawa Barat,Bandung Barat,-6.8295078,107.5965635,0.0
Saloka Theme Park,wahana keluarga,Jawa Tengah,Kabupaten Semarang,-7.2801381,110.457617,0.0
Sindu Kusuma Edupark,wahana keluarga,Daerah Istimewa Yogyakarta,Sleman,-7.7658888,110.3557753,0.0
Taman Impian Jaya Ancol,wahana keluarga,Jawa Timur,Daerah Khusus ibukota Jakarta,-6.1215807,106.8371407,0.0
Taman Mini Indonesia Indah,wahana keluarga,Jawa Timur,Jakarta Timur,-6.3026341,106.8952962,0.0
Taman Remaja Surabaya,wahana keluarga,Jawa Timur,Surabaya,-7.252909,112.7519455,0.0
The Jungle Bogor,wahana keluarga,Jawa Barat,Bogor,-6.6344256,106.7954514,0.0
The Park Mall Solo,wahana keluarga,Jawa Tengah,Sukoharjo,-7.5988732,110.8163039,0.0
Trans Studio Cibubur,wahana keluarga,Jawa Barat,Jakarta Timur,-6.3746768,106.9023871,0.0
Trans Studio Makassar,wahana keluarga,Sulawesi Selatan,Makassar,-5.1588529,119.3940742,0.0
Umbul Ponggok,wahana keluarga,Jawa Tengah,Klaten,-7.6127787,110.6359128,0.0
Waterbom Bali,wahana keluarga,Bali,Badung,-8.7282927,115.170627,0.0
Waterboom Jakarta,wahana keluarga,Jawa Timur,Daerah Khusus ibukota Jakarta,-6.1132402,106.7490248,0.0
Waterboom Lippo Cikarang,wahana keluarga,Jawa Barat,Jawa,-6.3316066,107.138407,0.0
Wonderland Karawang,wahana keluarga,Jawa Barat,Karawang ,-6.326002,107.2901281,0.0
Kertha Gosa,wisata  religi,Bali,Klungkung,-8.5354185,115.4035849,0.0
Ciletuh Geopark,wisata alam,Jawa Barat,Kab Sukabumi,-7.0413411,106.546804,0.0
Curug Benowo,wisata alam,Jawa Tengah,Kendal,-7.1577708,110.3572378,0.0
Curug Cibereum,wisata alam,Jawa Barat,Cianjur,-6.7540556,106.9864083,0.0
Curug Cikaso,wisata alam,Jawa Barat,Kab Sukabumi,-7.3605364,106.6176073,0.0
Curug Cikondang,wisata alam,Jawa Barat,Cianjur,-7.0175969,107.0963162,0.0
Curug Cimahi,wisata alam,Jawa Barat,Bandung Barat,-6.7992718,107.5777601,0.0
Curug Cipeuteuy,wisata alam,Jawa Barat,Karawang ,-6.5436263,107.2381787,0.0
Curug Lawe,wisata alam,Jawa Tengah,Ungaran,-7.1568739,110.3542113,0.0
Curug Malela,wisata alam,Jawa Barat,Bandung Barat,-7.0115742,107.2056616,0.0
Curug Nangka,wisata alam,Jawa Barat,Kab Bogor,-6.6801229,106.7473054,0.0
Curug Sawer,wisata alam,Jawa Barat,Kab Sukabumi,-6.8306568,106.9330492,0.0
Curug Sewu,wisata alam,Jawa Tengah,Kendal,-7.0933442,110.0926959,0.0
Danau Beratan,wisata alam,Bali,Tabanan,-8.2733484,115.1753646,0.0
Danau Kaolin,wisata alam,Kepulauan Bangka Belitung,Belitung,-2.7381387,107.6800194,0.0
Danau Kelimutu,wisata alam,Jawa Barat,Bogor,-6.5928061,106.8102105,0.0
Danau Limboto,wisata alam,Gorontalo,Gorontalo,0.5837874,122.9926691,0.0
Danau Linow,wisata alam,Sulawesi Utara,Tomohon,1.2707806,124.826481,0.0
Danau Maninjau,wisata alam,Sumatera Barat,Agam,-0.3274088,100.1948056,0.0
Danau Matano,wisata alam,Sulawesi Selatan,Sulawesi,-2.4960014,121.3705886,0.0
Danau Melintang,wisata alam,Nusa Tenggara Barat,Mataram,-8.6070748,116.1082543,0.0
Danau Poso,wisata alam,Sulawesi Tengah,Poso,-1.9216194,120.614102,0.0
Danau Rambutan,wisata alam,Sumatera Selatan,Palembang,-3.016797,104.7966618,0.0
Danau Ranau,wisata alam,Lampung,Desa Ujung,-4.8858445,103.90331,0.0
Danau Sebangau,wisata alam,Kalimantan Tengah,Palangka Raya,-2.20636,114.004882,0.0
Danau Sembuluh,wisata alam,Kalimantan Tengah,Seruyan,-2.712125,112.3774792,0.0
Danau Sentani,wisata alam,Papua,Jayapura,-2.6243128,140.5591859,0.0
Danau Sentarum,wisata alam,Kalimantan Barat,Kapuas Hulu,0.8358796,112.1116345,0.0
Danau Singkarak,wisata alam,Sumatera Barat,Tanah Datar,-0.6167842,100.5416618,0.0
Danau Tamblingan,wisata alam,Bali,Buleleng,-8.2573226,115.0964432,0.0
Danau Teluk Gelam,wisata alam,Sumatera Selatan,Ogan Komering Ilir,-3.5651185,104.7942738,0.0
Danau Tempe,wisata alam,Sulawesi Selatan,Sulawesi,-4.1282039,119.9655936,0.0
Danau Toba,wisata alam,Sumatera Utara,Sumatera,2.6108377,98.9023081,0.0
Danau Tondano,wisata alam,Sulawesi Utara,Sulawesi,1.2270186,124.8890017,0.0
Devoyage Bogor,wisata alam,Jawa Barat,Bogor,-6.6382298,106.7951412,0.0
Dieng Plateau,wisata alam,Jawa Tengah,Banjarnegara,-7.2157925,109.9065646,0.0
Gili Air,wisata alam,Nusa Tenggara Barat,Lombok Utara,-8.3577073,116.081162,0.0
Gili Kedis,wisata alam,Nusa Tenggara Barat,Lombok Barat,-8.7304951,116.0256309,0.0
Gili Meno,wisata alam,Nusa Tenggara Barat,Lombok Utara,-8.3505557,116.0569626,0.0
Gili Nanggu,wisata alam,Nusa Tenggara Barat,Lombok Barat,-8.7177365,116.0086591,0.0
Gili Petelu,wisata alam,Nusa Tenggara Barat,,-8.8543323,116.5710632,0.0
Gili Sulat,wisata alam,Nusa Tenggara Barat,,-8.3284019,116.7246605,0.0
Gili Trawangan,wisata alam,Nusa Tenggara Barat,Lombok Utara,-8.3503396,116.0362621,0.0
Goa Batu,wisata alam,Kalimantan Timur,Paser,-1.8037667,115.9198139,0.0
Goa Gong,wisata alam,Jawa Timur,Pacitan,-8.1650433,110.9800128,0.0
Goa Jatijajar,wisata alam,Jawa Tengah,Kebumen,-7.66984,109.4235289,0.0
Goa Jomblang,wisata alam,Daerah Istimewa Yogyakarta,Kabupaten Gunungkidul ,-8.0286285,110.6382419,0.0
Goa Lawah,wisata alam,Bali,Klungkung,-8.5515251,115.4689715,0.0
Goa Pandawa,wisata alam,Jawa Timur,Kota Batu,-7.852614,112.5010005,0.0
Goa Pindul,wisata alam,Daerah Istimewa Yogyakarta,Kabupaten Gunungkidul ,-7.9310483,110.6479201,0.0
Goa Rang Reng,wisata alam,Bali,Gianyar,-8.5162049,115.3313046,0.0
Hutan Pinus Mangunan,wisata alam,Daerah Istimewa Yogyakarta,Bantul,-7.9228665,110.4341077,0.0
Jembatan Mahakam,wisata alam,Kalimantan Timur,Samarinda,-0.5197684,117.1191352,0.0
Jembatan Samarinda,wisata alam,Kalimantan Timur,Samarinda,-0.585182,117.1095104,0.0
Jembatan Tenggarong,wisata alam,Kalimantan Timur,Kutai Kartanegara,-0.4443046,117.0027737,0.0
Kaliurang,wisata alam,Daerah Istimewa Yogyakarta,Hargobinangun,-7.6005217,110.4256299,0.0
Kawah Ijen,wisata alam,Jawa Timur,Bondowoso,-8.0579203,114.2417131,0.0
Kawah Kamojang,wisata alam,Jawa Barat,Kabupaten Bandung,-7.125,107.8,0.0
Kawah Putih,wisata alam,Jawa Barat,Kabupaten Bandung,-7.1661181,107.4022669,0.0
Kawah Ratu,wisata alam,Jawa Barat,Kab Bogor,-6.7169833,106.7128302,0.0
Kawah Sikidang,wisata alam,Jawa Tengah,Banjarnegara,-7.2197193,109.904795,0.0
Kebun Buah Mangunan,wisata alam,Daerah Istimewa Yogyakarta,Bantul,-7.9414871,110.4248003,0.0
Kebun Kelapa Sawit,wisata alam,Kalimantan Timur,Penajam Paser Utara,-1.3106928,116.7461412,0.0
Kebun Raya Baturraden,wisata alam,Jawa Tengah,Banyumas,-7.3055119,109.2314141,0.0
Kepulauan Raja Ampat,wisata alam,Papua Barat Daya,Raja Ampat,0.3768088,131.0493911,0.0
Labuan Bajo,wisata alam,Nusa Tenggara Timur,Labuan Bajo,-8.4944201,119.8855688,0.0
Pagar Alam,wisata alam,Sumatera Selatan,Pagar Alam,-4.0209526,103.2501603,0.0
Pahawang Island,wisata alam,Lampung,Pesawaran,-5.6757839,105.2212726,0.0
Pulau Adonara,wisata alam,Nusa Tenggara Timur,Flores Timur,-8.318462,123.1657963,0.0
Pulau Alor,wisata alam,Nusa Tenggara Timur,Alor,-8.2911448,124.7777164,0.0
Pulau Ambon,wisata alam,Maluku,Maluku Tengah,-3.6422972,128.0797053,0.0
Pulau Asmat,wisata alam,Papua Selatan,Asmat,-5.366667,137.733333,0.0
Pulau Ayer,wisata alam,Jawa Timur,Daerah Khusus ibukota Jakarta,-5.7630948,106.5831643,0.0
Pulau Babi,wisata alam,Kepulauan Bangka Belitung,Belitung,-2.5679424,107.6258128,0.0
Pulau Bacan,wisata alam,Maluku Utara,Halmahera Selatan,-0.5840664,127.4918708,0.0
Pulau Bangka,wisata alam,Sulawesi Utara,Minahasa Utara,1.7907213,125.1554826,0.0
Pulau Batanta,wisata alam,Papua Barat Daya,Raja Ampat,-0.8377267,130.7068469,0.0
Pulau Berau,wisata alam,Kalimantan Timur,Berau,2.1399777,118.5395082,0.0
Pulau Besar,wisata alam,Kepulauan Bangka Belitung,Sumatera,-2.883333,106.133333,0.0
Pulau Binongko,wisata alam,Sulawesi Tenggara,Wakatobi,-5.9546218,124.0210187,0.0
Pulau Buru,wisata alam,Maluku,Maluku,-3.4591432,126.6562293,0.0
Pulau Cempedak,wisata alam,Kalimantan Barat,Ketapang,-2.6328869,110.1204135,0.0
Pulau Derawan,wisata alam,Kalimantan Timur,Berau,2.2841235,118.2435287,0.0
Pulau Flores,wisata alam,Nusa Tenggara Timur,,-8.5100369,120.5981537,0.0
Pulau Gam,wisata alam,Papua Barat Daya,Raja Ampat,-0.4658697,130.6398411,0.0
Pulau Gili Banta,wisata alam,Nusa Tenggara Barat,,-8.4305606,119.2853381,0.0
Pulau Halmahera,wisata alam,Maluku Utara,Maluku,0.6536435,127.9319556,0.0
Pulau Kakaban,wisata alam,Kalimantan Timur,Berau,2.1399777,118.5395082,0.0
Pulau Kapoposang,wisata alam,Sulawesi Selatan,Sulawesi,-4.7,118.95,0.0
Pulau Karimata,wisata alam,Kalimantan Barat,Kayong Utara,-1.6059608,108.9062009,0.0
Pulau Katingan,wisata alam,Kalimantan Tengah,Katingan,-3.22976,113.3275273,0.0
Pulau Kei Kecil,wisata alam,Maluku,Maluku Tenggara,-5.7714884,132.73776,0.0
Pulau Kelapa,wisata alam,Lampung,Lampung Selatan,-5.8729463,105.7570682,0.0
Pulau Kemaro,wisata alam,Sumatera Selatan,Palembang,-2.9798369,104.8199048,0.0
Pulau Kenawa,wisata alam,Nusa Tenggara Barat,Sumbawa Barat,-8.4985718,116.832948,0.0
Pulau Kepayang,wisata alam,Kepulauan Bangka Belitung,Belitung,-2.5486082,107.6509146,0.0
Pulau Ketawai,wisata alam,Kepulauan Bangka Belitung,Bangka Tengah,-2.2657969,106.32784,0.0
Pulau Kodingareng,wisata alam,Sulawesi Selatan,Makassar,-5.1490655,119.2648071,0.0
Pulau Komodo,wisata alam,Nusa Tenggara Timur,Manggarai Barat,-8.5891905,119.4624119,0.0
Pulau Kri,wisata alam,Papua Barat Daya,Raja Ampat,-0.5672263,130.6586583,0.0
Pulau Legundi,wisata alam,Lampung,Pesawaran,-5.8142911,105.2929993,0.0
Pulau Lembata,wisata alam,Nusa Tenggara Timur,Lembata,-8.3781443,123.5446266,0.0
Pulau Lembeh,wisata alam,Sulawesi Utara,Bitung,1.4684975,125.2589817,0.0
Pulau Lemukutan,wisata alam,Kalimantan Barat,Bengkayang,0.767172,108.7071975,0.0
Pulau Lengkuas,wisata alam,Kepulauan Bangka Belitung,Sumatera,-2.5370465,107.6203231,0.0
Pulau Lepar,wisata alam,Kepulauan Bangka Belitung,Bangka Selatan,-2.9632056,106.8089193,0.0
Pulau Lombok Timur,wisata alam,Nusa Tenggara Barat,,-8.8172619,116.5319344,0.0
Pulau Maitara,wisata alam,Maluku Utara,Tidore Kepulauan,0.7326818,127.3705295,0.0
Pulau Mandioli,wisata alam,Maluku Utara,Halmahera Selatan,-0.7005541,127.2373273,0.0
Pulau Maratua,wisata alam,Kalimantan Timur,Berau,2.2374937,118.5728007,0.0
Pulau Mioswaar,wisata alam,Papua Barat,Western New Guinea,-2.0804969,134.3545977,0.0
Pulau Misool,wisata alam,Papua Barat Daya,Raja Ampat,-1.8671494,130.070519,0.0
Pulau Morotai,wisata alam,Maluku Utara,Pulau Morotai,2.3129234,128.4418556,0.0
Pulau Moyo,wisata alam,Nusa Tenggara Barat,,-8.2668723,117.5553083,0.0
Pulau Onrust,wisata alam,Jawa Timur,Daerah Khusus ibukota Jakarta,-6.0335295,106.734901,0.0
Pulau Padar,wisata alam,Nusa Tenggara Timur,Manggarai Barat,-8.6626997,119.5557377,0.0
Pulau Pahawang,wisata alam,Lampung,Pesawaran,-5.6757839,105.2212726,0.0
Pulau Panjang,wisata alam,Kalimantan Timur,Berau,2.3659907,118.2091481,0.0
Pulau Pantar,wisata alam,Nusa Tenggara Timur,Alor,-8.3624551,124.1805656,0.0
Pulau Pasaran,wisata alam,Lampung,Bandar Lampung,-5.4640446,105.2650567,0.0
Pulau Pulau Maluku,wisata alam,Maluku,Maluku Tenggara,-5.7493049,132.6852851,0.0
Pulau Randayan,wisata alam,Kalimantan Barat,Kalimantan,0.716667,108.733333,0.0
Pulau Rinca,wisata alam,Nusa Tenggara Timur,Manggarai Barat,-8.7069643,119.6867114,0.0
Pulau Rote,wisata alam,Nusa Tenggara Timur,Rote Ndao,-10.6870292,123.208435,0.0
Pulau Samalona,wisata alam,Sulawesi Selatan,Makassar,-5.1255055,119.3435008,0.0
Pulau Samama,wisata alam,Kalimantan Timur,Berau,2.1358203,118.3288038,0.0
Pulau Sangalaki,wisata alam,Kalimantan Timur,Berau,2.0862854,118.3994784,0.0
Pulau Saparua,wisata alam,Maluku,Maluku Tengah,-3.566667,128.666667,0.0
Pulau Satonda,wisata alam,Nusa Tenggara Barat,,-8.1096652,117.7480875,0.0
Pulau Semau,wisata alam,Nusa Tenggara Timur,Kupang,-10.2268265,123.3710799,0.0
Pulau Seribu,wisata alam,Jawa Timur,Daerah Khusus ibukota Jakarta,-5.6350469,106.5803541,0.0
Pulau Siau,wisata alam,Sulawesi Utara,Kepulauan Siau Tagulandang Biaro,2.7223131,125.3820802,0.0
Pulau Solor,wisata alam,Nusa Tenggara Timur,Flores Timur,-8.517276,122.9345454,0.0
Pulau Sumba,wisata alam,Nusa Tenggara Timur,Sumba Timur,-10.3134659,120.1958373,0.0
Pulau Sumbawa Besar,wisata alam,Nusa Tenggara Barat,,-8.4662963,117.4038685,0.0
Pulau Tegal,wisata alam,Lampung,Pesawaran,-5.5674104,105.2739979,0.0
Pulau Tempurung,wisata alam,Kalimantan Barat,Kalimantan,0.716667,108.866667,0.0
Pulau Ternate,wisata alam,Maluku Utara,Ternate,0.8104023,127.3409697,0.0
Pulau Tidore,wisata alam,Maluku Utara,Tidore Kepulauan,0.6901198,127.411456,0.0
Pulau Tidung,wisata alam,Kalimantan Utara,Tana Tidung,3.616667,116.916667,0.0
Pulau Umang,wisata alam,Banten,Pandeglang,-6.643015,105.581404,0.0
Pulau Waigeo,wisata alam,Papua Barat Daya,Raja Ampat,-0.22409,131.0430825,0.0
Pulau Wayag,wisata alam,Papua Barat Daya,Raja Ampat,0.1777739,130.042052,0.0
Puncak Becici,wisata alam,Daerah Istimewa Yogyakarta,Bantul,-7.9012592,110.4372592,0.0
Puncak Suroloyo,wisata alam,Daerah Istimewa Yogyakarta,Kulonprogo,-7.6475662,110.1813747,0.0
Raja Ampat,wisata alam,Papua Barat Daya,Raja Ampat,-0.7125553,130.3034473,0.0
Sungai Musi,wisata alam,Sumatera Selatan,Banyuasin,-2.5506475,104.9202715,0.0
Sungai Way Seputih,wisata alam,Lampung,Sumatera,-4.8585891,105.3350899,0.0
Suramadu Bridge,wisata alam,Jawa Timur,Bangkalan,-7.1842763,112.7803027,0.0
Taman Nasional Danau Sentarum,wisata alam,Kalimantan Barat,Kapuas Hulu,0.8367767,112.1830307,0.0
Taman Nasional Gunung Ciremai,wisata alam,Jawa Barat,Kuningan,-6.8800193,108.4104831,0.0
Taman Nasional Gunung Gede Pangrango,wisata alam,Jawa Barat,Kab Sukabumi,-6.7752118,106.9311234,0.0
Taman Nasional Gunung Halimun Salak,wisata alam,Banten,Lebak,-6.7417746,106.4540374,0.0
Taman Nasional Gunung Leuser,wisata alam,Aceh,Sumatera,3.4925578,97.5593699,0.0
Taman Nasional Gunung Merapi,wisata alam,Daerah Istimewa Yogyakarta,Hargobinangun,-7.5599048,110.4302775,0.0
Taman Nasional Gunung Merbabu,wisata alam,Jawa Tengah,Kabupaten Semarang,-7.4405123,110.4370164,0.0
Taman Nasional Gunung Palung,wisata alam,Kalimantan Barat,Kayong Utara,-1.2137375,110.2375269,0.0
Taman Nasional Gunung Rinjani,wisata alam,Nusa Tenggara Barat,,-8.4260537,116.4763578,0.0
Taman Nasional Gunung Tambora,wisata alam,Nusa Tenggara Barat,,-8.2763787,117.996753,0.0
Tangkuban Perahu,wisata alam,Jawa Barat,Subang,-6.7534098,107.608264,0.0
Bali Safari & Marine Park,wisata edukasi,Bali,Gianyar,-8.5808653,115.3440854,0.0
Dusun Semilir,wisata edukasi,Jawa Tengah,Kabupaten Semarang,-7.2375127,110.432898,0.0
Eco Green Park,wisata edukasi,Jawa Timur,Kota Batu,-7.8876615,112.5267665,0.0
Floating Market Lembang,wisata edukasi,Jawa Barat,Bandung Barat,-6.8187298,107.618115,0.0
Jatim Park 1,wisata edukasi,Jawa Timur,Mojopanggung,-8.2079276,114.3562777,0.0
Jatim Park 2,wisata edukasi,Jawa Timur,Mojopanggung,-8.2079276,114.3562777,0.0
Kampung Adat Bena,wisata edukasi,Nusa Tenggara Timur,Ngada,-8.8771647,120.986082,0.0
Kampung Adat Luba,wisata edukasi,Nusa Tenggara Timur,Ngada,-8.8746304,120.9845814,0.0
Kampung Arab Ampel,wisata edukasi,Jawa Timur,Surabaya,-7.2315883,112.7425599,0.0
Kampung Batik Laweyan,wisata edukasi,Jawa Tengah,Surakarta,-7.5694863,110.7960636,0.0
Kampung Berau,wisata edukasi,Kalimantan Timur,Berau,2.1997013,116.6992953,0.0
Kampung Bontang,wisata edukasi,Kalimantan Timur,Kutai Timur,0.2007596,117.4495565,0.0
Kampung Bugis,wisata edukasi,Kalimantan Timur,Kutai Timur,0.5121711,117.5972392,0.0
Kampung Ciburial,wisata edukasi,Jawa Barat,Kabupaten Bandung,-6.8410502,107.6557382,0.0
Kampung Cikadu,wisata edukasi,Banten,Pandeglang,-6.5256832,105.6803975,0.0
Kampung Melayu,wisata edukasi,Kalimantan Selatan,Hulu Sungai Tengah,-2.5820842,115.3864899,0.0
Kampung Melayu Borneo,wisata edukasi,Kalimantan Selatan,Banjarmasin,-3.3171899,114.6006391,0.0
Kampung Samarinda,wisata edukasi,Kalimantan Timur,Samarinda,-0.5079768,117.164586,0.0
Kampung Sampireun,wisata edukasi,Jawa Barat,Sukakarya,-7.2028023,107.8167749,0.0
Kampung Teluk,wisata edukasi,Kalimantan Timur,Kutai Timur,0.1978005,117.4482578,0.0
Kampung Tridi Malang,wisata edukasi,Jawa Timur,Kota Malang,-7.9817148,112.6379373,0.0
Kampung Wamena,wisata edukasi,Papua Pegunungan,Wamena,-4.0913238,138.9365159,0.0
Kebun Binatang Ragunan,wisata edukasi,Jawa Timur,Daerah Khusus ibukota Jakarta,-6.3114056,106.8216699,0.0
Kebun Raya Bogor,wisata edukasi,Jawa Barat,Bogor,-6.5983032,106.7994187,0.0
Kebun Raya Cibodas,wisata edukasi,Jawa Barat,Cianjur,-6.7366316,107.0079063,0.0
Kebun Raya Kalimantan Utara,wisata edukasi,Kalimantan Utara,Nunukan,4.0895795,117.6399182,0.0
Kebun Raya Malang,wisata edukasi,Jawa Timur,Pasuruan,-7.7998333,112.741642,0.0
Kebun Raya Purwodadi,wisata edukasi,Jawa Timur,Pasuruan,-7.7998333,112.741642,0.0
Kebun Raya Samarinda,wisata edukasi,Kalimantan Timur,Samarinda,-0.4493074,117.2109205,0.0
Kebun Teh Wonosari,wisata edukasi,Jawa Timur,Kabupaten Malang,-7.812482,112.6402789,0.0
KidZania Jakarta,wisata edukasi,Jawa Timur,Daerah Khusus ibukota Jakarta,-6.2243077,106.8094341,0.0
Museum Affandi,wisata edukasi,Daerah Istimewa Yogyakarta,Sleman,-7.7827543,110.3963324,0.0
Observatorium Bosscha,wisata edukasi,Jawa Barat,Bandung Barat,-6.8244765,107.61602,0.0
Planetarium Jakarta,wisata edukasi,Jawa Timur,Daerah Khusus ibukota Jakarta,-6.1901222,106.8391385,0.0
Pusat Konservasi Elang Kamojang,wisata edukasi,Jawa Barat,Sukakarya,-7.1681482,107.7999159,0.0
Pusat Penelitian Kopi dan Kakao Jember,wisata edukasi,Jawa Timur,Jember,-8.1620212,113.7091569,0.0
Rumah Atsiri Indonesia,wisata edukasi,Jawa Tengah,Karanganyar,-7.6546345,111.1014613,0.0
Sea World Ancol,wisata edukasi,Jawa Timur,Daerah Khusus ibukota Jakarta,-6.1271335,106.8415805,0.0
SeaWorld Ancol,wisata edukasi,Jawa Timur,Daerah Khusus ibukota Jakarta,-6.125818,106.8428846,0.0
Selecta,wisata edukasi,Jawa Timur,Kota Batu,-7.8191784,112.5251767,0.0
Seminyak Village,wisata edukasi,Bali,Badung,-8.683248,115.1568656,0.0
Taman Pintar Yogyakarta,wisata edukasi,Daerah Istimewa Yogyakarta,Kota Yogyakarta,-7.8010466,110.3677697,0.0
Trans Studio Bandung,wisata edukasi,Jawa Barat,Kota Bandung,-6.9247021,107.6360969,0.0
Benteng Baluwarti,wisata kerajaan,Jawa Tengah,Surakarta,-7.572122,110.8312357,0.0
Benteng Buton Baubau,wisata kerajaan,Sulawesi Tenggara,Baubau,-5.4733218,122.6102454,0.0
Benteng Kuto Besak,wisata kerajaan,Sumatera Selatan,Palembang,-2.992422,104.7597918,0.0
Benteng Kuto Besak Palembang,wisata kerajaan,Sumatera Selatan,Palembang,-2.992422,104.7597918,0.0
Benteng Pendem,wisata kerajaan,Jawa Tengah,Kelurahan Cilacap Kecamatan Cilacap,-7.7491116,109.0172596,0.0
Benteng Speelwijk,wisata kerajaan,Jawa Timur,Serang ,-6.0310818,106.1507599,0.0
Benteng Speelwijk Banten,wisata kerajaan,Jawa Timur,Serang ,-6.0310818,106.1507599,0.0
Benteng Surosowan,wisata kerajaan,Jawa Timur,Serang ,-6.0378452,106.1558032,0.0
Benteng Vastenburg,wisata kerajaan,Jawa Tengah,Surakarta,-7.572122,110.8312357,0.0
Benteng Wolio,wisata kerajaan,Sulawesi Tenggara,Baubau,-5.4733218,122.6102454,0.0
Istana Bogor,wisata kerajaan,Jawa Barat,Bogor,-6.5979795,106.7975641,0.0
Istana Maimun Medan,wisata kerajaan,Sumatera Utara,Kota Medan ,3.575232,98.6838169,0.0
Istana Siak Sri Indrapura Riau,wisata kerajaan,Riau,Siak,0.7948074,102.0490273,0.0
Istana Tampaksiring,wisata kerajaan,Bali,Gianyar,-8.4143074,115.313147,0.0
Istano Basa Pagaruyung,wisata kerajaan,Sumatera Barat,Tanah Datar,-0.4713638,100.6214909,0.0
Kerajaan Gowa,wisata kerajaan,Sulawesi Selatan,Sulawesi,-5.2070607,119.4524687,0.0
Keraton Kanoman Cirebon,wisata kerajaan,Jawa Barat,Kota Cirebon,-6.7224492,108.5680568,0.0
Keraton Kasepuhan Cirebon,wisata kerajaan,Jawa Barat,Kota Cirebon,-6.7272941,108.5717151,0.0
Keraton Surakarta,wisata kerajaan,Jawa Tengah,Surakarta,-7.5784379,110.8283543,0.0
Keraton Yogyakarta,wisata kerajaan,Daerah Istimewa Yogyakarta,Kota Yogyakarta,-7.8029256,110.3651894,0.0
Puri Agung Gianyar,wisata kerajaan,Bali,Gianyar,-8.5067232,115.262707,0.0
Puri Saren Ubud,wisata kerajaan,Bali,Gianyar,-8.5067232,115.262707,0.0
Bakso President Malang,wisata kuliner,Jawa Timur,Kota Malang,-7.9624439,112.6368008,0.0
Coto Nusantara Makassar,wisata kuliner,Sulawesi Selatan,Makassar,-5.1305904,119.4062286,0.0
Gado-Gado Cemara Jakarta,wisata kuliner,Jawa Timur,Daerah Khusus ibukota Jakarta,-6.1794317,106.8139422,0.0
Gudeg Yu Djum Yogyakarta,wisata kuliner,Daerah Istimewa Yogyakarta,Kota Yogyakarta,-7.8045373,110.3668938,0.0
Jalan Ahmad Yani Makassar,wisata kuliner,Sulawesi Selatan,Makassar,-5.1328565,119.4078668,0.0
Jalan Braga Bandung,wisata kuliner,Jawa Barat,Kota Bandung,-6.9168925,107.6091723,0.0
Jalan Dago Bandung,wisata kuliner,Jawa Barat,Kota Bandung,-6.8863522,107.6136814,0.0
Jalan Malioboro Yogyakarta,wisata kuliner,Daerah Istimewa Yogyakarta,Kota Yogyakarta,-7.7932411,110.365806,0.0
Jalan Sumatera Surabaya,wisata kuliner,Jawa Timur,Surabaya,-7.2749513,112.7451892,0.0
Jalan Suroto Yogyakarta,wisata kuliner,Daerah Istimewa Yogyakarta,Kota Yogyakarta,-7.785899,110.3744277,0.0
Kampung Tugu Jakarta,wisata kuliner,Jawa Timur,Daerah Khusus ibukota Jakarta,-6.127958,106.9185365,0.0
Martabak San Francisco Bandung,wisata kuliner,Jawa Barat,Kota Bandung,-6.9590474,107.6894384,0.0
Mie Kocok Bandung,wisata kuliner,Bali,Denpasar ,-8.6652033,115.239048,0.0
Nasi Kapau Bukittinggi,wisata kuliner,Jawa Timur,Daerah Khusus ibukota Jakarta,-6.1756359,106.7817377,0.0
Pasar Ambon,wisata kuliner,Maluku,Ambon,-3.6937552,128.179026,0.0
Pasar Atom Surabaya,wisata kuliner,Jawa Timur,Surabaya,-7.2414035,112.7441077,0.0
Pasar Badung,wisata kuliner,Bali,Denpasar ,-8.656297,115.2124235,0.0
Pasar Baru,wisata kuliner,Jawa Timur,Daerah Khusus ibukota Jakarta,-6.164901,106.8334669,0.0
Pasar Bersehati,wisata kuliner,Sulawesi Utara,Manado,1.4980107,124.8413311,0.0
Pasar Bontang,wisata kuliner,Kalimantan Timur,Bontang,0.1698676,117.4771783,0.0
Pasar Celuk,wisata kuliner,Bali,Gianyar,-8.5964575,115.2832919,0.0
Pasar Cibadak Bandung,wisata kuliner,Jawa Barat,Kota Bandung,-6.9232848,107.5955639,0.0
Pasar Cihapit Bandung,wisata kuliner,Jawa Barat,Kota Bandung,-6.9085551,107.6224564,0.0
Pasar Flamboyan,wisata kuliner,Kalimantan Barat,Pontianak,-0.0402083,109.3453369,0.0
Pasar Gede Solo,wisata kuliner,Jawa Tengah,Surakarta,-7.5693721,110.8314627,0.0
Pasar Gianyar,wisata kuliner,Bali,Gianyar,-8.5425256,115.3270651,0.0
Pasar Ikan Ambon,wisata kuliner,Maluku,Ambon,-3.6875401,128.1833998,0.0
Pasar Johar,wisata kuliner,Jawa Tengah,Kota Semarang,-6.9721147,110.424762,0.0
Pasar Kapuas Hulu,wisata kuliner,Kalimantan Barat,Kapuas Hulu,0.6643468,112.2773659,0.0
Pasar Klewer,wisata kuliner,Jawa Tengah,Surakarta,-7.5755013,110.8268372,0.0
Pasar Kota Barito,wisata kuliner,Kalimantan Selatan,Barito Kuala,-3.1310335,114.4848887,0.0
Pasar Kranggan,wisata kuliner,Daerah Istimewa Yogyakarta,Kota Yogyakarta,-7.7825017,110.3656896,0.0
Pasar Kuala Pembuang,wisata kuliner,Kalimantan Tengah,Seruyan,-3.3865215,112.5528643,0.0
Pasar Kumbasari,wisata kuliner,Bali,Denpasar ,-8.6560993,115.2118033,0.0
Pasar Kuto Palembang,wisata kuliner,Sumatera Selatan,Palembang,-2.9812649,104.7714847,0.0
Pasar Lama Tangerang,wisata kuliner,Banten,Tangerang,-6.1779396,106.6300758,0.0
Pasar Luwuk,wisata kuliner,Sulawesi Tengah,Banggai,-0.9562272,122.7896944,0.0
Pasar Malam Makassar,wisata kuliner,Sulawesi Selatan,Makassar,-5.1377954,119.4325202,0.0
Pasar Mamuju,wisata kuliner,Sulawesi Barat,Mamuju,-2.672303,118.8919325,0.0
Pasar Mas,wisata kuliner,Bali,Gianyar,-8.5446439,115.2721291,0.0
Pasar Modern Mamuju,wisata kuliner,Sulawesi Barat,Mamuju,-2.672303,118.8919325,0.0
Pasar Pagi Medan,wisata kuliner,Sumatera Utara,Kota Medan ,3.6856948,98.6914596,0.0
Pasar Palangkaraya,wisata kuliner,Kalimantan Tengah,Palangka Raya,-2.2081836,113.9370335,0.0
Pasar Rakyat Kendari,wisata kuliner,Sulawesi Tenggara,Kendari,-3.9816193,122.5849864,0.0
Pasar Sanggau,wisata kuliner,Kalimantan Barat,Sanggau,-0.0329966,110.1113959,0.0
Pasar Santa,wisata kuliner,Jawa Timur,Daerah Khusus ibukota Jakarta,-6.2391928,106.8077643,0.0
Pasar Santa Jakarta,wisata kuliner,Jawa Timur,Daerah Khusus ibukota Jakarta,-6.2391928,106.8077643,0.0
Pasar Seni Ampenan,wisata kuliner,Nusa Tenggara Barat,Mataram,-8.5659896,116.1270748,0.0
Pasar Seni Cakranegara,wisata kuliner,Nusa Tenggara Barat,Mataram,-8.5659896,116.1270748,0.0
Pasar Seni Mataram,wisata kuliner,Nusa Tenggara Barat,Mataram,-8.5659896,116.1270748,0.0
Pasar Seni Sukawati,wisata kuliner,Bali,Gianyar,-8.5964842,115.2824354,0.0
Pasar Sentral Kendari,wisata kuliner,Sulawesi Tenggara,Kendari,-3.9937375,122.5145946,0.0
Pasar Sentral Makassar,wisata kuliner,Sulawesi Selatan,Makassar,-5.1289467,119.4151115,0.0
Pasar Tengah,wisata kuliner,Kalimantan Barat,Landak,0.3847201,109.9597377,0.0
Pasar Tenggarong,wisata kuliner,Kalimantan Timur,Kutai Kartanegara,-0.4142333,116.9908324,0.0
Pasar Triwindu,wisata kuliner,Jawa Tengah,Surakarta,-7.5691924,110.8225741,0.0
Pasar Wakatobi,wisata kuliner,Sulawesi Tenggara,Wakatobi,-5.7265845,123.8993053,0.0
Pecenongan Jakarta,wisata kuliner,Jawa Timur,Daerah Khusus ibukota Jakarta,-6.1677221,106.8282105,0.0
Pempek Candy Palembang,wisata kuliner,Sumatera Selatan,Palembang,-2.986352,104.7440276,0.0
Rujak Cingur Genteng Surabaya,wisata kuliner,Jawa Timur,Surabaya,-7.2554948,112.740236,0.0
Sate Klatak Pak Pong,wisata kuliner,Daerah Istimewa Yogyakarta,Bantul,-7.8680486,110.3905995,0.0
Sate Maranggi Cibungur,wisata kuliner,Jawa Barat,Purwakarta,-6.4717694,107.4804409,0.0
Sate Padang Ajo Ramon Jakarta,wisata kuliner,Jawa Timur,Daerah Khusus ibukota Jakarta,-6.241668,106.8104485,0.0
Saung Angklung Udjo,wisata kuliner,Jawa Barat,Kota Bandung,-6.8982695,107.6552971,0.0
Soto Kadipiro Yogyakarta,wisata kuliner,Daerah Istimewa Yogyakarta,Bantul,-7.8006662,110.3462144,0.0
Soto Lamongan Cak Har Surabaya,wisata kuliner,Jawa Timur,Surabaya,-7.295653,112.7812929,0.0
Sudirman Street Bandung,wisata kuliner,Jawa Barat,Kota Bandung,-6.9210257,107.6005987,0.0
Mahakam Lampion Garden Samarinda,wisata lampion,Kalimantan Timur,Samarinda,-0.5063239,117.1196173,0.0
Taman Pelangi Yogyakarta,wisata lampion,Daerah Istimewa Yogyakarta,Sleman,-7.7502983,110.3694758,0.0
Candi Borobudur,wisata religi,Jawa Tengah,Magelang,-7.6079583,110.2038245,0.0
Gereja HKBP Medan,wisata religi,Sumatera Utara,Kota Medan ,3.5393577,98.6980359,0.0
Gereja Katedral Bogor,wisata religi,Jawa Barat,Bogor,-6.5968873,106.7931829,0.0
Gereja Katedral Jakarta,wisata religi,Jawa Timur,Daerah Khusus ibukota Jakarta,-6.1692046,106.8332373,0.0
Gereja Santa Maria de Fatima Glodok,wisata religi,Jawa Timur,Daerah Khusus ibukota Jakarta,-6.1437969,106.8121133,0.0
Gereja Santa Perawan Maria Surabaya,wisata religi,Jawa Timur,Surabaya,-7.2420553,112.7369704,0.0
Gereja Santa Theresia Jakarta,wisata religi,Jawa Timur,Daerah Khusus ibukota Jakarta,-6.1889243,106.8254861,0.0
Makam Sunan Ampel Surabaya,wisata religi,Jawa Timur,Surabaya,-7.2299754,112.7422732,0.0
Makam Sunan Bonang Tuban,wisata religi,Jawa Timur,Tuban,-6.8945426,112.0633171,0.0
Makam Sunan Giri Gresik,wisata religi,Jawa Timur,Gresik,-7.1688945,112.6310331,0.0
Makam Sunan Gunung Jati Cirebon,wisata religi,Jawa Barat,Kabupaten Cirebon,-6.6711938,108.5400589,0.0
Masjid 99 Kubah Makassar,wisata religi,Sulawesi Selatan,Makassar,-5.1437762,119.4040219,0.0
Masjid Agung Demak,wisata religi,Jawa Tengah,Demak,-6.8947303,110.6374327,0.0
Masjid Agung Gorontalo,wisata religi,Gorontalo,Gorontalo,0.5379076,123.0603093,0.0
Masjid Agung Jawa Tengah Semarang,wisata religi,Jawa Tengah,Kota Semarang,-6.9836458,110.4455923,0.0
Masjid Agung Surabaya,wisata religi,Jawa Timur,Surabaya,-7.229971,112.7428733,0.0
Masjid Al-Akbar Surabaya,wisata religi,Jawa Timur,Surabaya,-7.2580747,112.6782978,0.0
Masjid Al-Markaz,wisata religi,Sulawesi Selatan,Parepare,-4.0104037,119.6314252,0.0
Masjid Cheng Hoo Surabaya,wisata religi,Jawa Timur,Surabaya,-7.2519525,112.7467958,0.0
Masjid Istiqlal,wisata religi,Jawa Timur,Daerah Khusus ibukota Jakarta,-6.1702779,106.8310435,0.0
Masjid Istiqlal Jakarta,wisata religi,Jawa Timur,Daerah Khusus ibukota Jakarta,-6.1702779,106.8310435,0.0
Masjid Raya Baiturrahman Aceh,wisata religi,Aceh,Banda Aceh,5.553631,95.3171926,0.0
Masjid Raya Bandung,wisata religi,Jawa Barat,Kota Bandung,-6.9218735,107.6062926,0.0
Masjid Raya Makassar,wisata religi,Sulawesi Selatan,Makassar,-5.1305647,119.4197043,0.0
Pura Agung Blambangan,wisata religi,Jawa Timur,Banyuwangi,-8.4316781,114.3200224,0.0
Pura Batu Bolong,wisata religi,Nusa Tenggara Barat,Lombok Barat,-8.5103707,116.0564929,0.0
Pura Besakih,wisata religi,Bali,Karangasem,-8.3753612,115.4507063,0.0
Pura Besakih Bali,wisata religi,Bali,Karangasem,-8.3753612,115.4507063,0.0
Pura Goa Lawah Bali,wisata religi,Bali,Klungkung,-8.5515251,115.4689715,0.0
Pura Lempuyang Bali,wisata religi,Bali,Karangasem,-8.3937352,115.6399616,0.0
Pura Lingsar,wisata religi,Nusa Tenggara Barat,Lombok Barat,-8.5758092,116.1801374,0.0
Pura Luhur Uluwatu Bali,wisata religi,Bali,Badung,-8.8293694,115.0843428,0.0
Pura Mangkunegaran,wisata religi,Jawa Tengah,Surakarta,-7.566167,110.8230626,0.0
Pura Meru,wisata religi,Nusa Tenggara Barat,Mataram,-8.5877519,116.1319632,0.0
Pura Taman Ayun,wisata religi,Bali,Badung,-8.5418493,115.1724926,0.0
Pura Taman Ayun Bali,wisata religi,Bali,Badung,-8.5418493,115.1724926,0.0
Pura Tanah Lot,wisata religi,Bali,Tabanan,-8.6212249,115.0868804,0.0
Pura Tanah Lot Bali,wisata religi,Bali,Tabanan,-8.6212249,115.0868804,0.0
Pura Tirta Empul Bali,wisata religi,Bali,Gianyar,-8.4143644,115.3162086,0.0
Pura Ulun Danu Beratan,wisata religi,Bali,Tabanan,-8.2755069,115.16626,0.0
Pura Ulun Danu Beratan Bali,wisata religi,Bali,Tabanan,-8.2755069,115.16626,0.0
Pura Uluwatu,wisata religi,Bali,Badung,-8.8293694,115.0843428,0.0
Vihara Avalokitesvara Banten,wisata religi,Jawa Timur,Serang ,-6.030155,106.1492953,0.0
Vihara Buddhagaya Watugong Semarang,wisata religi,Jawa Tengah,Kota Semarang,-7.0864388,110.4095947,0.0
Vihara Dhanagun Bogor,wisata religi,Jawa Barat,Bogor,-6.6031623,106.7992338,0.0
Vihara Dharma Bhakti Jakarta,wisata religi,Jawa Timur,Daerah Khusus ibukota Jakarta,-6.144868,106.7805565,0.0
Vihara Ekayana Arama Jakarta,wisata religi,Jawa Timur,Daerah Khusus ibukota Jakarta,-6.1777166,106.7784333,0.0
Batu Love Garden,wisata tematik,Jawa Timur,Kota Batu,-7.8638662,112.5428658,0.0
Dago Dreampark Bandung,wisata tematik,Jawa Barat,Bandung Barat,-6.8476037,107.6254233,0.0
De Tjolomadoe Karanganyar,wisata tematik,Jawa Tengah,Karanganyar,-7.5341451,110.7492451,0.0
Dream Museum Zone Bali,wisata tematik,Bali,Badung,-8.6995022,115.1767288,0.0
Dusun Bambu,wisata tematik,Jawa Barat,Bandung Barat,-6.7899841,107.5786457,0.0
Dusun Semilir Semarang,wisata tematik,Jawa Tengah,Kabupaten Semarang,-7.2375127,110.432898,0.0
Eco Green Park Batu,wisata tematik,Jawa Timur,Kota Batu,-7.8876615,112.5267665,0.0
HeHa Ocean View Gunung Kidul,wisata tematik,Daerah Istimewa Yogyakarta,Kabupaten Gunungkidul ,-8.1044328,110.4604843,0.0
HeHa Sky View Yogyakarta,wisata tematik,Daerah Istimewa Yogyakarta,Kabupaten Gunungkidul ,-7.8491296,110.4782259,0.0
House of Sampoerna,wisata tematik,Jawa Timur,Surabaya,-7.2309923,112.7341461,0.0
Kampung Warna Warni Jodipan,wisata tematik,Jawa Timur,Kota Malang,-7.9831221,112.6378633,0.0
Kota Tua Jakarta,wisata tematik,Jawa Timur,Daerah Khusus ibukota Jakarta,-6.1311835,106.8107492,0.0
Rainbow Garden Lembang,wisata tematik,Jawa Barat,Bandung Barat,-6.8190082,107.6176073,0.0
Sindu Kusuma Edupark Jogja,wisata tematik,Daerah Istimewa Yogyakarta,Sleman,-7.7658888,110.3557753,0.0
Taman Lalu Lintas Bandung,wisata tematik,Jawa Barat,Kota Bandung,-6.9124701,107.6138388,0.0
Taman Mini Indonesia Indah Jakarta,wisata tematik,Jawa Timur,Jakarta Timur,-6.3026341,106.8952962,0.0
Taman Safari Prigen,wisata tematik,Jawa Timur,Pasuruan,-7.752837,112.667453,0.0
Tebing Breksi Yogyakarta,wisata tematik,Daerah Istimewa Yogyakarta,Sleman,-7.7814296,110.5049834,0.0
Watu Goyang Bantul,wisata tematik,Daerah Istimewa Yogyakarta,Bantul,-7.92706,110.4120656,0.0
Tebing Breksi,wisata alam,Daerah Istimewa Yogyakarta,Sleman,-7.7814296,110.5049834,0.0
Tebing Keraton,wisata alam,Jawa Barat,Bandung Barat,-6.8348584,107.6638952,0.0
Telaga Pengilon,wisata alam,Jawa Tengah,Wonosobo,-7.215219,109.9171948,0.0
Telaga Warna,wisata alam,Jawa Tengah,Wonosobo,-7.2136576,109.915434,0.0
The Lodge Maribaya,wisata alam,Jawa Barat,Bandung Barat,-6.8292707,107.6878408,0.0
Trans Studio Mall,wisata alam,Sulawesi Selatan,Makassar,-5.1588529,119.3940742,0.0
Way Kambas National Park,wisata alam,Lampung,Lampung Timur,-4.9373689,105.7283403,0.0
Wisata Kuliner Bontang,wisata alam,Kalimantan Timur,Kalimantan,0.141693,117.5184461,0.0
Wisata Kuliner Kalimantan Tengah,wisata alam,Kalimantan Selatan,Banjarmasin,-3.3144585,114.590519,0.0
Puri Saren Agung,wisata religi,Bali,Gianyar,-8.5067232,115.262707,0.0
Setu Babakan,wisata alam,Jawa Timur,Daerah Khusus ibukota Jakarta,-6.3419991,106.8203244,0.0
Situ Bagendit,wisata alam,Jawa Barat,Kota Bandung,-6.9452606,107.6285058,0.0
Situ Ciburuy,wisata alam,Jawa Barat,Bandung Barat,-6.8298711,107.4684209,0.0
Situ Cileunca,wisata alam,Jawa Barat,Kabupaten Bandung,-7.2020039,107.5471421,0.0
Situ Cisanti,wisata alam,Jawa Barat,Kabupaten Bandung,-7.2093913,107.6574773,0.0
Situ Patenggang,wisata alam,Jawa Barat,Kabupaten Bandung,-7.1652597,107.3697821,0.0
Situ Rawa Gede,wisata alam,Jawa Barat,Bekasi,-6.2929281,106.9772878,0.0
